phage-gRNA-07840,GGATAAACCCCGCGCGGGTTTCTGGTGTCAT
phage-gRNA-07841,AACCCCGCGCGGGTTTCTGGTGTCATGACGT
phage-gRNA-07842,CGCGCGGGTTTCTGGTGTCATGACGTCATTC
phage-gRNA-07843,GGGTTTCTGGTGTCATGACGTCATTCCTTTA
phage-gRNA-07844,TCTGGTGTCATGACGTCATTCCTTTATGTGT
phage-gRNA-07845,TGTCATGACGTCATTCCTTTATGTGTTTGTG
phage-gRNA-07846,TGACGTCATTCCTTTATGTGTTTGTGATCAC
phage-gRNA-07847,TGGTAAACTCCCACACGTCACGTTTAGACAT
phage-gRNA-07848,AACTCCCACACGTCACGTTTAGACATTACTC
phage-gRNA-07849,CCACACGTCACGTTTAGACATTACTCGCCCC
phage-gRNA-07850,CGTCACGTTTAGACATTACTCGCCCCCATTC
phage-gRNA-07851,CGTTTAGACATTACTCGCCCCCATTCTGTTT
phage-gRNA-07852,AGACATTACTCGCCCCCATTCTGTTTAAAGT
phage-gRNA-07853,TTACTCGCCCCCATTCTGTTTAAAGTTTGCT
phage-gRNA-07854,GCTCGGTGATGAGCTTGACGGTAACGGTCAT
phage-gRNA-07855,GTGATGAGCTTGACGGTAACGGTCATTAGCT
phage-gRNA-07856,GAGCTTGACGGTAACGGTCATTAGCTGGCCC
phage-gRNA-07857,TGACGGTAACGGTCATTAGCTGGCCCTCCCT
phage-gRNA-07858,GTAACGGTCATTAGCTGGCCCTCCCTGGGCG
phage-gRNA-07859,GGTCATTAGCTGGCCCTCCCTGGGCGAAGTG
phage-gRNA-07860,TTAGCTGGCCCTCCCTGGGCGAAGTGGGGCA
phage-gRNA-07861,TGAAGTAGCCACCCGCAACTGTTAATTCCAT
phage-gRNA-07862,TAGCCACCCGCAACTGTTAATTCCATGTCAT
phage-gRNA-07863,ACCCGCAACTGTTAATTCCATGTCATGTACT
phage-gRNA-07864,CAACTGTTAATTCCATGTCATGTACTCCGTG
phage-gRNA-07865,GTTAATTCCATGTCATGTACTCCGTGAATAA
phage-gRNA-07866,TTCCATGTCATGTACTCCGTGAATAAGGGGC
phage-gRNA-07867,TGTCATGTACTCCGTGAATAAGGGGCCGAAG
phage-gRNA-07868,GGGTAGTGTATGAAACTTGACGTCCTGCCAT
phage-gRNA-07869,GTGTATGAAACTTGACGTCCTGCCATAGTAC
phage-gRNA-07870,TGAAACTTGACGTCCTGCCATAGTACACCTC
phage-gRNA-07871,CTTGACGTCCTGCCATAGTACACCTCCGTTA
phage-gRNA-07872,CGTCCTGCCATAGTACACCTCCGTTAATCAG
phage-gRNA-07873,TGCCATAGTACACCTCCGTTAATCAGTGCAT
phage-gRNA-07874,TAGTACACCTCCGTTAATCAGTGCATGATAA
phage-gRNA-07875,TGTAAATCACTGCATGGTTAACTGTTGTCAT
phage-gRNA-07876,ATCACTGCATGGTTAACTGTTGTCATTCTCA
phage-gRNA-07877,TGCATGGTTAACTGTTGTCATTCTCAATGTC
phage-gRNA-07878,GGTTAACTGTTGTCATTCTCAATGTCCTTAG
phage-gRNA-07879,ACTGTTGTCATTCTCAATGTCCTTAGTCCAA
phage-gRNA-07880,TGTCATTCTCAATGTCCTTAGTCCAACGATA
phage-gRNA-07881,TTCTCAATGTCCTTAGTCCAACGATAGTCGT
phage-gRNA-07882,ACTCACTAATCCCCTTTTGTGCGTTCGGCAT
phage-gRNA-07883,CTAATCCCCTTTTGTGCGTTCGGCATCTCTT
phage-gRNA-07884,CCCCTTTTGTGCGTTCGGCATCTCTTAATCC
phage-gRNA-07885,TTTGTGCGTTCGGCATCTCTTAATCCTCAGT
phage-gRNA-07886,GCGTTCGGCATCTCTTAATCCTCAGTTTAAA
phage-gRNA-07887,CGGCATCTCTTAATCCTCAGTTTAAACCAAT
phage-gRNA-07888,TCTCTTAATCCTCAGTTTAAACCAATGATGT
phage-gRNA-07889,TCGTAGGTGATTTACTTGACGTTTGACTCAT
phage-gRNA-07890,GGTGATTTACTTGACGTTTGACTCATTGATA
phage-gRNA-07891,TTTACTTGACGTTTGACTCATTGATAACTTC
phage-gRNA-07892,TTGACGTTTGACTCATTGATAACTTCCTGCT
phage-gRNA-07893,GTTTGACTCATTGATAACTTCCTGCTGAGTA
phage-gRNA-07894,ACTCATTGATAACTTCCTGCTGAGTAGGCGT
phage-gRNA-07895,TTGATAACTTCCTGCTGAGTAGGCGTTACCT
phage-gRNA-07896,TACGGGTCATGGCGTCCTGTTGGATAGTCAT
phage-gRNA-07897,GTCATGGCGTCCTGTTGGATAGTCATGCTGT
phage-gRNA-07898,GGCGTCCTGTTGGATAGTCATGCTGTTTCTC
phage-gRNA-07899,CCTGTTGGATAGTCATGCTGTTTCTCCGTCT
phage-gRNA-07900,TGGATAGTCATGCTGTTTCTCCGTCTTCATC
phage-gRNA-07901,AGTCATGCTGTTTCTCCGTCTTCATCTAACT
phage-gRNA-07902,TGCTGTTTCTCCGTCTTCATCTAACTGCTGT
phage-gRNA-07903,GACGCTCAACGCCCCACAATTGACCTGCCAT
phage-gRNA-07904,TCAACGCCCCACAATTGACCTGCCATAGTGT
phage-gRNA-07905,GCCCCACAATTGACCTGCCATAGTGTTACTC
phage-gRNA-07906,ACAATTGACCTGCCATAGTGTTACTCTCCTT
phage-gRNA-07907,TGACCTGCCATAGTGTTACTCTCCTTTCAAC
phage-gRNA-07908,TGCCATAGTGTTACTCTCCTTTCAACGATTA
phage-gRNA-07909,TAGTGTTACTCTCCTTTCAACGATTAACGTT
phage-gRNA-07910,TCGGCATACCGTACGCTTTGTTCTGAGCCAT
phage-gRNA-07911,ATACCGTACGCTTTGTTCTGAGCCATGTTAC
phage-gRNA-07912,GTACGCTTTGTTCTGAGCCATGTTACTTCTC
phage-gRNA-07913,CTTTGTTCTGAGCCATGTTACTTCTCCTTCA
phage-gRNA-07914,TTCTGAGCCATGTTACTTCTCCTTCAATTTG
phage-gRNA-07915,AGCCATGTTACTTCTCCTTCAATTTGGGGGC
phage-gRNA-07916,TGTTACTTCTCCTTCAATTTGGGGGCCGAAG
phage-gRNA-07917,TTGCCAGCAAAGATTTATCGTAAGAGTACAT
phage-gRNA-07918,AGCAAAGATTTATCGTAAGAGTACATTTAGC
phage-gRNA-07919,AGATTTATCGTAAGAGTACATTTAGCGAGCC
phage-gRNA-07920,TATCGTAAGAGTACATTTAGCGAGCCTCCAT
phage-gRNA-07921,TAAGAGTACATTTAGCGAGCCTCCATTACTG
phage-gRNA-07922,GTACATTTAGCGAGCCTCCATTACTGTACGA
phage-gRNA-07923,TTTAGCGAGCCTCCATTACTGTACGAGTTTG
phage-gRNA-07924,TTGAATCGTCCTGATTGTATGATGGTTTCAT
phage-gRNA-07925,TCGTCCTGATTGTATGATGGTTTCATAATCA
phage-gRNA-07926,CTGATTGTATGATGGTTTCATAATCACTTCC
phage-gRNA-07927,TGTATGATGGTTTCATAATCACTTCCTCCAG
phage-gRNA-07928,GATGGTTTCATAATCACTTCCTCCAGATAGG
phage-gRNA-07929,TTTCATAATCACTTCCTCCAGATAGGTCTTC
phage-gRNA-07930,TAATCACTTCCTCCAGATAGGTCTTCCAATG
phage-gRNA-07931,ACGGTTTGGTTTTATCGAGTTTAATAGCCAC
phage-gRNA-07932,TTGGTTTTATCGAGTTTAATAGCCACGTTTC
phage-gRNA-07933,TTTATCGAGTTTAATAGCCACGTTTCTTTTC
phage-gRNA-07934,CGAGTTTAATAGCCACGTTTCTTTTCTCCAT
phage-gRNA-07935,TTAATAGCCACGTTTCTTTTCTCCATAGCCT
phage-gRNA-07936,AGCCACGTTTCTTTTCTCCATAGCCTTTGTA
phage-gRNA-07937,CGTTTCTTTTCTCCATAGCCTTTGTACACAG
phage-gRNA-07938,GTTGAGACATTCCTAACAGGGTATTCGACAT
phage-gRNA-07939,GACATTCCTAACAGGGTATTCGACATATCTT
phage-gRNA-07940,TCCTAACAGGGTATTCGACATATCTTACTCC
phage-gRNA-07941,ACAGGGTATTCGACATATCTTACTCCTTAGT
phage-gRNA-07942,GTATTCGACATATCTTACTCCTTAGTTGGCA
phage-gRNA-07943,CGACATATCTTACTCCTTAGTTGGCAGGCCC
phage-gRNA-07944,TATCTTACTCCTTAGTTGGCAGGCCCGGAGG
phage-gRNA-07945,CTTGCAATGCAAAGCGATCATAATTAGCCAT
phage-gRNA-07946,AATGCAAAGCGATCATAATTAGCCATGATTT
phage-gRNA-07947,AAAGCGATCATAATTAGCCATGATTTAGCTC
phage-gRNA-07948,GATCATAATTAGCCATGATTTAGCTCGCTGA
phage-gRNA-07949,TAATTAGCCATGATTTAGCTCGCTGAAATAG
phage-gRNA-07950,AGCCATGATTTAGCTCGCTGAAATAGAGAAG
phage-gRNA-07951,TGATTTAGCTCGCTGAAATAGAGAAGAAGTT
phage-gRNA-07952,GGTCCATGTAGTTGAAATAAGTGTTAGCCAT
phage-gRNA-07953,ATGTAGTTGAAATAAGTGTTAGCCATTATCG
phage-gRNA-07954,GTTGAAATAAGTGTTAGCCATTATCGTACCT
phage-gRNA-07955,AATAAGTGTTAGCCATTATCGTACCTTTCTA
phage-gRNA-07956,GTGTTAGCCATTATCGTACCTTTCTACGTGG
phage-gRNA-07957,AGCCATTATCGTACCTTTCTACGTGGTGACC
phage-gRNA-07958,TTATCGTACCTTTCTACGTGGTGACCATTCG
phage-gRNA-07959,GATTGATAAAGTTGTAATATTGGTTACTCAT
phage-gRNA-07960,ATAAAGTTGTAATATTGGTTACTCATGCGGT
phage-gRNA-07961,GTTGTAATATTGGTTACTCATGCGGTACGTC
phage-gRNA-07962,AATATTGGTTACTCATGCGGTACGTCTCCAG
phage-gRNA-07963,TGGTTACTCATGCGGTACGTCTCCAGCCGAC
phage-gRNA-07964,ACTCATGCGGTACGTCTCCAGCCGACAAGGA
phage-gRNA-07965,TGCGGTACGTCTCCAGCCGACAAGGATAGTA
phage-gRNA-07966,CCGACTGTGCCGGGTTAGTTAATCCTGACAT
phage-gRNA-07967,TGTGCCGGGTTAGTTAATCCTGACATTATGC
phage-gRNA-07968,CGGGTTAGTTAATCCTGACATTATGCGCTCC
phage-gRNA-07969,TAGTTAATCCTGACATTATGCGCTCCTGTAC
phage-gRNA-07970,AATCCTGACATTATGCGCTCCTGTACCATGC
phage-gRNA-07971,TGACATTATGCGCTCCTGTACCATGCAACTA
phage-gRNA-07972,TTATGCGCTCCTGTACCATGCAACTAAGATT
phage-gRNA-07973,CCGTATCGAGAAAACTACCGAAGAAACTCAT
phage-gRNA-07974,TCGAGAAAACTACCGAAGAAACTCATAGCCG
phage-gRNA-07975,AAAACTACCGAAGAAACTCATAGCCGCCCCT
phage-gRNA-07976,TACCGAAGAAACTCATAGCCGCCCCTTATTT
phage-gRNA-07977,AAGAAACTCATAGCCGCCCCTTATTTCAGTT
phage-gRNA-07978,ACTCATAGCCGCCCCTTATTTCAGTTTGTCG
phage-gRNA-07979,TAGCCGCCCCTTATTTCAGTTTGTCGGACCA
phage-gRNA-07980,TACCTGCGGTACCGCCTTGTGCCTGTGCCAT
phage-gRNA-07981,GCGGTACCGCCTTGTGCCTGTGCCATTATTT
phage-gRNA-07982,ACCGCCTTGTGCCTGTGCCATTATTTAACTC
phage-gRNA-07983,CTTGTGCCTGTGCCATTATTTAACTCCTTGC
phage-gRNA-07984,GCCTGTGCCATTATTTAACTCCTTGCTTCAT
phage-gRNA-07985,TGCCATTATTTAACTCCTTGCTTCATTGCGT
phage-gRNA-07986,TTATTTAACTCCTTGCTTCATTGCGTCGGCC
phage-gRNA-07987,GCTGATCGATATATTCCTGACTAACGCCCAT
phage-gRNA-07988,TCGATATATTCCTGACTAACGCCCATTAGAT
phage-gRNA-07989,ATATTCCTGACTAACGCCCATTAGATGATGC
phage-gRNA-07990,CCTGACTAACGCCCATTAGATGATGCTCCCT
phage-gRNA-07991,CTAACGCCCATTAGATGATGCTCCCTAAGTT
phage-gRNA-07992,GCCCATTAGATGATGCTCCCTAAGTTGAGGT
phage-gRNA-07993,TTAGATGATGCTCCCTAAGTTGAGGTTGTCC
phage-gRNA-07994,CGCCCATACTCATTGCATCCATCATTGACAT
phage-gRNA-07995,ATACTCATTGCATCCATCATTGACATAATTC
phage-gRNA-07996,CATTGCATCCATCATTGACATAATTCGCCCC
phage-gRNA-07997,CATCCATCATTGACATAATTCGCCCCTTAAT
phage-gRNA-07998,ATCATTGACATAATTCGCCCCTTAATTTATT
phage-gRNA-07999,TGACATAATTCGCCCCTTAATTTATTGACCG
phage-gRNA-08000,TAATTCGCCCCTTAATTTATTGACCGATAGA
phage-gRNA-08001,ACATTGCCGCCAGTGCTTCACCGATACTCAT
phage-gRNA-08002,GCCGCCAGTGCTTCACCGATACTCATTACGC
phage-gRNA-08003,CAGTGCTTCACCGATACTCATTACGCGCCTC
phage-gRNA-08004,CTTCACCGATACTCATTACGCGCCTCCCATT
phage-gRNA-08005,CCGATACTCATTACGCGCCTCCCATTGCAGC
phage-gRNA-08006,ACTCATTACGCGCCTCCCATTGCAGCGGCCA
phage-gRNA-08007,TTACGCGCCTCCCATTGCAGCGGCCATGCCC
phage-gRNA-08008,CCAGTCCAGAAAGGTCGATGTTACTAGCCAT
phage-gRNA-08009,CCAGAAAGGTCGATGTTACTAGCCATTAGAA
phage-gRNA-08010,AAGGTCGATGTTACTAGCCATTAGAAATGCT
phage-gRNA-08011,CGATGTTACTAGCCATTAGAAATGCTCCCCC
phage-gRNA-08012,TTACTAGCCATTAGAAATGCTCCCCCTTGTT
phage-gRNA-08013,AGCCATTAGAAATGCTCCCCCTTGTTGATAG
phage-gRNA-08014,TTAGAAATGCTCCCCCTTGTTGATAGGGGAA
phage-gRNA-08015,GCTTGTTCATGTTGTAATATCCCATGTCCAT
phage-gRNA-08016,TTCATGTTGTAATATCCCATGTCCATATGAA
phage-gRNA-08017,GTTGTAATATCCCATGTCCATATGAAATGCT
phage-gRNA-08018,AATATCCCATGTCCATATGAAATGCTCCATG
phage-gRNA-08019,CCCATGTCCATATGAAATGCTCCATGCCCTT
phage-gRNA-08020,GTCCATATGAAATGCTCCATGCCCTTAGAAC
phage-gRNA-08021,TATGAAATGCTCCATGCCCTTAGAACTCCCA
phage-gRNA-08022,CGTCCACCGGGATTGAACTAAGTTCGAACAT
phage-gRNA-08023,ACCGGGATTGAACTAAGTTCGAACATGTGCC
phage-gRNA-08024,GATTGAACTAAGTTCGAACATGTGCCAACTC
phage-gRNA-08025,AACTAAGTTCGAACATGTGCCAACTCCCATA
phage-gRNA-08026,AGTTCGAACATGTGCCAACTCCCATAAAGTG
phage-gRNA-08027,GAACATGTGCCAACTCCCATAAAGTGACGCC
phage-gRNA-08028,TGTGCCAACTCCCATAAAGTGACGCCAGCGG
phage-gRNA-08029,CACGTCTGGTAATACGGAGTCCCTTAGCCAT
phage-gRNA-08030,CTGGTAATACGGAGTCCCTTAGCCATTCTTC
phage-gRNA-08031,AATACGGAGTCCCTTAGCCATTCTTCTCCGC
phage-gRNA-08032,GGAGTCCCTTAGCCATTCTTCTCCGCCTTAG
phage-gRNA-08033,CCCTTAGCCATTCTTCTCCGCCTTAGCTTTC
phage-gRNA-08034,AGCCATTCTTCTCCGCCTTAGCTTTCTTAGC
phage-gRNA-08035,TTCTTCTCCGCCTTAGCTTTCTTAGCTTTGA
phage-gRNA-08036,CAGCGTCATGCAGCGCTTTGGATTTGTCCAT
phage-gRNA-08037,TCATGCAGCGCTTTGGATTTGTCCATCTGTG
phage-gRNA-08038,CAGCGCTTTGGATTTGTCCATCTGTGAAGCT
phage-gRNA-08039,CTTTGGATTTGTCCATCTGTGAAGCTCCTTA
phage-gRNA-08040,GATTTGTCCATCTGTGAAGCTCCTTATATTG
phage-gRNA-08041,GTCCATCTGTGAAGCTCCTTATATTGGCGTC
phage-gRNA-08042,TCTGTGAAGCTCCTTATATTGGCGTCCTTGC
phage-gRNA-08043,TCTCTTCAATGATTTCGCGTACTGTACTCAT
phage-gRNA-08044,TCAATGATTTCGCGTACTGTACTCATAGCTT
phage-gRNA-08045,GATTTCGCGTACTGTACTCATAGCTTCGCTC
phage-gRNA-08046,CGCGTACTGTACTCATAGCTTCGCTCCTTTC
phage-gRNA-08047,ACTGTACTCATAGCTTCGCTCCTTTCTCAGT
phage-gRNA-08048,ACTCATAGCTTCGCTCCTTTCTCAGTTACGT
phage-gRNA-08049,TAGCTTCGCTCCTTTCTCAGTTACGTATGGC
phage-gRNA-08050,TGAACGCGGTGACTTTAAATTTTGCCGTCAT
phage-gRNA-08051,GCGGTGACTTTAAATTTTGCCGTCATGTTCT
phage-gRNA-08052,GACTTTAAATTTTGCCGTCATGTTCTTCCCA
phage-gRNA-08053,TAAATTTTGCCGTCATGTTCTTCCCACCAGA
phage-gRNA-08054,TTTGCCGTCATGTTCTTCCCACCAGATTAAT
phage-gRNA-08055,CGTCATGTTCTTCCCACCAGATTAATTTTTC
phage-gRNA-08056,TGTTCTTCCCACCAGATTAATTTTTCCAGGC
phage-gRNA-08057,CACACCAACTTGTTAAAGTTTGATTAGCCAT
phage-gRNA-08058,CAACTTGTTAAAGTTTGATTAGCCATCAGAA
phage-gRNA-08059,TGTTAAAGTTTGATTAGCCATCAGAATTTCT
phage-gRNA-08060,AAGTTTGATTAGCCATCAGAATTTCTTCCCA
phage-gRNA-08061,TGATTAGCCATCAGAATTTCTTCCCATGTGC
phage-gRNA-08062,AGCCATCAGAATTTCTTCCCATGTGCTTCAG
phage-gRNA-08063,TCAGAATTTCTTCCCATGTGCTTCAGCGCGA
phage-gRNA-08064,TCATATTGCTGATCAGTTTTTCTTCATTCAT
phage-gRNA-08065,TTGCTGATCAGTTTTTCTTCATTCATCTTTT
phage-gRNA-08066,GATCAGTTTTTCTTCATTCATCTTTTTCATT
phage-gRNA-08067,GTTTTTCTTCATTCATCTTTTTCATTCCCCT
phage-gRNA-08068,TCTTCATTCATCTTTTTCATTCCCCTTTTTA
phage-gRNA-08069,ATTCATCTTTTTCATTCCCCTTTTTACGACC
phage-gRNA-08070,TCTTTTTCATTCCCCTTTTTACGACCAACTT
phage-gRNA-08071,TCCGTAAATCGTTAAGCCATAAGATAGCCAT
phage-gRNA-08072,AAATCGTTAAGCCATAAGATAGCCATTTGTA
phage-gRNA-08073,GTTAAGCCATAAGATAGCCATTTGTATTTTC
phage-gRNA-08074,GCCATAAGATAGCCATTTGTATTTTCCTAAC
phage-gRNA-08075,AAGATAGCCATTTGTATTTTCCTAACTGGTT
phage-gRNA-08076,AGCCATTTGTATTTTCCTAACTGGTTTACTT
phage-gRNA-08077,TTTGTATTTTCCTAACTGGTTTACTTGACGG
phage-gRNA-08078,CTATGTCGTAGGTGTAATCGCGAGCATCCAT
phage-gRNA-08079,TCGTAGGTGTAATCGCGAGCATCCATTTTAA
phage-gRNA-08080,GGTGTAATCGCGAGCATCCATTTTAAGTCCT
phage-gRNA-08081,AATCGCGAGCATCCATTTTAAGTCCTTACAG
phage-gRNA-08082,CGAGCATCCATTTTAAGTCCTTACAGTTTCG
phage-gRNA-08083,ATCCATTTTAAGTCCTTACAGTTTCGGCAAT
phage-gRNA-08084,TTTTAAGTCCTTACAGTTTCGGCAATGGTGG
phage-gRNA-08085,CGATTCGTTGTGCCATGATTTCGGATTCCAT
phage-gRNA-08086,CGTTGTGCCATGATTTCGGATTCCATAAAAC
phage-gRNA-08087,TGCCATGATTTCGGATTCCATAAAACGCCAT
phage-gRNA-08088,TGATTTCGGATTCCATAAAACGCCATCCGTG
phage-gRNA-08089,TCGGATTCCATAAAACGCCATCCGTGGCGTG
phage-gRNA-08090,TTCCATAAAACGCCATCCGTGGCGTGGGGAT
phage-gRNA-08091,TAAAACGCCATCCGTGGCGTGGGGATTGTTA
phage-gRNA-08092,AAGCAGCTTTCAATTCTTTCTCGTTGTACAT
phage-gRNA-08093,GCTTTCAATTCTTTCTCGTTGTACATGGTGT
phage-gRNA-08094,CAATTCTTTCTCGTTGTACATGGTGTTTTCC
phage-gRNA-08095,CTTTCTCGTTGTACATGGTGTTTTCCTCTTC
phage-gRNA-08096,TCGTTGTACATGGTGTTTTCCTCTTCAGTGT
phage-gRNA-08097,GTACATGGTGTTTTCCTCTTCAGTGTTGGCC
phage-gRNA-08098,TGGTGTTTTCCTCTTCAGTGTTGGCCCCTTG
phage-gRNA-08099,GGAATTGATCAGCAGAGTTTTGAATAGCCAT
phage-gRNA-08100,TGATCAGCAGAGTTTTGAATAGCCATTAATT
phage-gRNA-08101,AGCAGAGTTTTGAATAGCCATTAATTACTTC
phage-gRNA-08102,AGTTTTGAATAGCCATTAATTACTTCTCCAG
phage-gRNA-08103,TGAATAGCCATTAATTACTTCTCCAGTTTTG
phage-gRNA-08104,AGCCATTAATTACTTCTCCAGTTTTGTAATA
phage-gRNA-08105,TTAATTACTTCTCCAGTTTTGTAATAGGTTG
phage-gRNA-08106,CACTCGATGGTCCGGTTATAAAGTGTTCCAT
phage-gRNA-08107,GATGGTCCGGTTATAAAGTGTTCCATCGAGT
phage-gRNA-08108,TCCGGTTATAAAGTGTTCCATCGAGTGGTCC
phage-gRNA-08109,TTATAAAGTGTTCCATCGAGTGGTCCCCTTA
phage-gRNA-08110,AAGTGTTCCATCGAGTGGTCCCCTTAGATAA
phage-gRNA-08111,TTCCATCGAGTGGTCCCCTTAGATAACTGAC
phage-gRNA-08112,TCGAGTGGTCCCCTTAGATAACTGACTGGCT
phage-gRNA-08113,GGTTGTATTTTTGTTCGATAGTAAAAGCCAT
phage-gRNA-08114,TATTTTTGTTCGATAGTAAAAGCCATGTTGT
phage-gRNA-08115,TTGTTCGATAGTAAAAGCCATGTTGTATTAC
phage-gRNA-08116,CGATAGTAAAAGCCATGTTGTATTACTCCAG
phage-gRNA-08117,GTAAAAGCCATGTTGTATTACTCCAGGTTGA
phage-gRNA-08118,AGCCATGTTGTATTACTCCAGGTTGATTAAA
phage-gRNA-08119,TGTTGTATTACTCCAGGTTGATTAAAGTTTT
phage-gRNA-08120,CCTGATAGGGGCGTGCGGTACGTTTTGCCAT
phage-gRNA-08121,TAGGGGCGTGCGGTACGTTTTGCCATCTCGA
phage-gRNA-08122,GCGTGCGGTACGTTTTGCCATCTCGATGTTC
phage-gRNA-08123,CGGTACGTTTTGCCATCTCGATGTTCTCTTA
phage-gRNA-08124,CGTTTTGCCATCTCGATGTTCTCTTATATGT
phage-gRNA-08125,TGCCATCTCGATGTTCTCTTATATGTGTGTT
phage-gRNA-08126,TCTCGATGTTCTCTTATATGTGTGTTGACGA
phage-gRNA-08127,GGTCGAATAGCTTTTTCTCTGCTTGTGACAT
phage-gRNA-08128,AATAGCTTTTTCTCTGCTTGTGACATGGTAA
phage-gRNA-08129,CTTTTTCTCTGCTTGTGACATGGTAATTCCT
phage-gRNA-08130,TCTCTGCTTGTGACATGGTAATTCCTCCAGT
phage-gRNA-08131,GCTTGTGACATGGTAATTCCTCCAGTGAGAA
phage-gRNA-08132,TGACATGGTAATTCCTCCAGTGAGAAACCGA
phage-gRNA-08133,TGGTAATTCCTCCAGTGAGAAACCGAGCATA
phage-gRNA-08134,TGTTCGGGTGTAACTCTTTATTACTTGCCAT
phage-gRNA-08135,GGGTGTAACTCTTTATTACTTGCCATTTTTA
phage-gRNA-08136,TAACTCTTTATTACTTGCCATTTTTAAATTC
phage-gRNA-08137,CTTTATTACTTGCCATTTTTAAATTCCTGAA
phage-gRNA-08138,TTACTTGCCATTTTTAAATTCCTGAATGTAG
phage-gRNA-08139,TGCCATTTTTAAATTCCTGAATGTAGTAGTC
phage-gRNA-08140,TTTTTAAATTCCTGAATGTAGTAGTCGATGT
phage-gRNA-08141,ACAACTGCGCCTGTTCAGGCTTATAGGTCAT
phage-gRNA-08142,TGCGCCTGTTCAGGCTTATAGGTCATGAGAT
phage-gRNA-08143,CTGTTCAGGCTTATAGGTCATGAGATAACCT
phage-gRNA-08144,CAGGCTTATAGGTCATGAGATAACCTTATTT
phage-gRNA-08145,TTATAGGTCATGAGATAACCTTATTTATTAG
phage-gRNA-08146,GGTCATGAGATAACCTTATTTATTAGAGTTC
phage-gRNA-08147,TGAGATAACCTTATTTATTAGAGTTCAGTAC
phage-gRNA-08148,TTGGTGTCTTGCTTGCGTAGAAAGGTTTCAT
phage-gRNA-08149,GTCTTGCTTGCGTAGAAAGGTTTCATTCGTA
phage-gRNA-08150,GCTTGCGTAGAAAGGTTTCATTCGTAAATCA
phage-gRNA-08151,CGTAGAAAGGTTTCATTCGTAAATCACTCCG
phage-gRNA-08152,AAAGGTTTCATTCGTAAATCACTCCGTTGTC
phage-gRNA-08153,TTTCATTCGTAAATCACTCCGTTGTCTGGTT
phage-gRNA-08154,TTCGTAAATCACTCCGTTGTCTGGTTCATCG
phage-gRNA-08155,CAATCCATTCCTTCAGTGGTGTGATTTTCAT
phage-gRNA-08156,CATTCCTTCAGTGGTGTGATTTTCATACATC
phage-gRNA-08157,CTTCAGTGGTGTGATTTTCATACATCCTCCT
phage-gRNA-08158,GTGGTGTGATTTTCATACATCCTCCTTTGTC
phage-gRNA-08159,GTGATTTTCATACATCCTCCTTTGTCAAGTA
phage-gRNA-08160,TTTCATACATCCTCCTTTGTCAAGTAATCCA
phage-gRNA-08161,TACATCCTCCTTTGTCAAGTAATCCATTCTA
phage-gRNA-08162,CTATCAACATTAAACCCGCAGCATAAAACAT
phage-gRNA-08163,AACATTAAACCCGCAGCATAAAACATAATTA
phage-gRNA-08164,TAAACCCGCAGCATAAAACATAATTACCTCT
phage-gRNA-08165,CCGCAGCATAAAACATAATTACCTCTCAGTG
phage-gRNA-08166,GCATAAAACATAATTACCTCTCAGTGAAATG
phage-gRNA-08167,AAACATAATTACCTCTCAGTGAAATGTCAGT
phage-gRNA-08168,TAATTACCTCTCAGTGAAATGTCAGTTTGAG
phage-gRNA-08169,AAAGGTCGATATGTTTAGGTTCATTTGACAT
phage-gRNA-08170,TCGATATGTTTAGGTTCATTTGACATGGCGG
phage-gRNA-08171,ATGTTTAGGTTCATTTGACATGGCGGCTGGC
phage-gRNA-08172,TAGGTTCATTTGACATGGCGGCTGGCCTCCT
phage-gRNA-08173,TCATTTGACATGGCGGCTGGCCTCCTGTGCG
phage-gRNA-08174,TGACATGGCGGCTGGCCTCCTGTGCGTCAAT
phage-gRNA-08175,TGGCGGCTGGCCTCCTGTGCGTCAATGATTG
phage-gRNA-08176,CTCGCGGCCCGTCGATTAAAAGGATGGTCAT
phage-gRNA-08177,GGCCCGTCGATTAAAAGGATGGTCATATAAA
phage-gRNA-08178,GTCGATTAAAAGGATGGTCATATAAAGCTCG
phage-gRNA-08179,TTAAAAGGATGGTCATATAAAGCTCGCCTTA
phage-gRNA-08180,AGGATGGTCATATAAAGCTCGCCTTAATTAG
phage-gRNA-08181,GGTCATATAAAGCTCGCCTTAATTAGCGCGG
phage-gRNA-08182,TATAAAGCTCGCCTTAATTAGCGCGGCCTCC
phage-gRNA-08183,CTTCGCCCGGTGTGAATACCTTAATTGCCAC
phage-gRNA-08184,CCCGGTGTGAATACCTTAATTGCCACGGTAG
phage-gRNA-08185,TGTGAATACCTTAATTGCCACGGTAGTAAGC
phage-gRNA-08186,ATACCTTAATTGCCACGGTAGTAAGCCTCCA
phage-gRNA-08187,TTAATTGCCACGGTAGTAAGCCTCCACTGCG
phage-gRNA-08188,TGCCACGGTAGTAAGCCTCCACTGCGCTGGT
phage-gRNA-08189,CGGTAGTAAGCCTCCACTGCGCTGGTTATCA
phage-gRNA-08190,CTTCATTAAAAGTAAGGGTGATAGTTTTCAT
phage-gRNA-08191,TTAAAAGTAAGGGTGATAGTTTTCATTTAAC
phage-gRNA-08192,AGTAAGGGTGATAGTTTTCATTTAACGCGCT
phage-gRNA-08193,GGGTGATAGTTTTCATTTAACGCGCTCCACT
phage-gRNA-08194,ATAGTTTTCATTTAACGCGCTCCACTTCGTA
phage-gRNA-08195,TTTCATTTAACGCGCTCCACTTCGTAGGCAA
phage-gRNA-08196,TTTAACGCGCTCCACTTCGTAGGCAAATGCT
phage-gRNA-08197,CACGCAGGATATTGATTTGGAATCTGAACAT
phage-gRNA-08198,AGGATATTGATTTGGAATCTGAACATGACTA
phage-gRNA-08199,ATTGATTTGGAATCTGAACATGACTATTTAC
phage-gRNA-08200,TTTGGAATCTGAACATGACTATTTACCCCAT
phage-gRNA-08201,AATCTGAACATGACTATTTACCCCATTGCTC
phage-gRNA-08202,GAACATGACTATTTACCCCATTGCTCGTTAG
phage-gRNA-08203,TGACTATTTACCCCATTGCTCGTTAGCGATA
phage-gRNA-08204,CAACTTCAGCGGTGTTGCGTTTCTTACTCAT
phage-gRNA-08205,TCAGCGGTGTTGCGTTTCTTACTCATAGAGC
phage-gRNA-08206,GGTGTTGCGTTTCTTACTCATAGAGCACCTC
phage-gRNA-08207,TGCGTTTCTTACTCATAGAGCACCTCGTTTG
phage-gRNA-08208,TTCTTACTCATAGAGCACCTCGTTTGAGAGG
phage-gRNA-08209,ACTCATAGAGCACCTCGTTTGAGAGGGGCGC
phage-gRNA-08210,TAGAGCACCTCGTTTGAGAGGGGCGCGGAAT
phage-gRNA-08211,ACACTGCCAAAAGACCAAAGTATTTACCCAT
phage-gRNA-08212,GCCAAAAGACCAAAGTATTTACCCATTTTTA
phage-gRNA-08213,AAGACCAAAGTATTTACCCATTTTTACGACT
phage-gRNA-08214,CAAAGTATTTACCCATTTTTACGACTCCCCC
phage-gRNA-08215,TATTTACCCATTTTTACGACTCCCCCGTGGC
phage-gRNA-08216,ACCCATTTTTACGACTCCCCCGTGGCCGCGT
phage-gRNA-08217,TTTTTACGACTCCCCCGTGGCCGCGTAACGT
phage-gRNA-08218,CCTCGTCCAGTGTGTCACAGGTGATTGCCAT
phage-gRNA-08219,TCCAGTGTGTCACAGGTGATTGCCATTAGCG
phage-gRNA-08220,TGTGTCACAGGTGATTGCCATTAGCGACGAG
phage-gRNA-08221,CACAGGTGATTGCCATTAGCGACGAGCCTTA
phage-gRNA-08222,GTGATTGCCATTAGCGACGAGCCTTACCACG
phage-gRNA-08223,TGCCATTAGCGACGAGCCTTACCACGGCTAC
phage-gRNA-08224,TTAGCGACGAGCCTTACCACGGCTACGGCCA
phage-gRNA-08225,CGTTACCGAACAGCATTTTAAATAAGCTCAT
phage-gRNA-08226,CCGAACAGCATTTTAAATAAGCTCATTTTGA
phage-gRNA-08227,CAGCATTTTAAATAAGCTCATTTTGATTTTC
phage-gRNA-08228,TTTTAAATAAGCTCATTTTGATTTTCCTATT
phage-gRNA-08229,AATAAGCTCATTTTGATTTTCCTATTGTCGC
phage-gRNA-08230,GCTCATTTTGATTTTCCTATTGTCGCGTTTG
phage-gRNA-08231,TTTTGATTTTCCTATTGTCGCGTTTGTAGAA
phage-gRNA-08232,CAACGTCTGCCATTACGTGAATATTACTCAC
phage-gRNA-08233,TCTGCCATTACGTGAATATTACTCACGGTTT
phage-gRNA-08234,CATTACGTGAATATTACTCACGGTTTAATCT
phage-gRNA-08235,CGTGAATATTACTCACGGTTTAATCTCCTTC
phage-gRNA-08236,ATATTACTCACGGTTTAATCTCCTTCAGTGA
phage-gRNA-08237,ACTCACGGTTTAATCTCCTTCAGTGAGTCGC
phage-gRNA-08238,CGGTTTAATCTCCTTCAGTGAGTCGCGCCAT
phage-gRNA-08239,CATCGTGACCGTAATAATTTACTGTTTTCAT
phage-gRNA-08240,TGACCGTAATAATTTACTGTTTTCATTTATT
phage-gRNA-08241,GTAATAATTTACTGTTTTCATTTATTACTCT
phage-gRNA-08242,AATTTACTGTTTTCATTTATTACTCTCCCCA
phage-gRNA-08243,ACTGTTTTCATTTATTACTCTCCCCATCCAG
phage-gRNA-08244,TTTCATTTATTACTCTCCCCATCCAGTACAG
phage-gRNA-08245,TTTATTACTCTCCCCATCCAGTACAGCAGCA
phage-gRNA-08246,GGGTACCGTCTAAATCACAGATGTAGATCAT
phage-gRNA-08247,CCGTCTAAATCACAGATGTAGATCATTTCAA
phage-gRNA-08248,TAAATCACAGATGTAGATCATTTCAATATCA
phage-gRNA-08249,CACAGATGTAGATCATTTCAATATCATCTCC
phage-gRNA-08250,ATGTAGATCATTTCAATATCATCTCCAGGAC
phage-gRNA-08251,GATCATTTCAATATCATCTCCAGGACTTTGT
phage-gRNA-08252,TTTCAATATCATCTCCAGGACTTTGTAGAAA
phage-gRNA-08253,GTGACGGTGAAGGCTCCCTGATATACACCAC
phage-gRNA-08254,GGTGAAGGCTCCCTGATATACACCACACATG
phage-gRNA-08255,AGGCTCCCTGATATACACCACACATGGCCCT
phage-gRNA-08256,CCCTGATATACACCACACATGGCCCTATGTG
phage-gRNA-08257,ATATACACCACACATGGCCCTATGTGCTCAA
phage-gRNA-08258,CACCACACATGGCCCTATGTGCTCAACGGTA
phage-gRNA-08259,CACATGGCCCTATGTGCTCAACGGTAGCGAA
phage-gRNA-08260,GCTCGACCGTCAGCACATAGCCGCGCATCAT
phage-gRNA-08261,ACCGTCAGCACATAGCCGCGCATCATGACTT
phage-gRNA-08262,CAGCACATAGCCGCGCATCATGACTTGCTTA
phage-gRNA-08263,CATAGCCGCGCATCATGACTTGCTTAACTCC
phage-gRNA-08264,CCGCGCATCATGACTTGCTTAACTCCAGACC
phage-gRNA-08265,CATCATGACTTGCTTAACTCCAGACCGTCCA
phage-gRNA-08266,TGACTTGCTTAACTCCAGACCGTCCAGAGTG
phage-gRNA-08267,ATGCAGCCACAATCATAATAATGTATTTCAT
phage-gRNA-08268,GCCACAATCATAATAATGTATTTCATTTTAA
phage-gRNA-08269,AATCATAATAATGTATTTCATTTTAAAGTCC
phage-gRNA-08270,TAATAATGTATTTCATTTTAAAGTCCTCAAT
phage-gRNA-08271,ATGTATTTCATTTTAAAGTCCTCAATGATAG
phage-gRNA-08272,TTTCATTTTAAAGTCCTCAATGATAGGAAAA
phage-gRNA-08273,TTTTAAAGTCCTCAATGATAGGAAAAGTTTT
phage-gRNA-08274,GTGCGATACTCAGTGCTTCGTTTACGTTCAC
phage-gRNA-08275,ATACTCAGTGCTTCGTTTACGTTCACTCGAT
phage-gRNA-08276,CAGTGCTTCGTTTACGTTCACTCGATTAACC
phage-gRNA-08277,CTTCGTTTACGTTCACTCGATTAACCCTCTG
phage-gRNA-08278,TTTACGTTCACTCGATTAACCCTCTGTGTTG
phage-gRNA-08279,GTTCACTCGATTAACCCTCTGTGTTGTTGGT
phage-gRNA-08280,CTCGATTAACCCTCTGTGTTGTTGGTGAACT
phage-gRNA-08281,ACCCCACACAGCGCGTTAAGCGTGGACACAT
phage-gRNA-08282,ACACAGCGCGTTAAGCGTGGACACATCAAGC
phage-gRNA-08283,GCGCGTTAAGCGTGGACACATCAAGCGCAAT
phage-gRNA-08284,TTAAGCGTGGACACATCAAGCGCAATCTCGG
phage-gRNA-08285,CGTGGACACATCAAGCGCAATCTCGGTTGAC
phage-gRNA-08286,ACACATCAAGCGCAATCTCGGTTGACTGCGG
phage-gRNA-08287,TCAAGCGCAATCTCGGTTGACTGCGGTTTCT
phage-gRNA-08288,GTAAGATAGCGTCTATAATTGATTGTTTCAT
phage-gRNA-08289,ATAGCGTCTATAATTGATTGTTTCATTATTT
phage-gRNA-08290,GTCTATAATTGATTGTTTCATTATTTGTTAG
phage-gRNA-08291,TAATTGATTGTTTCATTATTTGTTAGCCTCA
phage-gRNA-08292,GATTGTTTCATTATTTGTTAGCCTCATATAC
phage-gRNA-08293,TTTCATTATTTGTTAGCCTCATATACTGCAC
phage-gRNA-08294,TTATTTGTTAGCCTCATATACTGCACGGGCA
phage-gRNA-08295,CGGACCCGTCGAACAGGGACCAGATGATCAT
phage-gRNA-08296,CCGTCGAACAGGGACCAGATGATCATTGCAT
phage-gRNA-08297,GAACAGGGACCAGATGATCATTGCATTTTCT
phage-gRNA-08298,GGGACCAGATGATCATTGCATTTTCTCCAGA
phage-gRNA-08299,CAGATGATCATTGCATTTTCTCCAGACCTTT
phage-gRNA-08300,GATCATTGCATTTTCTCCAGACCTTTACGCG
phage-gRNA-08301,TTGCATTTTCTCCAGACCTTTACGCGCACAG
phage-gRNA-08302,CCAGTTCCAGCAGTTTCATAAAGTCGATCAT
phage-gRNA-08303,TCCAGCAGTTTCATAAAGTCGATCATTGTCT
phage-gRNA-08304,CAGTTTCATAAAGTCGATCATTGTCTTTTCT
phage-gRNA-08305,TCATAAAGTCGATCATTGTCTTTTCTCCAGC
phage-gRNA-08306,AAGTCGATCATTGTCTTTTCTCCAGCCGCTC
phage-gRNA-08307,GATCATTGTCTTTTCTCCAGCCGCTCCAGTC
phage-gRNA-08308,TTGTCTTTTCTCCAGCCGCTCCAGTCGGTCG
phage-gRNA-08309,CGCCGCAGTGCTCGCAATAAGCCCATGCCAT
phage-gRNA-08310,CAGTGCTCGCAATAAGCCCATGCCATGTTAT
phage-gRNA-08311,CTCGCAATAAGCCCATGCCATGTTATTTCCC
phage-gRNA-08312,AATAAGCCCATGCCATGTTATTTCCCCCACC
phage-gRNA-08313,GCCCATGCCATGTTATTTCCCCCACCATTTC
phage-gRNA-08314,TGCCATGTTATTTCCCCCACCATTTCTTTTT
phage-gRNA-08315,TGTTATTTCCCCCACCATTTCTTTTTATCGT
phage-gRNA-08316,TTAACGCTAAAGCCTGCTCGATGGTCATCAT
phage-gRNA-08317,GCTAAAGCCTGCTCGATGGTCATCATGATAT
phage-gRNA-08318,AGCCTGCTCGATGGTCATCATGATATTAATT
phage-gRNA-08319,GCTCGATGGTCATCATGATATTAATTCACCT
phage-gRNA-08320,ATGGTCATCATGATATTAATTCACCTATCGT
phage-gRNA-08321,CATCATGATATTAATTCACCTATCGTTACGT
phage-gRNA-08322,TGATATTAATTCACCTATCGTTACGTTGAGC
phage-gRNA-08323,TATTACTTTTCGCCACCCTTAGCCGCAGCAT
phage-gRNA-08324,CTTTTCGCCACCCTTAGCCGCAGCATCACGG
phage-gRNA-08325,CGCCACCCTTAGCCGCAGCATCACGGGAAGC
phage-gRNA-08326,CCCTTAGCCGCAGCATCACGGGAAGCCTGAG
phage-gRNA-08327,AGCCGCAGCATCACGGGAAGCCTGAGCGTTC
phage-gRNA-08328,CAGCATCACGGGAAGCCTGAGCGTTCTCGGC
phage-gRNA-08329,TCACGGGAAGCCTGAGCGTTCTCGGCGCGTT
phage-gRNA-08330,CCAGAACGATAGCGATGATAGATTTAGACAT
phage-gRNA-08331,ACGATAGCGATGATAGATTTAGACATGTTTG
phage-gRNA-08332,AGCGATGATAGATTTAGACATGTTTGAAGCT
phage-gRNA-08333,TGATAGATTTAGACATGTTTGAAGCTCCTAT
phage-gRNA-08334,GATTTAGACATGTTTGAAGCTCCTATTGTTT
phage-gRNA-08335,AGACATGTTTGAAGCTCCTATTGTTTGTGAT
phage-gRNA-08336,TGTTTGAAGCTCCTATTGTTTGTGATGGAAA
phage-gRNA-08337,AGAAGGCAAGACCTGTGATTATGCTTTGCAT
phage-gRNA-08338,GCAAGACCTGTGATTATGCTTTGCATTACAA
phage-gRNA-08339,ACCTGTGATTATGCTTTGCATTACAACCGCC
phage-gRNA-08340,TGATTATGCTTTGCATTACAACCGCCTTAAT
phage-gRNA-08341,ATGCTTTGCATTACAACCGCCTTAATTGTGT
phage-gRNA-08342,TTGCATTACAACCGCCTTAATTGTGTGATAA
phage-gRNA-08343,TTACAACCGCCTTAATTGTGTGATAATGTCG
phage-gRNA-08344,CGGCGGCAATAATTCTCGGTAAGTTACTCAC
phage-gRNA-08345,GCAATAATTCTCGGTAAGTTACTCACAGGAA
phage-gRNA-08346,AATTCTCGGTAAGTTACTCACAGGAAACCCC
phage-gRNA-08347,TCGGTAAGTTACTCACAGGAAACCCCACATT
phage-gRNA-08348,AAGTTACTCACAGGAAACCCCACATTTCACA
phage-gRNA-08349,ACTCACAGGAAACCCCACATTTCACAAATAT
phage-gRNA-08350,CAGGAAACCCCACATTTCACAAATATATTTC
phage-gRNA-08351,CCTCCGGTGCTTTGCGTGCTAAGGTATTCAT
phage-gRNA-08352,GGTGCTTTGCGTGCTAAGGTATTCATGACAC
phage-gRNA-08353,TTTGCGTGCTAAGGTATTCATGACACCATCT
phage-gRNA-08354,GTGCTAAGGTATTCATGACACCATCTCCCAT
phage-gRNA-08355,AAGGTATTCATGACACCATCTCCCATGCGTG
phage-gRNA-08356,ATTCATGACACCATCTCCCATGCGTGATGAA
phage-gRNA-08357,TGACACCATCTCCCATGCGTGATGAACAATC
phage-gRNA-08358,GCGCTTCGGCTGGCGTTGGGTATTTGTTCAT
phage-gRNA-08359,TCGGCTGGCGTTGGGTATTTGTTCATGATCA
phage-gRNA-08360,TGGCGTTGGGTATTTGTTCATGATCAGAATC
phage-gRNA-08361,TTGGGTATTTGTTCATGATCAGAATCTCACG
phage-gRNA-08362,TATTTGTTCATGATCAGAATCTCACGTTCAG
phage-gRNA-08363,GTTCATGATCAGAATCTCACGTTCAGAATAA
phage-gRNA-08364,TGATCAGAATCTCACGTTCAGAATAACGATT
phage-gRNA-08365,TCAGTGCCGCAATATTTTCCAATGCTTTCAT
phage-gRNA-08366,GCCGCAATATTTTCCAATGCTTTCATTTGTT
phage-gRNA-08367,AATATTTTCCAATGCTTTCATTTGTTTATCT
phage-gRNA-08368,TTTCCAATGCTTTCATTTGTTTATCTCCTGT
phage-gRNA-08369,AATGCTTTCATTTGTTTATCTCCTGTTAAGG
phage-gRNA-08370,TTTCATTTGTTTATCTCCTGTTAAGGGGTGT
phage-gRNA-08371,TTTGTTTATCTCCTGTTAAGGGGTGTTAGTG
phage-gRNA-08372,GAGCCAGGAATTTAGTGATGATAGTTTGCAT
phage-gRNA-08373,AGGAATTTAGTGATGATAGTTTGCATTTTGT
phage-gRNA-08374,TTTAGTGATGATAGTTTGCATTTTGTTTCTC
phage-gRNA-08375,TGATGATAGTTTGCATTTTGTTTCTCTCTCT
phage-gRNA-08376,ATAGTTTGCATTTTGTTTCTCTCTCTTTTTG
phage-gRNA-08377,TTGCATTTTGTTTCTCTCTCTTTTTGAGGTG
phage-gRNA-08378,TTTTGTTTCTCTCTCTTTTTGAGGTGGGAAG
phage-gRNA-08379,CGTTGATAATATTAGCGCGTGCATTATTCAT
phage-gRNA-08380,ATAATATTAGCGCGTGCATTATTCATTTGTT
phage-gRNA-08381,ATTAGCGCGTGCATTATTCATTTGTTCAGAC
phage-gRNA-08382,CGCGTGCATTATTCATTTGTTCAGACCTCCG
phage-gRNA-08383,GCATTATTCATTTGTTCAGACCTCCGTTAAC
phage-gRNA-08384,ATTCATTTGTTCAGACCTCCGTTAACAATAA
phage-gRNA-08385,TTTGTTCAGACCTCCGTTAACAATAAAATTG
phage-gRNA-08386,TTACTGCATGGTTAACGGTTACTTTACGCAT
phage-gRNA-08387,GCATGGTTAACGGTTACTTTACGCATAATTA
phage-gRNA-08388,GTTAACGGTTACTTTACGCATAATTAGTGCC
phage-gRNA-08389,CGGTTACTTTACGCATAATTAGTGCCTTTGA
phage-gRNA-08390,ACTTTACGCATAATTAGTGCCTTTGATTGAG
phage-gRNA-08391,ACGCATAATTAGTGCCTTTGATTGAGCAGGT
phage-gRNA-08392,TAATTAGTGCCTTTGATTGAGCAGGTTAGAA
phage-gRNA-08393,GCGCGCCCTTAAGCTGGTTGGGATGCGGCAT
phage-gRNA-08394,CCCTTAAGCTGGTTGGGATGCGGCATCGGCT
phage-gRNA-08395,AAGCTGGTTGGGATGCGGCATCGGCTGATCC
phage-gRNA-08396,GGTTGGGATGCGGCATCGGCTGATCCCCAGG
phage-gRNA-08397,GGATGCGGCATCGGCTGATCCCCAGGCGCGA
phage-gRNA-08398,CGGCATCGGCTGATCCCCAGGCGCGATCTAT
phage-gRNA-08399,TCGGCTGATCCCCAGGCGCGATCTATCAGTC
phage-gRNA-08400,GGGCGGCGCGGATCTCTGCAATAGTTTTCAT
phage-gRNA-08401,GCGCGGATCTCTGCAATAGTTTTCATTTGTT
phage-gRNA-08402,GATCTCTGCAATAGTTTTCATTTGTTGGCCT
phage-gRNA-08403,CTGCAATAGTTTTCATTTGTTGGCCTCACGG
phage-gRNA-08404,ATAGTTTTCATTTGTTGGCCTCACGGTTAAG
phage-gRNA-08405,TTTCATTTGTTGGCCTCACGGTTAAGCCATT
phage-gRNA-08406,TTTGTTGGCCTCACGGTTAAGCCATTCGATG
phage-gRNA-08407,GCAGGTTCTGGTAGTAGCTTAAAGTTTTCAT
phage-gRNA-08408,TTCTGGTAGTAGCTTAAAGTTTTCATTTGGT
phage-gRNA-08409,GTAGTAGCTTAAAGTTTTCATTTGGTTAATC
phage-gRNA-08410,AGCTTAAAGTTTTCATTTGGTTAATCCCTCG
phage-gRNA-08411,AAAGTTTTCATTTGGTTAATCCCTCGATTGC
phage-gRNA-08412,TTTCATTTGGTTAATCCCTCGATTGCCTCAC
phage-gRNA-08413,TTTGGTTAATCCCTCGATTGCCTCACGGGCG
phage-gRNA-08414,CGTTGTTGATCCACTTCTCGAACTCTGTCAT
phage-gRNA-08415,TTGATCCACTTCTCGAACTCTGTCATTTGAA
phage-gRNA-08416,CCACTTCTCGAACTCTGTCATTTGAATTTAC
phage-gRNA-08417,TCTCGAACTCTGTCATTTGAATTTACCCTCC
phage-gRNA-08418,AACTCTGTCATTTGAATTTACCCTCCAGTAT
phage-gRNA-08419,TGTCATTTGAATTTACCCTCCAGTATTTTAG
phage-gRNA-08420,TTTGAATTTACCCTCCAGTATTTTAGCGATG
phage-gRNA-08421,ACTTTAATTTGATGTTACTGATTGTTTGCAT
phage-gRNA-08422,AATTTGATGTTACTGATTGTTTGCATGGTCT
phage-gRNA-08423,GATGTTACTGATTGTTTGCATGGTCTTTTAC
phage-gRNA-08424,TACTGATTGTTTGCATGGTCTTTTACCCACT
phage-gRNA-08425,ATTGTTTGCATGGTCTTTTACCCACTTGATG
phage-gRNA-08426,TTGCATGGTCTTTTACCCACTTGATGCGCTC
phage-gRNA-08427,TGGTCTTTTACCCACTTGATGCGCTCATGGT
phage-gRNA-08428,TATAGAATTGCTGTAATAATTTATTTTGCAT
phage-gRNA-08429,AATTGCTGTAATAATTTATTTTGCATGGTCT
phage-gRNA-08430,CTGTAATAATTTATTTTGCATGGTCTTTCAC
phage-gRNA-08431,ATAATTTATTTTGCATGGTCTTTCACCCATT
phage-gRNA-08432,TTATTTTGCATGGTCTTTCACCCATTGAACG
phage-gRNA-08433,TTGCATGGTCTTTCACCCATTGAACGCGTAA
phage-gRNA-08434,TGGTCTTTCACCCATTGAACGCGTAAAGGGT
phage-gRNA-08435,TATAGAATTGCTGTAAGTTTTTATTGTGCAT
phage-gRNA-08436,AATTGCTGTAAGTTTTTATTGTGCATGGTCT
phage-gRNA-08437,CTGTAAGTTTTTATTGTGCATGGTCTTTTAC
phage-gRNA-08438,AGTTTTTATTGTGCATGGTCTTTTACCCACT
phage-gRNA-08439,TTATTGTGCATGGTCTTTTACCCACTTGATG
phage-gRNA-08440,GTGCATGGTCTTTTACCCACTTGATGCGTAA
phage-gRNA-08441,TGGTCTTTTACCCACTTGATGCGTAAAGGGT
phage-gRNA-08442,CGTTATAGAATGCCTGTAATAATTTATTCAT
phage-gRNA-08443,TAGAATGCCTGTAATAATTTATTCATTTCAA
phage-gRNA-08444,TGCCTGTAATAATTTATTCATTTCAATAAGT
phage-gRNA-08445,GTAATAATTTATTCATTTCAATAAGTCCTCG
phage-gRNA-08446,AATTTATTCATTTCAATAAGTCCTCGATTGC
phage-gRNA-08447,ATTCATTTCAATAAGTCCTCGATTGCTAAGT
phage-gRNA-08448,TTTCAATAAGTCCTCGATTGCTAAGTGGATG
phage-gRNA-08449,TATATTTTGCGCAAAGCACGTAAGGCTTCAT
phage-gRNA-08450,TTTGCGCAAAGCACGTAAGGCTTCATTGTAG
phage-gRNA-08451,GCAAAGCACGTAAGGCTTCATTGTAGTATTC
phage-gRNA-08452,GCACGTAAGGCTTCATTGTAGTATTCCGTCA
phage-gRNA-08453,TAAGGCTTCATTGTAGTATTCCGTCATTTCA
phage-gRNA-08454,CTTCATTGTAGTATTCCGTCATTTCAATTTT
phage-gRNA-08455,TTGTAGTATTCCGTCATTTCAATTTTCATGT
phage-gRNA-08456,CGTCTTCAGCGTCGATAATTTGATTGGTCAT
phage-gRNA-08457,TCAGCGTCGATAATTTGATTGGTCATGATTG
phage-gRNA-08458,GTCGATAATTTGATTGGTCATGATTGCATCT
phage-gRNA-08459,TAATTTGATTGGTCATGATTGCATCTCCTGT
phage-gRNA-08460,TGATTGGTCATGATTGCATCTCCTGTTAAGG
phage-gRNA-08461,GGTCATGATTGCATCTCCTGTTAAGGGTGGG
phage-gRNA-08462,TGATTGCATCTCCTGTTAAGGGTGGGGCACG
phage-gRNA-08463,CAGTCTGGATCAGGAAAGTGATATTAGTCAT
phage-gRNA-08464,TGGATCAGGAAAGTGATATTAGTCATTTTTG
phage-gRNA-08465,CAGGAAAGTGATATTAGTCATTTTTGTTTCT
phage-gRNA-08466,AAGTGATATTAGTCATTTTTGTTTCTCGCTC
phage-gRNA-08467,ATATTAGTCATTTTTGTTTCTCGCTCTTTGT
phage-gRNA-08468,AGTCATTTTTGTTTCTCGCTCTTTGTTGAGG
phage-gRNA-08469,TTTTTGTTTCTCGCTCTTTGTTGAGGGTGGG
phage-gRNA-08470,CTACTTTGAGCGCTTTAGTGATACGTGCCAT
phage-gRNA-08471,TTGAGCGCTTTAGTGATACGTGCCATTTTGT
phage-gRNA-08472,CGCTTTAGTGATACGTGCCATTTTGTTTCTC
phage-gRNA-08473,TAGTGATACGTGCCATTTTGTTTCTCTCTTT
phage-gRNA-08474,ATACGTGCCATTTTGTTTCTCTCTTTCGTTA
phage-gRNA-08475,TGCCATTTTGTTTCTCTCTTTCGTTAATTGG
phage-gRNA-08476,TTTTGTTTCTCTCTTTCGTTAATTGGGTGGT
phage-gRNA-08477,GGTTCATGATGTCGTCAATGTTGATGGTCAT
phage-gRNA-08478,ATGATGTCGTCAATGTTGATGGTCATTCTTA
phage-gRNA-08479,GTCGTCAATGTTGATGGTCATTCTTAGTTTC
phage-gRNA-08480,CAATGTTGATGGTCATTCTTAGTTTCCTGTG
phage-gRNA-08481,TTGATGGTCATTCTTAGTTTCCTGTGGTTGT
phage-gRNA-08482,GGTCATTCTTAGTTTCCTGTGGTTGTTGATA
phage-gRNA-08483,TTCTTAGTTTCCTGTGGTTGTTGATAGAATT
