phage-gRNA-08484,CTCGCTTCTGCTTAACAGCATTCAAATCCAT
phage-gRNA-08485,TTCTGCTTAACAGCATTCAAATCCATTAAGC
phage-gRNA-08486,CTTAACAGCATTCAAATCCATTAAGCGCCTC
phage-gRNA-08487,CAGCATTCAAATCCATTAAGCGCCTCCGCAA
phage-gRNA-08488,TTCAAATCCATTAAGCGCCTCCGCAAATAGA
phage-gRNA-08489,GGCTTTCTTGTGTTTCTGTAATTTCTGCCAT
phage-gRNA-08490,TCTTGTGTTTCTGTAATTTCTGCCATTCTTC
phage-gRNA-08491,TGTTTCTGTAATTTCTGCCATTCTTCTCACC
phage-gRNA-08492,CTGTAATTTCTGCCATTCTTCTCACCTGAAT
phage-gRNA-08493,ATTTCTGCCATTCTTCTCACCTGAATTGTTA
phage-gRNA-08494,TGCCATTCTTCTCACCTGAATTGTTAACGTC
phage-gRNA-08495,TTCTTCTCACCTGAATTGTTAACGTCTAAGC
phage-gRNA-08496,TAGCATTTGAAATAGAGATAACTTCAGCCAT
phage-gRNA-08497,TTTGAAATAGAGATAACTTCAGCCATTATTT
phage-gRNA-08498,AATAGAGATAACTTCAGCCATTATTTATTTG
phage-gRNA-08499,AGATAACTTCAGCCATTATTTATTTGCCTTA
phage-gRNA-08500,ACTTCAGCCATTATTTATTTGCCTTATTCGC
phage-gRNA-08501,AGCCATTATTTATTTGCCTTATTCGCTGTAC
phage-gRNA-08502,TTATTTATTTGCCTTATTCGCTGTACTTGGG
phage-gRNA-08503,TATTCTTACCATCAATAGTTAATGTTCCCAT
phage-gRNA-08504,TTACCATCAATAGTTAATGTTCCCATTAATT
phage-gRNA-08505,ATCAATAGTTAATGTTCCCATTAATTGAACC
phage-gRNA-08506,TAGTTAATGTTCCCATTAATTGAACCTTACT
phage-gRNA-08507,AATGTTCCCATTAATTGAACCTTACTTTCTG
phage-gRNA-08508,TCCCATTAATTGAACCTTACTTTCTGTTTAA
phage-gRNA-08509,TTAATTGAACCTTACTTTCTGTTTAAGGACT
phage-gRNA-08510,TATCAGCAAGTCTGAAGATATTCGAACTCAT
phage-gRNA-08511,GCAAGTCTGAAGATATTCGAACTCATTTTAC
phage-gRNA-08512,TCTGAAGATATTCGAACTCATTTTACTCACC
phage-gRNA-08513,AGATATTCGAACTCATTTTACTCACCCTATT
phage-gRNA-08514,TTCGAACTCATTTTACTCACCCTATTTGTTT
phage-gRNA-08515,ACTCATTTTACTCACCCTATTTGTTTAAATC
phage-gRNA-08516,TTTTACTCACCCTATTTGTTTAAATCCACCG
phage-gRNA-08517,TACCTAAGTGAGTAAAACCTTCATATGCCAT
phage-gRNA-08518,AAGTGAGTAAAACCTTCATATGCCATTATTT
phage-gRNA-08519,AGTAAAACCTTCATATGCCATTATTTGTGTT
phage-gRNA-08520,AACCTTCATATGCCATTATTTGTGTTCCTTA
phage-gRNA-08521,TCATATGCCATTATTTGTGTTCCTTATTTAT
phage-gRNA-08522,TGCCATTATTTGTGTTCCTTATTTATTAAGA
phage-gRNA-08523,TTATTTGTGTTCCTTATTTATTAAGAAGAGA
phage-gRNA-08524,ATCTGCTTTTTTCAGAATTAGTTAATGCCAT
phage-gRNA-08525,CTTTTTTCAGAATTAGTTAATGCCATTATAA
phage-gRNA-08526,TTCAGAATTAGTTAATGCCATTATAAAATTC
phage-gRNA-08527,AATTAGTTAATGCCATTATAAAATTCTCCAG
phage-gRNA-08528,GTTAATGCCATTATAAAATTCTCCAGAATGT
phage-gRNA-08529,TGCCATTATAAAATTCTCCAGAATGTCTTAT
phage-gRNA-08530,TTATAAAATTCTCCAGAATGTCTTATTGTTA
phage-gRNA-08531,GGTTATTGGCTGGGTCGCCTGTATAACACAT
phage-gRNA-08532,TTGGCTGGGTCGCCTGTATAACACATTTATA
phage-gRNA-08533,TGGGTCGCCTGTATAACACATTTATAACCCT
phage-gRNA-08534,CGCCTGTATAACACATTTATAACCCTCCTTT
phage-gRNA-08535,GTATAACACATTTATAACCCTCCTTTCAAGT
phage-gRNA-08536,ACACATTTATAACCCTCCTTTCAAGTATTAG
phage-gRNA-08537,TTTATAACCCTCCTTTCAAGTATTAGTCTGG
phage-gRNA-08538,CTCTCGCGGGGTGAATAACCCTTTTAACCAT
phage-gRNA-08539,GCGGGGTGAATAACCCTTTTAACCATTATTC
phage-gRNA-08540,GTGAATAACCCTTTTAACCATTATTCATCTC
phage-gRNA-08541,TAACCCTTTTAACCATTATTCATCTCGCTCG
phage-gRNA-08542,CTTTTAACCATTATTCATCTCGCTCGATAAT
phage-gRNA-08543,AACCATTATTCATCTCGCTCGATAATAAATA
phage-gRNA-08544,TTATTCATCTCGCTCGATAATAAATACGCCA
phage-gRNA-08545,CTACAAAGCGGTGTCTGTTTAAGAGTCTCAT
phage-gRNA-08546,AAGCGGTGTCTGTTTAAGAGTCTCATTTCTT
phage-gRNA-08547,GTGTCTGTTTAAGAGTCTCATTTCTTAATAC
phage-gRNA-08548,TGTTTAAGAGTCTCATTTCTTAATACCCTTT
phage-gRNA-08549,AAGAGTCTCATTTCTTAATACCCTTTTTAGT
phage-gRNA-08550,TCTCATTTCTTAATACCCTTTTTAGTAGAAA
phage-gRNA-08551,TTTCTTAATACCCTTTTTAGTAGAAATTTTA
phage-gRNA-08552,CTTTCTCAAGTTCTGCTGTTTCTAACTGCAT
phage-gRNA-08553,TCAAGTTCTGCTGTTTCTAACTGCATTCATT
phage-gRNA-08554,TTCTGCTGTTTCTAACTGCATTCATTTTATC
phage-gRNA-08555,CTGTTTCTAACTGCATTCATTTTATCCCTTC
phage-gRNA-08556,TCTAACTGCATTCATTTTATCCCTTCTAATA
phage-gRNA-08557,CTGCATTCATTTTATCCCTTCTAATAATGAT
phage-gRNA-08558,TTCATTTTATCCCTTCTAATAATGATATATT
phage-gRNA-08559,TAATATCTACATTAACAATTGGATTCCACAT
phage-gRNA-08560,TCTACATTAACAATTGGATTCCACATTTATT
phage-gRNA-08561,ATTAACAATTGGATTCCACATTTATTTTACC
phage-gRNA-08562,CAATTGGATTCCACATTTATTTTACCCCTTT
phage-gRNA-08563,GGATTCCACATTTATTTTACCCCTTTGGAGT
phage-gRNA-08564,CCACATTTATTTTACCCCTTTGGAGTCTACA
phage-gRNA-08565,TTTATTTTACCCCTTTGGAGTCTACATCTAG
phage-gRNA-08566,CTTTAGGGGAATATTGCTGATACATAGCCAT
phage-gRNA-08567,GGGGAATATTGCTGATACATAGCCATTCCAA
phage-gRNA-08568,ATATTGCTGATACATAGCCATTCCAATTTAC
phage-gRNA-08569,GCTGATACATAGCCATTCCAATTTACCTCTA
phage-gRNA-08570,TACATAGCCATTCCAATTTACCTCTATTATT
phage-gRNA-08571,AGCCATTCCAATTTACCTCTATTATTCGTAA
phage-gRNA-08572,TTCCAATTTACCTCTATTATTCGTAAGCCAC
phage-gRNA-08573,TACCATTAATAATTTTAGATTCTGTCTTCAT
phage-gRNA-08574,TTAATAATTTTAGATTCTGTCTTCATTGTGA
phage-gRNA-08575,AATTTTAGATTCTGTCTTCATTGTGATTCCT
phage-gRNA-08576,TAGATTCTGTCTTCATTGTGATTCCTTAAAT
phage-gRNA-08577,TCTGTCTTCATTGTGATTCCTTAAATTTCTT
phage-gRNA-08578,CTTCATTGTGATTCCTTAAATTTCTTAGGTT
phage-gRNA-08579,TTGTGATTCCTTAAATTTCTTAGGTTCTATA
phage-gRNA-08580,CTACAGCCCCATCAGTCAATGGGGTCTGCAT
phage-gRNA-08581,GCCCCATCAGTCAATGGGGTCTGCATAGCAC
phage-gRNA-08582,ATCAGTCAATGGGGTCTGCATAGCACTACTC
phage-gRNA-08583,TCAATGGGGTCTGCATAGCACTACTCATGCT
phage-gRNA-08584,GGGGTCTGCATAGCACTACTCATGCTTACTG
phage-gRNA-08585,CTGCATAGCACTACTCATGCTTACTGAGAAG
phage-gRNA-08586,TAGCACTACTCATGCTTACTGAGAAGTTAGG
phage-gRNA-08587,CAATAAAGCTATCAACTGTATATTGTGCCAT
phage-gRNA-08588,AAGCTATCAACTGTATATTGTGCCATTAAAT
phage-gRNA-08589,ATCAACTGTATATTGTGCCATTAAATTTTAC
phage-gRNA-08590,CTGTATATTGTGCCATTAAATTTTACCTGCC
phage-gRNA-08591,TATTGTGCCATTAAATTTTACCTGCCCTTCT
phage-gRNA-08592,TGCCATTAAATTTTACCTGCCCTTCTAAGTT
phage-gRNA-08593,TTAAATTTTACCTGCCCTTCTAAGTTCGTTA
phage-gRNA-08594,ATTTAATTTGCATATTAGAATCCCATAACAT
phage-gRNA-08595,ATTTGCATATTAGAATCCCATAACATTATTC
phage-gRNA-08596,CATATTAGAATCCCATAACATTATTCTTCCT
phage-gRNA-08597,TAGAATCCCATAACATTATTCTTCCTCTGGG
phage-gRNA-08598,TCCCATAACATTATTCTTCCTCTGGGTAACT
phage-gRNA-08599,TAACATTATTCTTCCTCTGGGTAACTTGAGT
phage-gRNA-08600,TTATTCTTCCTCTGGGTAACTTGAGTTAAGA
phage-gRNA-08601,CCGTATCAGGGACAGGAATATACTGAGACAT
phage-gRNA-08602,TCAGGGACAGGAATATACTGAGACATTAGTA
phage-gRNA-08603,GACAGGAATATACTGAGACATTAGTAAGCTC
phage-gRNA-08604,GAATATACTGAGACATTAGTAAGCTCCTTTC
phage-gRNA-08605,TACTGAGACATTAGTAAGCTCCTTTCTTGTT
phage-gRNA-08606,AGACATTAGTAAGCTCCTTTCTTGTTCGGGT
phage-gRNA-08607,TTAGTAAGCTCCTTTCTTGTTCGGGTTGACT
phage-gRNA-08608,CAGCGCCAGCAGTGCTATCTTTTACAGCCAT
phage-gRNA-08609,CCAGCAGTGCTATCTTTTACAGCCATTATAA
phage-gRNA-08610,AGTGCTATCTTTTACAGCCATTATAAGTTCT
phage-gRNA-08611,TATCTTTTACAGCCATTATAAGTTCTCCATC
phage-gRNA-08612,TTTACAGCCATTATAAGTTCTCCATCAAACG
phage-gRNA-08613,AGCCATTATAAGTTCTCCATCAAACGCATAT
phage-gRNA-08614,TTATAAGTTCTCCATCAAACGCATATCTTCA
phage-gRNA-08615,ACCCTGACATTCTAGCTACGGGTGATTTCAT
phage-gRNA-08616,GACATTCTAGCTACGGGTGATTTCATTATTC
phage-gRNA-08617,TCTAGCTACGGGTGATTTCATTATTCTACCT
phage-gRNA-08618,CTACGGGTGATTTCATTATTCTACCTTCTCT
phage-gRNA-08619,GGTGATTTCATTATTCTACCTTCTCTAAGTC
phage-gRNA-08620,TTTCATTATTCTACCTTCTCTAAGTCAAGTT
phage-gRNA-08621,TTATTCTACCTTCTCTAAGTCAAGTTCTGTT
phage-gRNA-08622,CACCAAGATTCAATGCAAAATCTGTCTTCAT
phage-gRNA-08623,AGATTCAATGCAAAATCTGTCTTCATTATTG
phage-gRNA-08624,CAATGCAAAATCTGTCTTCATTATTGTGCCT
phage-gRNA-08625,CAAAATCTGTCTTCATTATTGTGCCTCTGTA
phage-gRNA-08626,TCTGTCTTCATTATTGTGCCTCTGTAGTATC
phage-gRNA-08627,CTTCATTATTGTGCCTCTGTAGTATCTGCTT
phage-gRNA-08628,TTATTGTGCCTCTGTAGTATCTGCTTCACCA
phage-gRNA-08629,TTTGTAATCCTGTTGCGGTTAATCCAGCCAT
phage-gRNA-08630,AATCCTGTTGCGGTTAATCCAGCCATTAAAT
phage-gRNA-08631,TGTTGCGGTTAATCCAGCCATTAAATATTCA
phage-gRNA-08632,CGGTTAATCCAGCCATTAAATATTCACCTCT
phage-gRNA-08633,AATCCAGCCATTAAATATTCACCTCTTGTGT
phage-gRNA-08634,AGCCATTAAATATTCACCTCTTGTGTAATAT
phage-gRNA-08635,TTAAATATTCACCTCTTGTGTAATATCTGTT
phage-gRNA-08636,TGTAATAGACGTCTTCAATCTTTTCAAACAT
phage-gRNA-08637,TAGACGTCTTCAATCTTTTCAAACATTGTTA
phage-gRNA-08638,GTCTTCAATCTTTTCAAACATTGTTACTCCT
phage-gRNA-08639,CAATCTTTTCAAACATTGTTACTCCTTAGTG
phage-gRNA-08640,TTTTCAAACATTGTTACTCCTTAGTGATAGT
phage-gRNA-08641,AAACATTGTTACTCCTTAGTGATAGTGTACT
phage-gRNA-08642,TTGTTACTCCTTAGTGATAGTGTACTGGCTG
phage-gRNA-08643,CATCTGTAGCCCATCTTACTGCATCTGCCAT
phage-gRNA-08644,GTAGCCCATCTTACTGCATCTGCCATTATGA
phage-gRNA-08645,CCATCTTACTGCATCTGCCATTATGAACTTC
phage-gRNA-08646,TTACTGCATCTGCCATTATGAACTTCCTTCC
phage-gRNA-08647,GCATCTGCCATTATGAACTTCCTTCCTGTTG
phage-gRNA-08648,TGCCATTATGAACTTCCTTCCTGTTGAGATT
phage-gRNA-08649,TTATGAACTTCCTTCCTGTTGAGATTTATCT
phage-gRNA-08650,AGGCACTAATTTGAATTTCACCTACTGCCAT
phage-gRNA-08651,CTAATTTGAATTTCACCTACTGCCATTATTA
phage-gRNA-08652,TTGAATTTCACCTACTGCCATTATTAGCCTC
phage-gRNA-08653,TTTCACCTACTGCCATTATTAGCCTCCGATA
phage-gRNA-08654,CCTACTGCCATTATTAGCCTCCGATAAATTC
phage-gRNA-08655,TGCCATTATTAGCCTCCGATAAATTCATAAG
phage-gRNA-08656,TTATTAGCCTCCGATAAATTCATAAGTGTAC
phage-gRNA-08657,AGTTTAGTTCACTCAATTTAAATTCTGCCAT
phage-gRNA-08658,AGTTCACTCAATTTAAATTCTGCCATTATAC
phage-gRNA-08659,ACTCAATTTAAATTCTGCCATTATACAATCC
phage-gRNA-08660,ATTTAAATTCTGCCATTATACAATCCTCTTA
phage-gRNA-08661,AATTCTGCCATTATACAATCCTCTTAAAAGG
phage-gRNA-08662,TGCCATTATACAATCCTCTTAAAAGGGGCTA
phage-gRNA-08663,TTATACAATCCTCTTAAAAGGGGCTAAAAAG
phage-gRNA-08664,TTTTTAAGAGGATTGCTAGGATAGTCGGCAT
phage-gRNA-08665,AAGAGGATTGCTAGGATAGTCGGCATTATGT
phage-gRNA-08666,GATTGCTAGGATAGTCGGCATTATGTCACCT
phage-gRNA-08667,CTAGGATAGTCGGCATTATGTCACCTCATCA
phage-gRNA-08668,ATAGTCGGCATTATGTCACCTCATCAGCCAA
phage-gRNA-08669,CGGCATTATGTCACCTCATCAGCCAAGATGG
phage-gRNA-08670,TTATGTCACCTCATCAGCCAAGATGGTGAGA
phage-gRNA-08671,TATTTTTGAAAGCATCCTCTAACCACTTCAT
phage-gRNA-08672,TTGAAAGCATCCTCTAACCACTTCATTCTTT
phage-gRNA-08673,AGCATCCTCTAACCACTTCATTCTTTCTCCC
phage-gRNA-08674,CCTCTAACCACTTCATTCTTTCTCCCCTTTA
phage-gRNA-08675,AACCACTTCATTCTTTCTCCCCTTTAAAGGC
phage-gRNA-08676,CTTCATTCTTTCTCCCCTTTAAAGGCTTTTT
phage-gRNA-08677,TTCTTTCTCCCCTTTAAAGGCTTTTTCCAAG
phage-gRNA-08678,TATTTTTGTAACTTACATCTGCCTGTGACAT
phage-gRNA-08679,TTGTAACTTACATCTGCCTGTGACATATCAG
phage-gRNA-08680,ACTTACATCTGCCTGTGACATATCAGAAACG
phage-gRNA-08681,CATCTGCCTGTGACATATCAGAAACGTCCTC
phage-gRNA-08682,GCCTGTGACATATCAGAAACGTCCTCTTACT
phage-gRNA-08683,TGACATATCAGAAACGTCCTCTTACTTGTGG
phage-gRNA-08684,TATCAGAAACGTCCTCTTACTTGTGGAACAT
phage-gRNA-08685,TACGACCACTTGCAAATACTAAACGAATCAT
phage-gRNA-08686,CCACTTGCAAATACTAAACGAATCATTTGAA
phage-gRNA-08687,TGCAAATACTAAACGAATCATTTGAAAAACC
phage-gRNA-08688,ATACTAAACGAATCATTTGAAAAACCCCTTA
phage-gRNA-08689,AAACGAATCATTTGAAAAACCCCTTAATGAT
phage-gRNA-08690,AATCATTTGAAAAACCCCTTAATGATAAACC
phage-gRNA-08691,TTTGAAAAACCCCTTAATGATAAACCAGTTG
phage-gRNA-08692,TGTAACAGTGTTCAACTTTAAAGATTTTCAT
phage-gRNA-08693,CAGTGTTCAACTTTAAAGATTTTCATTTCTT
phage-gRNA-08694,TTCAACTTTAAAGATTTTCATTTCTTATTCA
phage-gRNA-08695,CTTTAAAGATTTTCATTTCTTATTCACCTTA
phage-gRNA-08696,AAGATTTTCATTTCTTATTCACCTTATATTC
phage-gRNA-08697,TTTCATTTCTTATTCACCTTATATTCTTGTT
phage-gRNA-08698,TTTCTTATTCACCTTATATTCTTGTTCCAGT
phage-gRNA-08699,CTGGTTCTGTTAAGCTGTTTCCAATCTTCAT
phage-gRNA-08700,TCTGTTAAGCTGTTTCCAATCTTCATATTAA
phage-gRNA-08701,TAAGCTGTTTCCAATCTTCATATTAAACCTC
phage-gRNA-08702,TGTTTCCAATCTTCATATTAAACCTCTACAA
phage-gRNA-08703,CCAATCTTCATATTAAACCTCTACAAAAGTT
phage-gRNA-08704,CTTCATATTAAACCTCTACAAAAGTTTGTTT
phage-gRNA-08705,TATTAAACCTCTACAAAAGTTTGTTTGTCAT
phage-gRNA-08706,AGAACAAATCAATTTTTACGGGAAGAGACAT
phage-gRNA-08707,AAATCAATTTTTACGGGAAGAGACATTTGAT
phage-gRNA-08708,AATTTTTACGGGAAGAGACATTTGATATCCT
phage-gRNA-08709,TTACGGGAAGAGACATTTGATATCCTCATTT
phage-gRNA-08710,GGAAGAGACATTTGATATCCTCATTTTTGAA
phage-gRNA-08711,AGACATTTGATATCCTCATTTTTGAATACGA
phage-gRNA-08712,TTTGATATCCTCATTTTTGAATACGAAAGTG
phage-gRNA-08713,TACCTTTGAAGATTGCATTTTCACGTTTCAT
phage-gRNA-08714,TTGAAGATTGCATTTTCACGTTTCATATTAA
phage-gRNA-08715,GATTGCATTTTCACGTTTCATATTAATCTGA
phage-gRNA-08716,CATTTTCACGTTTCATATTAATCTGACAGCC
phage-gRNA-08717,TCACGTTTCATATTAATCTGACAGCCTTAAG
phage-gRNA-08718,TTTCATATTAATCTGACAGCCTTAAGTTAAA
phage-gRNA-08719,TATTAATCTGACAGCCTTAAGTTAAAGTTAA
phage-gRNA-08720,GTGGAGCATAAGGGTCAAAGACTTCATTCAT
phage-gRNA-08721,GCATAAGGGTCAAAGACTTCATTCATCTTTC
phage-gRNA-08722,AGGGTCAAAGACTTCATTCATCTTTCTTCCT
phage-gRNA-08723,CAAAGACTTCATTCATCTTTCTTCCTCCGTT
phage-gRNA-08724,ACTTCATTCATCTTTCTTCCTCCGTTTTCTG
phage-gRNA-08725,ATTCATCTTTCTTCCTCCGTTTTCTGGAAGT
phage-gRNA-08726,TCTTTCTTCCTCCGTTTTCTGGAAGTGTCAA
phage-gRNA-08727,CATAGTTCTTCCTGCAATGATTCTTCTTCAT
phage-gRNA-08728,TTCTTCCTGCAATGATTCTTCTTCATATCAT
phage-gRNA-08729,CCTGCAATGATTCTTCTTCATATCATAGACC
phage-gRNA-08730,AATGATTCTTCTTCATATCATAGACCTACGC
phage-gRNA-08731,TTCTTCTTCATATCATAGACCTACGCAGGTA
phage-gRNA-08732,CTTCATATCATAGACCTACGCAGGTACGCTT
phage-gRNA-08733,TATCATAGACCTACGCAGGTACGCTTTTCAA
phage-gRNA-08734,CCAGAATGACACCTACCATAAGCTTTTTCAT
phage-gRNA-08735,ATGACACCTACCATAAGCTTTTTCATAACTC
phage-gRNA-08736,ACCTACCATAAGCTTTTTCATAACTCACCTC
phage-gRNA-08737,CCATAAGCTTTTTCATAACTCACCTCATATA
phage-gRNA-08738,AGCTTTTTCATAACTCACCTCATATAAAATT
phage-gRNA-08739,TTTCATAACTCACCTCATATAAAATTTTGTA
phage-gRNA-08740,TAACTCACCTCATATAAAATTTTGTATACAT
phage-gRNA-08741,TAAACTTTGCTGCTAATGCTTTTGTATTCAT
phage-gRNA-08742,TTTGCTGCTAATGCTTTTGTATTCATAATTA
phage-gRNA-08743,TGCTAATGCTTTTGTATTCATAATTAAACGT
phage-gRNA-08744,ATGCTTTTGTATTCATAATTAAACGTTACCT
phage-gRNA-08745,TTTGTATTCATAATTAAACGTTACCTTCTGA
phage-gRNA-08746,ATTCATAATTAAACGTTACCTTCTGACATAA
phage-gRNA-08747,TAATTAAACGTTACCTTCTGACATAATTTCT
phage-gRNA-08748,TACCAGTAATTTTGATATTTAACAGTTTCAT
phage-gRNA-08749,GTAATTTTGATATTTAACAGTTTCATAGCAT
phage-gRNA-08750,TTTGATATTTAACAGTTTCATAGCATTTAGC
phage-gRNA-08751,TATTTAACAGTTTCATAGCATTTAGCTCCAC
phage-gRNA-08752,AACAGTTTCATAGCATTTAGCTCCACACTTT
phage-gRNA-08753,TTTCATAGCATTTAGCTCCACACTTTAGTTG
phage-gRNA-08754,TAGCATTTAGCTCCACACTTTAGTTGATTGT
phage-gRNA-08755,CATCTTTATTTTGTTTGTACAGGATTGTCAT
phage-gRNA-08756,TTATTTTGTTTGTACAGGATTGTCATTACAT
phage-gRNA-08757,TTGTTTGTACAGGATTGTCATTACATCTCCT
phage-gRNA-08758,TGTACAGGATTGTCATTACATCTCCTTGCTC
phage-gRNA-08759,AGGATTGTCATTACATCTCCTTGCTCTTATC
phage-gRNA-08760,TGTCATTACATCTCCTTGCTCTTATCTAAGA
phage-gRNA-08761,TTACATCTCCTTGCTCTTATCTAAGAATCTT
phage-gRNA-08762,CGTCTTCAGTTCTTACAGGTTCTGTTTTCAT
phage-gRNA-08763,TCAGTTCTTACAGGTTCTGTTTTCATTTTCT
phage-gRNA-08764,TCTTACAGGTTCTGTTTTCATTTTCTCTTAC
phage-gRNA-08765,CAGGTTCTGTTTTCATTTTCTCTTACCACCA
phage-gRNA-08766,TCTGTTTTCATTTTCTCTTACCACCAATTTC
phage-gRNA-08767,TTTCATTTTCTCTTACCACCAATTTCTACAT
phage-gRNA-08768,TTTTCTCTTACCACCAATTTCTACATCAATA
phage-gRNA-08769,AACGGTAGATATAGTTTACTAAAACTTGCAT
phage-gRNA-08770,TAGATATAGTTTACTAAAACTTGCATAATTT
phage-gRNA-08771,ATAGTTTACTAAAACTTGCATAATTTTCCTT
phage-gRNA-08772,TTACTAAAACTTGCATAATTTTCCTTAAAAG
phage-gRNA-08773,AAAACTTGCATAATTTTCCTTAAAAGAATAA
phage-gRNA-08774,TTGCATAATTTTCCTTAAAAGAATAAGTCAG
phage-gRNA-08775,TAATTTTCCTTAAAAGAATAAGTCAGAGGCT
phage-gRNA-08776,TCATTGCTTCAACAGCTTCTTCAAAAGTCAT
phage-gRNA-08777,GCTTCAACAGCTTCTTCAAAAGTCATTTTTG
phage-gRNA-08778,AACAGCTTCTTCAAAAGTCATTTTTGGTTTC
phage-gRNA-08779,CTTCTTCAAAAGTCATTTTTGGTTTCTCCAA
phage-gRNA-08780,TCAAAAGTCATTTTTGGTTTCTCCAATACTT
phage-gRNA-08781,AGTCATTTTTGGTTTCTCCAATACTTAAAAG
phage-gRNA-08782,TTTTTGGTTTCTCCAATACTTAAAAGTTAAT
phage-gRNA-08783,GAAGTTGTTGGATAACGTCTGAAAGTGTCAT
phage-gRNA-08784,TGTTGGATAACGTCTGAAAGTGTCATAAACC
phage-gRNA-08785,GATAACGTCTGAAAGTGTCATAAACCCTCCT
phage-gRNA-08786,CGTCTGAAAGTGTCATAAACCCTCCTATACA
phage-gRNA-08787,GAAAGTGTCATAAACCCTCCTATACAAGATA
phage-gRNA-08788,TGTCATAAACCCTCCTATACAAGATACAGTA
phage-gRNA-08789,TAAACCCTCCTATACAAGATACAGTATAAGG
phage-gRNA-08790,GTAGTTCCTTTAAACGTTCTTGTGTAATCAT
phage-gRNA-08791,TCCTTTAAACGTTCTTGTGTAATCATTTTGT
phage-gRNA-08792,TAAACGTTCTTGTGTAATCATTTTGTCACCA
phage-gRNA-08793,GTTCTTGTGTAATCATTTTGTCACCATTAAT
phage-gRNA-08794,TGTGTAATCATTTTGTCACCATTAATGCACT
phage-gRNA-08795,AATCATTTTGTCACCATTAATGCACTTCCAA
phage-gRNA-08796,TTTTGTCACCATTAATGCACTTCCAACCACG
phage-gRNA-08797,AGTGCAAGTTTTCAAAATCTACGTTTTCCAT
phage-gRNA-08798,AAGTTTTCAAAATCTACGTTTTCCATTTTTA
phage-gRNA-08799,TTCAAAATCTACGTTTTCCATTTTTACTCCC
phage-gRNA-08800,AATCTACGTTTTCCATTTTTACTCCCTCTCA
phage-gRNA-08801,ACGTTTTCCATTTTTACTCCCTCTCAAAATC
phage-gRNA-08802,TTCCATTTTTACTCCCTCTCAAAATCATTGA
phage-gRNA-08803,TTTTTACTCCCTCTCAAAATCATTGACTCAA
phage-gRNA-08804,CTATGTCTGGGTGAACAAACATTCTCTGCAT
phage-gRNA-08805,TCTGGGTGAACAAACATTCTCTGCATAATGC
phage-gRNA-08806,GTGAACAAACATTCTCTGCATAATGCCCTCT
phage-gRNA-08807,CAAACATTCTCTGCATAATGCCCTCTTTTAA
phage-gRNA-08808,ATTCTCTGCATAATGCCCTCTTTTAAGTACC
phage-gRNA-08809,CTGCATAATGCCCTCTTTTAAGTACCTATTA
phage-gRNA-08810,TAATGCCCTCTTTTAAGTACCTATTAAACTT
phage-gRNA-08811,TAGAGGCCAGCATTTCATTTACAGTAGTCAT
phage-gRNA-08812,GCCAGCATTTCATTTACAGTAGTCATATTAA
phage-gRNA-08813,CATTTCATTTACAGTAGTCATATTAATTCTC
phage-gRNA-08814,CATTTACAGTAGTCATATTAATTCTCTCTCA
phage-gRNA-08815,ACAGTAGTCATATTAATTCTCTCTCATTTTG
phage-gRNA-08816,AGTCATATTAATTCTCTCTCATTTTGTTAAG
phage-gRNA-08817,TATTAATTCTCTCTCATTTTGTTAAGTGTTT
phage-gRNA-08818,CCTTTCCAGTAAATGCAATAATACTTTTCAT
phage-gRNA-08819,CCAGTAAATGCAATAATACTTTTCATATACC
phage-gRNA-08820,AAATGCAATAATACTTTTCATATACCTTTAT
phage-gRNA-08821,CAATAATACTTTTCATATACCTTTATCTCCA
phage-gRNA-08822,ATACTTTTCATATACCTTTATCTCCATACGA
phage-gRNA-08823,TTTCATATACCTTTATCTCCATACGAAAAAG
phage-gRNA-08824,TATACCTTTATCTCCATACGAAAAAGCCCCC
phage-gRNA-08825,GGTCAACAACTTCTAAATTATTCACTCTCAT
phage-gRNA-08826,ACAACTTCTAAATTATTCACTCTCATCTTCA
phage-gRNA-08827,TTCTAAATTATTCACTCTCATCTTCATCTCT
phage-gRNA-08828,AATTATTCACTCTCATCTTCATCTCTCTTAT
phage-gRNA-08829,TTCACTCTCATCTTCATCTCTCTTATTTAAT
phage-gRNA-08830,TCTCATCTTCATCTCTCTTATTTAATGATAA
phage-gRNA-08831,TCTTCATCTCTCTTATTTAATGATAATAGCT
phage-gRNA-08832,CAGCTTCCTTCAATTTACGACCTTTAGACAT
phage-gRNA-08833,TCCTTCAATTTACGACCTTTAGACATTAGCA
phage-gRNA-08834,CAATTTACGACCTTTAGACATTAGCACCTCT
phage-gRNA-08835,TACGACCTTTAGACATTAGCACCTCTGCGTT
phage-gRNA-08836,CCTTTAGACATTAGCACCTCTGCGTTTTAGT
phage-gRNA-08837,AGACATTAGCACCTCTGCGTTTTAGTTCTGC
phage-gRNA-08838,TTAGCACCTCTGCGTTTTAGTTCTGCTTTCA
phage-gRNA-08839,ACGCATCAGTCAGTTTCAAACGGGCAGTCAT
phage-gRNA-08840,TCAGTCAGTTTCAAACGGGCAGTCATCATCT
phage-gRNA-08841,CAGTTTCAAACGGGCAGTCATCATCTTCTCC
phage-gRNA-08842,TCAAACGGGCAGTCATCATCTTCTCCGTCTT
phage-gRNA-08843,CGGGCAGTCATCATCTTCTCCGTCTTCGTTT
phage-gRNA-08844,AGTCATCATCTTCTCCGTCTTCGTTTAATAC
phage-gRNA-08845,TCATCTTCTCCGTCTTCGTTTAATACTGGTG
phage-gRNA-08846,ATACTTTTTCAAACGCTTTAGAATGTTTCAT
phage-gRNA-08847,TTTTCAAACGCTTTAGAATGTTTCATACAAC
phage-gRNA-08848,AAACGCTTTAGAATGTTTCATACAACTCTCC
phage-gRNA-08849,CTTTAGAATGTTTCATACAACTCTCCGATAA
phage-gRNA-08850,GAATGTTTCATACAACTCTCCGATAAATTTC
phage-gRNA-08851,TTTCATACAACTCTCCGATAAATTTCGTATT
phage-gRNA-08852,TACAACTCTCCGATAAATTTCGTATTCAAAT
phage-gRNA-08853,CCGGAGATTTCATTTTAACAACTTTAGACAT
phage-gRNA-08854,GATTTCATTTTAACAACTTTAGACATTCTTA
phage-gRNA-08855,CATTTTAACAACTTTAGACATTCTTAAATCC
phage-gRNA-08856,TAACAACTTTAGACATTCTTAAATCCTCTTT
phage-gRNA-08857,ACTTTAGACATTCTTAAATCCTCTTTCTCAA
phage-gRNA-08858,AGACATTCTTAAATCCTCTTTCTCAAAATTA
phage-gRNA-08859,TTCTTAAATCCTCTTTCTCAAAATTATTTCT
phage-gRNA-08860,CTGGGAGTTTTGTTAACGTGTACTTTTCCAT
phage-gRNA-08861,AGTTTTGTTAACGTGTACTTTTCCATTTGTA
phage-gRNA-08862,TGTTAACGTGTACTTTTCCATTTGTATCTCC
phage-gRNA-08863,ACGTGTACTTTTCCATTTGTATCTCCAATAC
phage-gRNA-08864,TACTTTTCCATTTGTATCTCCAATACGAAAA
phage-gRNA-08865,TTCCATTTGTATCTCCAATACGAAAAAGCCC
phage-gRNA-08866,TTTGTATCTCCAATACGAAAAAGCCCCATAC
phage-gRNA-08867,CAGGGCAATTGCCAAAACCTTTAATCTTCAT
phage-gRNA-08868,CAATTGCCAAAACCTTTAATCTTCATTCATA
phage-gRNA-08869,GCCAAAACCTTTAATCTTCATTCATAACAGG
phage-gRNA-08870,AACCTTTAATCTTCATTCATAACAGGCTCCC
phage-gRNA-08871,TTAATCTTCATTCATAACAGGCTCCCAACCA
phage-gRNA-08872,CTTCATTCATAACAGGCTCCCAACCATATTT
phage-gRNA-08873,TTCATAACAGGCTCCCAACCATATTTAGCAA
phage-gRNA-08874,CTACGTGGTCATTCTTCAGTTTGTTAAACAT
phage-gRNA-08875,TGGTCATTCTTCAGTTTGTTAAACATAATCT
phage-gRNA-08876,ATTCTTCAGTTTGTTAAACATAATCTTATTC
phage-gRNA-08877,TCAGTTTGTTAAACATAATCTTATTCTCTCT
phage-gRNA-08878,TTGTTAAACATAATCTTATTCTCTCTCATTA
phage-gRNA-08879,AAACATAATCTTATTCTCTCTCATTAAGTTT
phage-gRNA-08880,TAATCTTATTCTCTCTCATTAAGTTTCATGA
phage-gRNA-08881,AAGTTAAAACGGATTCTCTGGAATTAAACAT
phage-gRNA-08882,AAAACGGATTCTCTGGAATTAAACATTAAAC
phage-gRNA-08883,GGATTCTCTGGAATTAAACATTAAACCTCCT
phage-gRNA-08884,CTCTGGAATTAAACATTAAACCTCCTGAAAC
phage-gRNA-08885,GAATTAAACATTAAACCTCCTGAAACAGTTT
phage-gRNA-08886,AAACATTAAACCTCCTGAAACAGTTTCTGCT
phage-gRNA-08887,TTAAACCTCCTGAAACAGTTTCTGCTGAGAC
phage-gRNA-08888,CCTCTTCAGTATTAATGTTCTGTGAATCCAT
phage-gRNA-08889,TCAGTATTAATGTTCTGTGAATCCATTATAA
phage-gRNA-08890,ATTAATGTTCTGTGAATCCATTATAACCAAC
phage-gRNA-08891,TGTTCTGTGAATCCATTATAACCAACCCCTT
phage-gRNA-08892,TGTGAATCCATTATAACCAACCCCTTTTAAC
phage-gRNA-08893,ATCCATTATAACCAACCCCTTTTAACCAATT
phage-gRNA-08894,TTATAACCAACCCCTTTTAACCAATTCTTAA
phage-gRNA-08895,CTTCAATTGTAAGCTTGTTTGCTTTAGACAT
phage-gRNA-08896,ATTGTAAGCTTGTTTGCTTTAGACATGATAT
phage-gRNA-08897,AAGCTTGTTTGCTTTAGACATGATATTTATC
phage-gRNA-08898,TGTTTGCTTTAGACATGATATTTATCCAAGT
phage-gRNA-08899,GCTTTAGACATGATATTTATCCAAGTTTCGT
phage-gRNA-08900,AGACATGATATTTATCCAAGTTTCGTTTTAG
phage-gRNA-08901,TGATATTTATCCAAGTTTCGTTTTAGGTAAA
phage-gRNA-08902,TACCGTCAGATTTGCGAATGGTCTTAATCAT
phage-gRNA-08903,TCAGATTTGCGAATGGTCTTAATCATTATTT
phage-gRNA-08904,TTTGCGAATGGTCTTAATCATTATTTTAGAG
phage-gRNA-08905,GAATGGTCTTAATCATTATTTTAGAGTCCTA
phage-gRNA-08906,GTCTTAATCATTATTTTAGAGTCCTACAGGT
phage-gRNA-08907,AATCATTATTTTAGAGTCCTACAGGTGAAAA
phage-gRNA-08908,TTATTTTAGAGTCCTACAGGTGAAAAAGGGT
phage-gRNA-08909,GTACTCTTGCATTACGAATTAAATCTAGCAT
phage-gRNA-08910,CTTGCATTACGAATTAAATCTAGCATATCTT
phage-gRNA-08911,ATTACGAATTAAATCTAGCATATCTTTCTCC
phage-gRNA-08912,GAATTAAATCTAGCATATCTTTCTCCAAGTT
phage-gRNA-08913,AAATCTAGCATATCTTTCTCCAAGTTAATTT
phage-gRNA-08914,TAGCATATCTTTCTCCAAGTTAATTTTAGAG
phage-gRNA-08915,TATCTTTCTCCAAGTTAATTTTAGAGGGTCT
phage-gRNA-08916,CACCTAAGAAAATTGGATGTGGATTAATCAT
phage-gRNA-08917,AAGAAAATTGGATGTGGATTAATCATTCCGG
phage-gRNA-08918,AATTGGATGTGGATTAATCATTCCGGTAAGA
phage-gRNA-08919,GATGTGGATTAATCATTCCGGTAAGATTCCT
phage-gRNA-08920,GGATTAATCATTCCGGTAAGATTCCTGTATC
phage-gRNA-08921,AATCATTCCGGTAAGATTCCTGTATCTAAAA
phage-gRNA-08922,TTCCGGTAAGATTCCTGTATCTAAAAAGTTT
phage-gRNA-08923,ATCCATCTTTTGAGTAAATTACATAAGTCAT
phage-gRNA-08924,TCTTTTGAGTAAATTACATAAGTCATTAAGG
phage-gRNA-08925,TGAGTAAATTACATAAGTCATTAAGGAACCT
phage-gRNA-08926,AAATTACATAAGTCATTAAGGAACCTCTAAA
phage-gRNA-08927,ACATAAGTCATTAAGGAACCTCTAAAAATCC
phage-gRNA-08928,AGTCATTAAGGAACCTCTAAAAATCCTGAAT
phage-gRNA-08929,TTAAGGAACCTCTAAAAATCCTGAATTTAAA
phage-gRNA-08930,CAACAAAACCATCCCATAAACGTTTAAGCAT
phage-gRNA-08931,AAACCATCCCATAAACGTTTAAGCATTATTC
phage-gRNA-08932,ATCCCATAAACGTTTAAGCATTATTCACCTC
phage-gRNA-08933,ATAAACGTTTAAGCATTATTCACCTCTGCCA
phage-gRNA-08934,CGTTTAAGCATTATTCACCTCTGCCATAAAG
phage-gRNA-08935,AAGCATTATTCACCTCTGCCATAAAGTTTTG
phage-gRNA-08936,TTATTCACCTCTGCCATAAAGTTTTGTAGTG
phage-gRNA-08937,CATCTTTCTTAATAACTTGTACTTTAACCAT
phage-gRNA-08938,TTCTTAATAACTTGTACTTTAACCATTCTAA
phage-gRNA-08939,AATAACTTGTACTTTAACCATTCTAACTCCT
phage-gRNA-08940,CTTGTACTTTAACCATTCTAACTCCTAATGC
phage-gRNA-08941,ACTTTAACCATTCTAACTCCTAATGCAAAAA
phage-gRNA-08942,AACCATTCTAACTCCTAATGCAAAAAAGGTC
phage-gRNA-08943,TTCTAACTCCTAATGCAAAAAAGGTCTCCGA
phage-gRNA-08944,TTAACTTGTCATAGATTAGTTCATAGTTCAT
phage-gRNA-08945,TTGTCATAGATTAGTTCATAGTTCATTCACC
phage-gRNA-08946,ATAGATTAGTTCATAGTTCATTCACCACCTT
phage-gRNA-08947,TTAGTTCATAGTTCATTCACCACCTTACATA
phage-gRNA-08948,TCATAGTTCATTCACCACCTTACATAGACTT
phage-gRNA-08949,GTTCATTCACCACCTTACATAGACTTTCTAT
phage-gRNA-08950,TTCACCACCTTACATAGACTTTCTATCCTTA
phage-gRNA-08951,AATTTATTTGATTTTTATTTAACTTAGTCAT
phage-gRNA-08952,ATTTGATTTTTATTTAACTTAGTCATCTTTC
phage-gRNA-08953,ATTTTTATTTAACTTAGTCATCTTTCTTTCC
phage-gRNA-08954,TATTTAACTTAGTCATCTTTCTTTCCTTTCA
phage-gRNA-08955,AACTTAGTCATCTTTCTTTCCTTTCAATGTG
phage-gRNA-08956,AGTCATCTTTCTTTCCTTTCAATGTGTTGTA
phage-gRNA-08957,TCTTTCTTTCCTTTCAATGTGTTGTATAAAA
phage-gRNA-08958,TATCGAATTTTCGTATTTCCATGTAATTCAT
phage-gRNA-08959,AATTTTCGTATTTCCATGTAATTCATTAAAT
phage-gRNA-08960,TCGTATTTCCATGTAATTCATTAAATCACCT
phage-gRNA-08961,TTTCCATGTAATTCATTAAATCACCTCAACT
phage-gRNA-08962,ATGTAATTCATTAAATCACCTCAACTTCAAA
phage-gRNA-08963,ATTCATTAAATCACCTCAACTTCAAACCTTA
phage-gRNA-08964,TTAAATCACCTCAACTTCAAACCTTACATGT
phage-gRNA-08965,GCTCTCCATTGACAGTCACCTTGCCAGCCAT
phage-gRNA-08966,CCATTGACAGTCACCTTGCCAGCCATATTCT
phage-gRNA-08967,GACAGTCACCTTGCCAGCCATATTCTTTTCT
phage-gRNA-08968,TCACCTTGCCAGCCATATTCTTTTCTCCAAA
phage-gRNA-08969,TTGCCAGCCATATTCTTTTCTCCAAAGTATT
phage-gRNA-08970,AGCCATATTCTTTTCTCCAAAGTATTTGATT
phage-gRNA-08971,TATTCTTTTCTCCAAAGTATTTGATTATCAG
phage-gRNA-08972,AACCTGCTTTCATGTTTGAAAAAATACCCAT
phage-gRNA-08973,GCTTTCATGTTTGAAAAAATACCCATTTTAA
phage-gRNA-08974,CATGTTTGAAAAAATACCCATTTTAATATCT
phage-gRNA-08975,TTGAAAAAATACCCATTTTAATATCTCTCTT
phage-gRNA-08976,AAAATACCCATTTTAATATCTCTCTTTTAAA
phage-gRNA-08977,ACCCATTTTAATATCTCTCTTTTAAAGTTTA
phage-gRNA-08978,TTTTAATATCTCTCTTTTAAAGTTTAATACA
phage-gRNA-08979,GAATTTTACGGGTGTTATAAATCTTTTCCAT
phage-gRNA-08980,TTACGGGTGTTATAAATCTTTTCCATTTTAG
phage-gRNA-08981,GGTGTTATAAATCTTTTCCATTTTAGTAATC
phage-gRNA-08982,TATAAATCTTTTCCATTTTAGTAATCCTTAC
phage-gRNA-08983,ATCTTTTCCATTTTAGTAATCCTTACTTGCT
phage-gRNA-08984,TTCCATTTTAGTAATCCTTACTTGCTACGTT
phage-gRNA-08985,TTTTAGTAATCCTTACTTGCTACGTTTACGG
phage-gRNA-08986,CAGCAGCATGTTTTAGATTTGAATAGTACAT
phage-gRNA-08987,GCATGTTTTAGATTTGAATAGTACATGATTT
phage-gRNA-08988,TTTTAGATTTGAATAGTACATGATTTCTCCA
phage-gRNA-08989,GATTTGAATAGTACATGATTTCTCCAAAATA
phage-gRNA-08990,GAATAGTACATGATTTCTCCAAAATAAAAAG
phage-gRNA-08991,GTACATGATTTCTCCAAAATAAAAAGGGAAC
phage-gRNA-08992,TGATTTCTCCAAAATAAAAAGGGAACCTTTT
phage-gRNA-08993,GTTCTTTGATTTCCCATTGTTCTCTAGCCAT
phage-gRNA-08994,TTGATTTCCCATTGTTCTCTAGCCATGATAA
phage-gRNA-08995,TTCCCATTGTTCTCTAGCCATGATAAGTTGC
phage-gRNA-08996,ATTGTTCTCTAGCCATGATAAGTTGCCTCAT
phage-gRNA-08997,TCTCTAGCCATGATAAGTTGCCTCATAAACT
phage-gRNA-08998,AGCCATGATAAGTTGCCTCATAAACTGTCTC
phage-gRNA-08999,TGATAAGTTGCCTCATAAACTGTCTCAAGCT
phage-gRNA-09000,AATTAATCAGGACTTGAATAATAGTTTTCAT
phage-gRNA-09001,ATCAGGACTTGAATAATAGTTTTCATAATAT
phage-gRNA-09002,GACTTGAATAATAGTTTTCATAATATTTCTC
phage-gRNA-09003,GAATAATAGTTTTCATAATATTTCTCTCAGT
phage-gRNA-09004,ATAGTTTTCATAATATTTCTCTCAGTCAAAA
phage-gRNA-09005,TTTCATAATATTTCTCTCAGTCAAAAGTTAC
phage-gRNA-09006,TAATATTTCTCTCAGTCAAAAGTTACAAATG
phage-gRNA-09007,TTAGGTATTTTTCAAAGTAACCCTTATCCAT
phage-gRNA-09008,TATTTTTCAAAGTAACCCTTATCCATCTTGT
phage-gRNA-09009,TTCAAAGTAACCCTTATCCATCTTGTTACCT
phage-gRNA-09010,AGTAACCCTTATCCATCTTGTTACCTATTCA
phage-gRNA-09011,CCCTTATCCATCTTGTTACCTATTCAATGTT
phage-gRNA-09012,ATCCATCTTGTTACCTATTCAATGTTTGCTA
phage-gRNA-09013,TCTTGTTACCTATTCAATGTTTGCTACAGTC
phage-gRNA-09014,CTGCTGGTACTGCGTAAAGTGATTTACTCAT
phage-gRNA-09015,GGTACTGCGTAAAGTGATTTACTCATATTTT
phage-gRNA-09016,TGCGTAAAGTGATTTACTCATATTTTATATC
phage-gRNA-09017,AAAGTGATTTACTCATATTTTATATCTCTCT
phage-gRNA-09018,GATTTACTCATATTTTATATCTCTCTATTAG
phage-gRNA-09019,ACTCATATTTTATATCTCTCTATTAGTTATG
phage-gRNA-09020,TATTTTATATCTCTCTATTAGTTATGTCTTG
phage-gRNA-09021,CTGTATAAAATAAATCAGTGTTAAATCTCAT
phage-gRNA-09022,TAAAATAAATCAGTGTTAAATCTCATAACAT
phage-gRNA-09023,TAAATCAGTGTTAAATCTCATAACATTCTCC
phage-gRNA-09024,CAGTGTTAAATCTCATAACATTCTCCACAAA
phage-gRNA-09025,TTAAATCTCATAACATTCTCCACAAATTAAA
phage-gRNA-09026,TCTCATAACATTCTCCACAAATTAAAAAGGC
phage-gRNA-09027,TAACATTCTCCACAAATTAAAAAGGCTCCCG
phage-gRNA-09028,TTACATTGACATTCATCTGTTTAATTTTCAT
phage-gRNA-09029,TTGACATTCATCTGTTTAATTTTCATAGTCT
phage-gRNA-09030,ATTCATCTGTTTAATTTTCATAGTCTATTAA
phage-gRNA-09031,TCTGTTTAATTTTCATAGTCTATTAATCCCT
phage-gRNA-09032,TTAATTTTCATAGTCTATTAATCCCTTTGCA
phage-gRNA-09033,TTTCATAGTCTATTAATCCCTTTGCAAGTTT
phage-gRNA-09034,TAGTCTATTAATCCCTTTGCAAGTTTTACGA
phage-gRNA-09035,ACAGTACAAGTTCTAACCAATAACTTTGCAT
phage-gRNA-09036,ACAAGTTCTAACCAATAACTTTGCATACCTT
phage-gRNA-09037,TTCTAACCAATAACTTTGCATACCTTATCTC
phage-gRNA-09038,ACCAATAACTTTGCATACCTTATCTCCTACA
phage-gRNA-09039,TAACTTTGCATACCTTATCTCCTACAGTTCT
phage-gRNA-09040,TTGCATACCTTATCTCCTACAGTTCTGAATA
phage-gRNA-09041,TACCTTATCTCCTACAGTTCTGAATAGGACA
phage-gRNA-09042,TTACAGTTGCGTGGTCATTTACCATGCGCAT
phage-gRNA-09043,GTTGCGTGGTCATTTACCATGCGCATAAGAA
phage-gRNA-09044,GTGGTCATTTACCATGCGCATAAGAATATCT
phage-gRNA-09045,CATTTACCATGCGCATAAGAATATCTCCTTA
phage-gRNA-09046,ACCATGCGCATAAGAATATCTCCTTAGTGGT
phage-gRNA-09047,GCGCATAAGAATATCTCCTTAGTGGTTGATG
phage-gRNA-09048,TAAGAATATCTCCTTAGTGGTTGATGTGGCA
phage-gRNA-09049,CGTCGATTTGTGCTTTAGTCTTAGTAGTCAT
phage-gRNA-09050,ATTTGTGCTTTAGTCTTAGTAGTCATCTTAA
phage-gRNA-09051,TGCTTTAGTCTTAGTAGTCATCTTAATATCT
phage-gRNA-09052,TAGTCTTAGTAGTCATCTTAATATCTCTCTT
phage-gRNA-09053,TTAGTAGTCATCTTAATATCTCTCTTTGTTG
phage-gRNA-09054,AGTCATCTTAATATCTCTCTTTGTTGTTTAA
phage-gRNA-09055,TCTTAATATCTCTCTTTGTTGTTTAAAGTTA
phage-gRNA-09056,ATAAGCACAAACCTAAAACAAATTTCTTCAT
phage-gRNA-09057,CACAAACCTAAAACAAATTTCTTCATTTGCA
phage-gRNA-09058,ACCTAAAACAAATTTCTTCATTTGCACTCCT
phage-gRNA-09059,AAACAAATTTCTTCATTTGCACTCCTATTTT
phage-gRNA-09060,AATTTCTTCATTTGCACTCCTATTTTGTTAA
phage-gRNA-09061,CTTCATTTGCACTCCTATTTTGTTAAACATG
phage-gRNA-09062,TTTGCACTCCTATTTTGTTAAACATGCAGAC
phage-gRNA-09063,GAACCGTATCAAATTGTTTTGATTCGCTCAT
phage-gRNA-09064,GTATCAAATTGTTTTGATTCGCTCATATTTT
phage-gRNA-09065,AAATTGTTTTGATTCGCTCATATTTTACCTT
phage-gRNA-09066,GTTTTGATTCGCTCATATTTTACCTTTTTAA
phage-gRNA-09067,GATTCGCTCATATTTTACCTTTTTAATGTTT
phage-gRNA-09068,GCTCATATTTTACCTTTTTAATGTTTGTTGC
phage-gRNA-09069,TATTTTACCTTTTTAATGTTTGTTGCAAACT
phage-gRNA-09070,CATCGATAGCTACTGTAATAATGTTTTGCAT
phage-gRNA-09071,ATAGCTACTGTAATAATGTTTTGCATGATTT
phage-gRNA-09072,TACTGTAATAATGTTTTGCATGATTTACTCT
phage-gRNA-09073,TAATAATGTTTTGCATGATTTACTCTCTCAG
phage-gRNA-09074,ATGTTTTGCATGATTTACTCTCTCAGTTTTT
phage-gRNA-09075,TTGCATGATTTACTCTCTCAGTTTTTAACAA
phage-gRNA-09076,TGATTTACTCTCTCAGTTTTTAACAAGCATT
phage-gRNA-09077,AAGCTGCTTGACAAAATTCTTTAAATGTCAT
phage-gRNA-09078,GCTTGACAAAATTCTTTAAATGTCATTTAAC
phage-gRNA-09079,ACAAAATTCTTTAAATGTCATTTAACTTCTC
phage-gRNA-09080,ATTCTTTAAATGTCATTTAACTTCTCCTAAA
phage-gRNA-09081,TTAAATGTCATTTAACTTCTCCTAAAAATGA
phage-gRNA-09082,TGTCATTTAACTTCTCCTAAAAATGAAAAAG
phage-gRNA-09083,TTTAACTTCTCCTAAAAATGAAAAAGGCTCC
phage-gRNA-09084,TCATTAATAAAGACTGTCTTAGTTTTTTCAT
phage-gRNA-09085,AATAAAGACTGTCTTAGTTTTTTCATAATTC
phage-gRNA-09086,AGACTGTCTTAGTTTTTTCATAATTCAATAC
phage-gRNA-09087,GTCTTAGTTTTTTCATAATTCAATACCTCTT
phage-gRNA-09088,AGTTTTTTCATAATTCAATACCTCTTTTGTG
phage-gRNA-09089,TTTCATAATTCAATACCTCTTTTGTGTGTTT
phage-gRNA-09090,TAATTCAATACCTCTTTTGTGTGTTTGTTTT
phage-gRNA-09091,CCACGAAAAAAGTTTCATTCTTTTCTGTCAT
phage-gRNA-09092,AAAAAAGTTTCATTCTTTTCTGTCATTGCTG
phage-gRNA-09093,AGTTTCATTCTTTTCTGTCATTGCTGCTTAT
phage-gRNA-09094,CATTCTTTTCTGTCATTGCTGCTTATTCCCT
phage-gRNA-09095,TTTTCTGTCATTGCTGCTTATTCCCTAACAA
phage-gRNA-09096,TGTCATTGCTGCTTATTCCCTAACAAAATCA
phage-gRNA-09097,TTGCTGCTTATTCCCTAACAAAATCATATCA
phage-gRNA-09098,CAATCAGTTTAAGCAACTCTTGCTTATCCAT
phage-gRNA-09099,AGTTTAAGCAACTCTTGCTTATCCATGTTAT
phage-gRNA-09100,AAGCAACTCTTGCTTATCCATGTTATTTCCT
phage-gRNA-09101,ACTCTTGCTTATCCATGTTATTTCCTCGTTT
phage-gRNA-09102,TGCTTATCCATGTTATTTCCTCGTTTTAAGA
phage-gRNA-09103,ATCCATGTTATTTCCTCGTTTTAAGAACTGC
phage-gRNA-09104,TGTTATTTCCTCGTTTTAAGAACTGCGTAGA
phage-gRNA-09105,AACGGTCTGCATCATCTGCACAGTCACCCAT
phage-gRNA-09106,TCTGCATCATCTGCACAGTCACCCATTTGCA
phage-gRNA-09107,ATCATCTGCACAGTCACCCATTTGCAATAAC
phage-gRNA-09108,CTGCACAGTCACCCATTTGCAATAACCTCTT
phage-gRNA-09109,CAGTCACCCATTTGCAATAACCTCTTTAATC
phage-gRNA-09110,ACCCATTTGCAATAACCTCTTTAATCTGCTG
phage-gRNA-09111,TTTGCAATAACCTCTTTAATCTGCTGAAGTA
phage-gRNA-09112,CGGCTACATAATTCTTACCATCTAACTGCAT
phage-gRNA-09113,ACATAATTCTTACCATCTAACTGCATAATCA
phage-gRNA-09114,ATTCTTACCATCTAACTGCATAATCACTCTC
phage-gRNA-09115,TACCATCTAACTGCATAATCACTCTCCAGTG
phage-gRNA-09116,TCTAACTGCATAATCACTCTCCAGTGAAGAA
phage-gRNA-09117,CTGCATAATCACTCTCCAGTGAAGAACTTAA
phage-gRNA-09118,TAATCACTCTCCAGTGAAGAACTTAACTCTG
phage-gRNA-09119,TCTTTTTACAGCGTGTGATTATTGCTTTCAT
phage-gRNA-09120,TTACAGCGTGTGATTATTGCTTTCATACATC
phage-gRNA-09121,GCGTGTGATTATTGCTTTCATACATCACCCT
phage-gRNA-09122,TGATTATTGCTTTCATACATCACCCTTTCAG
phage-gRNA-09123,ATTGCTTTCATACATCACCCTTTCAGTTAGT
phage-gRNA-09124,TTTCATACATCACCCTTTCAGTTAGTTCGAA
phage-gRNA-09125,TACATCACCCTTTCAGTTAGTTCGAACAGGT
phage-gRNA-09126,CAATAGAACACTTAGTGCAGAAATCAGCCAT
phage-gRNA-09127,GAACACTTAGTGCAGAAATCAGCCATTTGAG
phage-gRNA-09128,CTTAGTGCAGAAATCAGCCATTTGAGATTAC
phage-gRNA-09129,TGCAGAAATCAGCCATTTGAGATTACCTCTT
phage-gRNA-09130,AAATCAGCCATTTGAGATTACCTCTTGGAAG
phage-gRNA-09131,AGCCATTTGAGATTACCTCTTGGAAGAATAC
phage-gRNA-09132,TTTGAGATTACCTCTTGGAAGAATACATCTT
phage-gRNA-09133,TATCACCTTTAATAATCTTTACGATACCCAT
phage-gRNA-09134,CCTTTAATAATCTTTACGATACCCATATTAA
phage-gRNA-09135,AATAATCTTTACGATACCCATATTAATAATG
phage-gRNA-09136,TCTTTACGATACCCATATTAATAATGCTCCC
phage-gRNA-09137,ACGATACCCATATTAATAATGCTCCCAACGT
phage-gRNA-09138,ACCCATATTAATAATGCTCCCAACGTTCGTT
phage-gRNA-09139,TATTAATAATGCTCCCAACGTTCGTTGTCTT
phage-gRNA-09140,CAACAATCATTAATTCACGTTGATATAACAT
phage-gRNA-09141,ATCATTAATTCACGTTGATATAACATCTTAG
phage-gRNA-09142,TAATTCACGTTGATATAACATCTTAGATTCT
phage-gRNA-09143,CACGTTGATATAACATCTTAGATTCTCCAGT
phage-gRNA-09144,TGATATAACATCTTAGATTCTCCAGTTTAGG
phage-gRNA-09145,TAACATCTTAGATTCTCCAGTTTAGGATTGT
phage-gRNA-09146,TCTTAGATTCTCCAGTTTAGGATTGTTGGGG
phage-gRNA-09147,TGTACTTTATTACATAACCTTCTTTAATCAT
phage-gRNA-09148,TTTATTACATAACCTTCTTTAATCATTGTCA
phage-gRNA-09149,TACATAACCTTCTTTAATCATTGTCAAGCCC
phage-gRNA-09150,AACCTTCTTTAATCATTGTCAAGCCCTTTTA
phage-gRNA-09151,TCTTTAATCATTGTCAAGCCCTTTTAAACGT
phage-gRNA-09152,AATCATTGTCAAGCCCTTTTAAACGTTATAG
phage-gRNA-09153,TTGTCAAGCCCTTTTAAACGTTATAGTAATA
phage-gRNA-09154,TGTTGATAAATTTAGGCGCACGATATTTCAT
phage-gRNA-09155,ATAAATTTAGGCGCACGATATTTCATTTTAG
phage-gRNA-09156,TTTAGGCGCACGATATTTCATTTTAGATTCT
phage-gRNA-09157,GCGCACGATATTTCATTTTAGATTCTCCAGT
phage-gRNA-09158,CGATATTTCATTTTAGATTCTCCAGTTTAGG
phage-gRNA-09159,TTTCATTTTAGATTCTCCAGTTTAGGACTAT
phage-gRNA-09160,TTTTAGATTCTCCAGTTTAGGACTATTGGTT
phage-gRNA-09161,CAGTAATTACAATATTTTTGATAGTAGCCAT
phage-gRNA-09162,ATTACAATATTTTTGATAGTAGCCATTTTTA
phage-gRNA-09163,AATATTTTTGATAGTAGCCATTTTTAAAACT
phage-gRNA-09164,TTTTGATAGTAGCCATTTTTAAAACTCCAGT
phage-gRNA-09165,ATAGTAGCCATTTTTAAAACTCCAGTTTAGG
phage-gRNA-09166,AGCCATTTTTAAAACTCCAGTTTAGGTTAGT
phage-gRNA-09167,TTTTTAAAACTCCAGTTTAGGTTAGTGATAA
phage-gRNA-09168,CAACTTCAAAAATAGCATCAGTGGTTTTCAT
phage-gRNA-09169,TCAAAAATAGCATCAGTGGTTTTCATTTTAG
phage-gRNA-09170,AATAGCATCAGTGGTTTTCATTTTAGAATCT
phage-gRNA-09171,CATCAGTGGTTTTCATTTTAGAATCTCCAGT
phage-gRNA-09172,GTGGTTTTCATTTTAGAATCTCCAGTTTAGG
phage-gRNA-09173,TTTCATTTTAGAATCTCCAGTTTAGGACTAT
phage-gRNA-09174,TTTTAGAATCTCCAGTTTAGGACTATTGGTT
phage-gRNA-09175,ATTTAGTTCTAACGTTTGCGGAAATAAACAT
phage-gRNA-09176,GTTCTAACGTTTGCGGAAATAAACATTTTGA
phage-gRNA-09177,AACGTTTGCGGAAATAAACATTTTGATTCTC
phage-gRNA-09178,TTGCGGAAATAAACATTTTGATTCTCCAGTT
phage-gRNA-09179,GAAATAAACATTTTGATTCTCCAGTTTAGGA
phage-gRNA-09180,AAACATTTTGATTCTCCAGTTTAGGATTGTT
phage-gRNA-09181,TTTTGATTCTCCAGTTTAGGATTGTTGGTAA
phage-gRNA-09182,AGATAAAAATAGCTGTATATGTGATTAACAT
phage-gRNA-09183,AAAATAGCTGTATATGTGATTAACATTTGTT
phage-gRNA-09184,AGCTGTATATGTGATTAACATTTGTTTACAC
phage-gRNA-09185,TATATGTGATTAACATTTGTTTACACCTTTG
phage-gRNA-09186,GTGATTAACATTTGTTTACACCTTTGTGAAA
phage-gRNA-09187,TAACATTTGTTTACACCTTTGTGAAATAGTT
phage-gRNA-09188,TTTGTTTACACCTTTGTGAAATAGTTTCCCA
phage-gRNA-09189,TAAGGGTATTACCATTGTTAGTTGTATACAT
phage-gRNA-09190,GTATTACCATTGTTAGTTGTATACATTTTAG
phage-gRNA-09191,ACCATTGTTAGTTGTATACATTTTAGATTCT
phage-gRNA-09192,TGTTAGTTGTATACATTTTAGATTCTCCAGT
phage-gRNA-09193,GTTGTATACATTTTAGATTCTCCAGTTTAGG
phage-gRNA-09194,ATACATTTTAGATTCTCCAGTTTAGGAATTT
phage-gRNA-09195,TTTTAGATTCTCCAGTTTAGGAATTTTGCTT
phage-gRNA-09196,TTGCAACTTCTTTATGATTAATAGTAGTCAT
phage-gRNA-09197,ACTTCTTTATGATTAATAGTAGTCATTTTGA
phage-gRNA-09198,TTTATGATTAATAGTAGTCATTTTGATTCTC
phage-gRNA-09199,GATTAATAGTAGTCATTTTGATTCTCCAGTT
phage-gRNA-09200,ATAGTAGTCATTTTGATTCTCCAGTTTAGGT
phage-gRNA-09201,AGTCATTTTGATTCTCCAGTTTAGGTTAGTG
phage-gRNA-09202,TTTTGATTCTCCAGTTTAGGTTAGTGTCAGA
phage-gRNA-09203,AGGTATCAGGGATATTCAGCATATTAAACAT
phage-gRNA-09204,TCAGGGATATTCAGCATATTAAACATTTTTA
phage-gRNA-09205,GATATTCAGCATATTAAACATTTTTAGATTC
phage-gRNA-09206,TCAGCATATTAAACATTTTTAGATTCTCCAG
phage-gRNA-09207,ATATTAAACATTTTTAGATTCTCCAGTTTAG
phage-gRNA-09208,AAACATTTTTAGATTCTCCAGTTTAGGATTG
phage-gRNA-09209,TTTTTAGATTCTCCAGTTTAGGATTGTTGGG
phage-gRNA-09210,TTTCTTGAGTAGTACCATGAAAGCATTTCAT
phage-gRNA-09211,TGAGTAGTACCATGAAAGCATTTCATTTTAG
phage-gRNA-09212,AGTACCATGAAAGCATTTCATTTTAGATTCT
phage-gRNA-09213,CATGAAAGCATTTCATTTTAGATTCTCCAGT
phage-gRNA-09214,AAGCATTTCATTTTAGATTCTCCAGTTTAGG
phage-gRNA-09215,TTTCATTTTAGATTCTCCAGTTTAGGATTGT
phage-gRNA-09216,TTTTAGATTCTCCAGTTTAGGATTGTTGGTA
phage-gRNA-09217,AGGAAAGGATAAGATAGATTGTTGTAAGCAT
phage-gRNA-09218,AGGATAAGATAGATTGTTGTAAGCATCTTTT
phage-gRNA-09219,AAGATAGATTGTTGTAAGCATCTTTTAAAGC
phage-gRNA-09220,AGATTGTTGTAAGCATCTTTTAAAGCTCCTG
phage-gRNA-09221,GTTGTAAGCATCTTTTAAAGCTCCTGTAAGC
phage-gRNA-09222,AAGCATCTTTTAAAGCTCCTGTAAGCCCCTA
phage-gRNA-09223,TCTTTTAAAGCTCCTGTAAGCCCCTATGCGG
phage-gRNA-09224,CAATGGTTTTTACATTCAAGATTTGCAACAT
phage-gRNA-09225,GTTTTTACATTCAAGATTTGCAACATTTTAG
phage-gRNA-09226,TACATTCAAGATTTGCAACATTTTAGATTCT
phage-gRNA-09227,TCAAGATTTGCAACATTTTAGATTCTCCAGT
phage-gRNA-09228,ATTTGCAACATTTTAGATTCTCCAGTTTAGG
phage-gRNA-09229,CAACATTTTAGATTCTCCAGTTTAGGATTGT
phage-gRNA-09230,TTTTAGATTCTCCAGTTTAGGATTGTGGGAT
phage-gRNA-09231,CTTTATCAGTGATAATTGTTACATATGCCAT
phage-gRNA-09232,TCAGTGATAATTGTTACATATGCCATTTTTA
phage-gRNA-09233,GATAATTGTTACATATGCCATTTTTAGATTC
phage-gRNA-09234,TTGTTACATATGCCATTTTTAGATTCTCCAG
phage-gRNA-09235,ACATATGCCATTTTTAGATTCTCCAGTTTAG
phage-gRNA-09236,TGCCATTTTTAGATTCTCCAGTTTAGGATTG
phage-gRNA-09237,TTTTTAGATTCTCCAGTTTAGGATTGTTGGT
phage-gRNA-09238,GGATAGCGTTAATTGCATTGAACTTATTCAT
phage-gRNA-09239,GCGTTAATTGCATTGAACTTATTCATCTTAT
phage-gRNA-09240,AATTGCATTGAACTTATTCATCTTATATTCT
phage-gRNA-09241,CATTGAACTTATTCATCTTATATTCTCCAGT
phage-gRNA-09242,AACTTATTCATCTTATATTCTCCAGTTTAGG
phage-gRNA-09243,ATTCATCTTATATTCTCCAGTTTAGGATTGT
phage-gRNA-09244,TCTTATATTCTCCAGTTTAGGATTGTTTTAT
phage-gRNA-09245,GTAACATGATAGTGATTTCTTGATTATTCAT
phage-gRNA-09246,ATGATAGTGATTTCTTGATTATTCATTTTCT
phage-gRNA-09247,AGTGATTTCTTGATTATTCATTTTCTAGTCT
phage-gRNA-09248,TTTCTTGATTATTCATTTTCTAGTCTCCAGT
phage-gRNA-09249,TGATTATTCATTTTCTAGTCTCCAGTTTAGG
phage-gRNA-09250,ATTCATTTTCTAGTCTCCAGTTTAGGATTGT
phage-gRNA-09251,TTTTCTAGTCTCCAGTTTAGGATTGTTGGGG
phage-gRNA-09252,AGTTGTTAACAGTTGCGCGGATAGTAGCCAT
phage-gRNA-09253,TTAACAGTTGCGCGGATAGTAGCCATTTTGA
phage-gRNA-09254,AGTTGCGCGGATAGTAGCCATTTTGAATCTC
phage-gRNA-09255,CGCGGATAGTAGCCATTTTGAATCTCCAGTT
phage-gRNA-09256,ATAGTAGCCATTTTGAATCTCCAGTTTAGGA
phage-gRNA-09257,AGCCATTTTGAATCTCCAGTTTAGGATTTTG
phage-gRNA-09258,TTTTGAATCTCCAGTTTAGGATTTTGGGTTA
phage-gRNA-09259,CCATTTCCCAATACTGTTCAGTAACTATCAA
phage-gRNA-09260,TCCCAATACTGTTCAGTAACTATCAACGAAT
phage-gRNA-09261,ATACTGTTCAGTAACTATCAACGAATCACCT
phage-gRNA-09262,GTTCAGTAACTATCAACGAATCACCTCGTAA
phage-gRNA-09263,GTAACTATCAACGAATCACCTCGTAACGTGG
phage-gRNA-09264,TATCAACGAATCACCTCGTAACGTGGTACAG
phage-gRNA-09265,ACGAATCACCTCGTAACGTGGTACAGCAAAT
phage-gRNA-09266,ACTTACGTACAATCTCTTTAACATTCTTCAT
phage-gRNA-09267,CGTACAATCTCTTTAACATTCTTCATTTTCG
phage-gRNA-09268,AATCTCTTTAACATTCTTCATTTTCGCTACC
phage-gRNA-09269,CTTTAACATTCTTCATTTTCGCTACCTTTTA
phage-gRNA-09270,ACATTCTTCATTTTCGCTACCTTTTAAAGAG
phage-gRNA-09271,CTTCATTTTCGCTACCTTTTAAAGAGGGGCT
phage-gRNA-09272,TTTTCGCTACCTTTTAAAGAGGGGCTGTTAC
phage-gRNA-09273,AACCAAATGGTTGAATAGGTGTCTTAATCAT
phage-gRNA-09274,AATGGTTGAATAGGTGTCTTAATCATTTATC
phage-gRNA-09275,TTGAATAGGTGTCTTAATCATTTATCACTCC
phage-gRNA-09276,TAGGTGTCTTAATCATTTATCACTCCTTATA
phage-gRNA-09277,GTCTTAATCATTTATCACTCCTTATAGGCAT
phage-gRNA-09278,AATCATTTATCACTCCTTATAGGCATCTTTC
phage-gRNA-09279,TTTATCACTCCTTATAGGCATCTTTCAGGAT
phage-gRNA-09280,GGACACATACAGCTAAAATCTTAGGTTGCAT
phage-gRNA-09281,CATACAGCTAAAATCTTAGGTTGCATTCTTT
phage-gRNA-09282,AGCTAAAATCTTAGGTTGCATTCTTTACTTA
phage-gRNA-09283,AAATCTTAGGTTGCATTCTTTACTTACCTCT
phage-gRNA-09284,TTAGGTTGCATTCTTTACTTACCTCTTCAAA
phage-gRNA-09285,TTGCATTCTTTACTTACCTCTTCAAATTTAT
phage-gRNA-09286,TTCTTTACTTACCTCTTCAAATTTATTCTCA
phage-gRNA-09287,AAATCACATCACGGCTATCTTCGTAAATCAT
phage-gRNA-09288,ACATCACGGCTATCTTCGTAAATCATTTTGC
phage-gRNA-09289,ACGGCTATCTTCGTAAATCATTTTGCTACCC
phage-gRNA-09290,TATCTTCGTAAATCATTTTGCTACCCTCTCT
phage-gRNA-09291,TCGTAAATCATTTTGCTACCCTCTCTAAACG
phage-gRNA-09292,AATCATTTTGCTACCCTCTCTAAACGAGCAT
phage-gRNA-09293,TTTTGCTACCCTCTCTAAACGAGCATTCCAC
phage-gRNA-09294,AGTACTCACCAAGTGTTGTAAATTTTTTCAT
phage-gRNA-09295,TCACCAAGTGTTGTAAATTTTTTCATTCGTT
phage-gRNA-09296,AAGTGTTGTAAATTTTTTCATTCGTTCACCA
phage-gRNA-09297,TTGTAAATTTTTTCATTCGTTCACCATAGCG
phage-gRNA-09298,AATTTTTTCATTCGTTCACCATAGCGTTGTA
phage-gRNA-09299,TTTCATTCGTTCACCATAGCGTTGTAGAACT
phage-gRNA-09300,TTCGTTCACCATAGCGTTGTAGAACTGACGT
phage-gRNA-09301,TAGTTATTACATCACCTTTTTGTACTTTCAT
phage-gRNA-09302,ATTACATCACCTTTTTGTACTTTCATTTTAC
phage-gRNA-09303,ATCACCTTTTTGTACTTTCATTTTACTTTCC
phage-gRNA-09304,CTTTTTGTACTTTCATTTTACTTTCCTCGCA
phage-gRNA-09305,TGTACTTTCATTTTACTTTCCTCGCATATGA
phage-gRNA-09306,TTTCATTTTACTTTCCTCGCATATGAAAAAG
phage-gRNA-09307,TTTTACTTTCCTCGCATATGAAAAAGGGACT
phage-gRNA-09308,CTTGATTCTCTGGCTTTACTTCTTCAGACAT
phage-gRNA-09309,TTCTCTGGCTTTACTTCTTCAGACATTATAG
phage-gRNA-09310,TGGCTTTACTTCTTCAGACATTATAGTTTCC
phage-gRNA-09311,TTACTTCTTCAGACATTATAGTTTCCTCACT
phage-gRNA-09312,TCTTCAGACATTATAGTTTCCTCACTAAATA
phage-gRNA-09313,AGACATTATAGTTTCCTCACTAAATATTTTT
phage-gRNA-09314,TTATAGTTTCCTCACTAAATATTTTTTAAGT
phage-gRNA-09315,TCTTGTAAACAACAACGTGTAACTTAGTCAT
phage-gRNA-09316,TAAACAACAACGTGTAACTTAGTCATCACGG
phage-gRNA-09317,AACAACGTGTAACTTAGTCATCACGGTATTC
phage-gRNA-09318,CGTGTAACTTAGTCATCACGGTATTCCCTGA
phage-gRNA-09319,AACTTAGTCATCACGGTATTCCCTGACGAAG
phage-gRNA-09320,AGTCATCACGGTATTCCCTGACGAAGAAATA
phage-gRNA-09321,TCACGGTATTCCCTGACGAAGAAATAGTTAA
phage-gRNA-09322,AAATCGGAAAGACAACCTGTAAACGACTCAT
phage-gRNA-09323,GGAAAGACAACCTGTAAACGACTCATTAGCG
phage-gRNA-09324,GACAACCTGTAAACGACTCATTAGCGAATTA
phage-gRNA-09325,CCTGTAAACGACTCATTAGCGAATTACCTGT
phage-gRNA-09326,AAACGACTCATTAGCGAATTACCTGTGTGAC
phage-gRNA-09327,ACTCATTAGCGAATTACCTGTGTGACCTGAA
phage-gRNA-09328,TTAGCGAATTACCTGTGTGACCTGAATAGCT
phage-gRNA-09329,CGTCAACTTTTACAGAAATCTCTTTACTCAT
phage-gRNA-09330,ACTTTTACAGAAATCTCTTTACTCATAATAA
phage-gRNA-09331,TACAGAAATCTCTTTACTCATAATAACCTCT
phage-gRNA-09332,AAATCTCTTTACTCATAATAACCTCTCTCAG
phage-gRNA-09333,TCTTTACTCATAATAACCTCTCTCAGCTTTT
phage-gRNA-09334,ACTCATAATAACCTCTCTCAGCTTTTTCAAT
phage-gRNA-09335,TAATAACCTCTCTCAGCTTTTTCAATCTTGT
phage-gRNA-09336,AAGTCCCAACATCACTAGCCCAAATCTTCAT
phage-gRNA-09337,CCAACATCACTAGCCCAAATCTTCATAGTTT
phage-gRNA-09338,ATCACTAGCCCAAATCTTCATAGTTTTCTCC
phage-gRNA-09339,TAGCCCAAATCTTCATAGTTTTCTCCATAGA
phage-gRNA-09340,CAAATCTTCATAGTTTTCTCCATAGAAATAA
phage-gRNA-09341,CTTCATAGTTTTCTCCATAGAAATAAAAAGG
phage-gRNA-09342,TAGTTTTCTCCATAGAAATAAAAAGGCTCCC
phage-gRNA-09343,TTGCTGCAAGCCCCTTATCAGAGAGTTGCAT
phage-gRNA-09344,GCAAGCCCCTTATCAGAGAGTTGCATTATTA
phage-gRNA-09345,CCCCTTATCAGAGAGTTGCATTATTAACCTC
phage-gRNA-09346,TATCAGAGAGTTGCATTATTAACCTCCTACT
phage-gRNA-09347,GAGAGTTGCATTATTAACCTCCTACTTCGTT
phage-gRNA-09348,TTGCATTATTAACCTCCTACTTCGTTAACCA
phage-gRNA-09349,TTATTAACCTCCTACTTCGTTAACCACAACA
phage-gRNA-09350,TAAAATCTGGATATGTTTTTGCCTTAATCAT
phage-gRNA-09351,TCTGGATATGTTTTTGCCTTAATCATTTTTA
phage-gRNA-09352,ATATGTTTTTGCCTTAATCATTTTTATTAGC
phage-gRNA-09353,TTTTTGCCTTAATCATTTTTATTAGCCTCTA
phage-gRNA-09354,GCCTTAATCATTTTTATTAGCCTCTAATCTT
phage-gRNA-09355,AATCATTTTTATTAGCCTCTAATCTTGCATT
phage-gRNA-09356,TTTTTATTAGCCTCTAATCTTGCATTTAATC
phage-gRNA-09357,AGTAAAAGTCTTTTCCACTCTTCGCCTTCAT
phage-gRNA-09358,AAGTCTTTTCCACTCTTCGCCTTCATTATCT
phage-gRNA-09359,TTTTCCACTCTTCGCCTTCATTATCTATCCT
phage-gRNA-09360,CACTCTTCGCCTTCATTATCTATCCTTAAAT
phage-gRNA-09361,TTCGCCTTCATTATCTATCCTTAAATAATTA
phage-gRNA-09362,CTTCATTATCTATCCTTAAATAATTAAAAAG
phage-gRNA-09363,TTATCTATCCTTAAATAATTAAAAAGGGGCT
phage-gRNA-09364,CACTATTATAATTAAAACTTACGGTTAACAT
phage-gRNA-09365,TTATAATTAAAACTTACGGTTAACATTTATC
phage-gRNA-09366,ATTAAAACTTACGGTTAACATTTATCAGTTC
phage-gRNA-09367,AACTTACGGTTAACATTTATCAGTTCTCCTA
phage-gRNA-09368,ACGGTTAACATTTATCAGTTCTCCTACGATT
phage-gRNA-09369,TAACATTTATCAGTTCTCCTACGATTTATAA
phage-gRNA-09370,TTTATCAGTTCTCCTACGATTTATAATTTTG
phage-gRNA-09371,TATCTGTGATTTCTAATTGTGAACTACACAT
phage-gRNA-09372,GTGATTTCTAATTGTGAACTACACATAAATA
phage-gRNA-09373,TTCTAATTGTGAACTACACATAAATAATCCT
phage-gRNA-09374,ATTGTGAACTACACATAAATAATCCTCTTGT
phage-gRNA-09375,GAACTACACATAAATAATCCTCTTGTCTTCT
phage-gRNA-09376,ACACATAAATAATCCTCTTGTCTTCTGTAAT
phage-gRNA-09377,TAAATAATCCTCTTGTCTTCTGTAATTTTGA
phage-gRNA-09378,TACCTTTCTTCGGTTTATTAGATTTTCTCAT
phage-gRNA-09379,TTCTTCGGTTTATTAGATTTTCTCATTAAGT
phage-gRNA-09380,CGGTTTATTAGATTTTCTCATTAAGTCTCCT
phage-gRNA-09381,TATTAGATTTTCTCATTAAGTCTCCTTTGTA
phage-gRNA-09382,GATTTTCTCATTAAGTCTCCTTTGTAGATAA
phage-gRNA-09383,TCTCATTAAGTCTCCTTTGTAGATAAAGGCA
phage-gRNA-09384,TTAAGTCTCCTTTGTAGATAAAGGCAGACCT
phage-gRNA-09385,TGAATTGGCCTTTGTTTGTACGTTTTGTCAT
phage-gRNA-09386,TGGCCTTTGTTTGTACGTTTTGTCATTCAGT
phage-gRNA-09387,TTTGTTTGTACGTTTTGTCATTCAGTCTCCT
phage-gRNA-09388,TTGTACGTTTTGTCATTCAGTCTCCTTCTAA
phage-gRNA-09389,CGTTTTGTCATTCAGTCTCCTTCTAAGACTT
phage-gRNA-09390,TGTCATTCAGTCTCCTTCTAAGACTTCTTAA
phage-gRNA-09391,TTCAGTCTCCTTCTAAGACTTCTTAAAAGGC
phage-gRNA-09392,GGAGGTGCGAATGTTTAAATAAATCGCTCAT
phage-gRNA-09393,TGCGAATGTTTAAATAAATCGCTCATATTTT
phage-gRNA-09394,ATGTTTAAATAAATCGCTCATATTTTACTCT
phage-gRNA-09395,TAAATAAATCGCTCATATTTTACTCTCTTCT
phage-gRNA-09396,AAATCGCTCATATTTTACTCTCTTCTCTCAT
phage-gRNA-09397,GCTCATATTTTACTCTCTTCTCTCATTTGTT
phage-gRNA-09398,TATTTTACTCTCTTCTCTCATTTGTTGTTTG
phage-gRNA-09399,CGGGTGCAGGAGTCGAACCTGCCGATACCAT
phage-gRNA-09400,GCAGGAGTCGAACCTGCCGATACCATGCTAA
phage-gRNA-09401,AGTCGAACCTGCCGATACCATGCTAATGAGA
phage-gRNA-09402,AACCTGCCGATACCATGCTAATGAGACATGT
phage-gRNA-09403,GCCGATACCATGCTAATGAGACATGTGAGAC
phage-gRNA-09404,TACCATGCTAATGAGACATGTGAGACGCCCT
phage-gRNA-09405,TGCTAATGAGACATGTGAGACGCCCTTTCTC
phage-gRNA-09406,CGTCGCCTGTCAGATTAAAAGTCTGCCGCAT
phage-gRNA-09407,CCTGTCAGATTAAAAGTCTGCCGCATCACCT
phage-gRNA-09408,CAGATTAAAAGTCTGCCGCATCACCTTTCTG
phage-gRNA-09409,TAAAAGTCTGCCGCATCACCTTTCTGCTACA
phage-gRNA-09410,GTCTGCCGCATCACCTTTCTGCTACACCCCC
phage-gRNA-09411,CCGCATCACCTTTCTGCTACACCCCCATTAA
phage-gRNA-09412,TCACCTTTCTGCTACACCCCCATTAAATCAT
phage-gRNA-09413,TTTCTTGTGAGCATTTTCTACAAAGTTTCAT
phage-gRNA-09414,TGTGAGCATTTTCTACAAAGTTTCATACAAG
phage-gRNA-09415,GCATTTTCTACAAAGTTTCATACAAGTACCT
phage-gRNA-09416,TTCTACAAAGTTTCATACAAGTACCTATTCT
phage-gRNA-09417,CAAAGTTTCATACAAGTACCTATTCTGGCAG
phage-gRNA-09418,TTTCATACAAGTACCTATTCTGGCAGGGGTG
phage-gRNA-09419,TACAAGTACCTATTCTGGCAGGGGTGTAGAG
phage-gRNA-09420,CAACTTTACCGTGTCTACCATAAGGCTTCAT
phage-gRNA-09421,TTACCGTGTCTACCATAAGGCTTCATAGGAA
phage-gRNA-09422,GTGTCTACCATAAGGCTTCATAGGAATCTCC
phage-gRNA-09423,TACCATAAGGCTTCATAGGAATCTCCTAAAA
phage-gRNA-09424,TAAGGCTTCATAGGAATCTCCTAAAATTGGT
phage-gRNA-09425,CTTCATAGGAATCTCCTAAAATTGGTGTTCC
phage-gRNA-09426,TAGGAATCTCCTAAAATTGGTGTTCCAAGAC
phage-gRNA-09427,AAATCCATGAAGCATACTTCAAATATCTCAT
phage-gRNA-09428,CATGAAGCATACTTCAAATATCTCATTTAAA
phage-gRNA-09429,AGCATACTTCAAATATCTCATTTAAATAGCC
phage-gRNA-09430,ACTTCAAATATCTCATTTAAATAGCCTCTTT
phage-gRNA-09431,AAATATCTCATTTAAATAGCCTCTTTAAATT
phage-gRNA-09432,TCTCATTTAAATAGCCTCTTTAAATTGGTGC
phage-gRNA-09433,TTTAAATAGCCTCTTTAAATTGGTGCAGAAT
phage-gRNA-09434,TCTCTTTACCTTGTTCTGTCATCTCTTTCAT
phage-gRNA-09435,TTACCTTGTTCTGTCATCTCTTTCATTAAGC
phage-gRNA-09436,TTGTTCTGTCATCTCTTTCATTAAGCACCTT
phage-gRNA-09437,CTGTCATCTCTTTCATTAAGCACCTTTTGAA
phage-gRNA-09438,ATCTCTTTCATTAAGCACCTTTTGAAATTGG
phage-gRNA-09439,TTTCATTAAGCACCTTTTGAAATTGGCGGGT
phage-gRNA-09440,TTAAGCACCTTTTGAAATTGGCGGGTTAGTG
phage-gRNA-09441,AAAGTTCTTTGTAAACATTAGTCTCGTTCAT
phage-gRNA-09442,TCTTTGTAAACATTAGTCTCGTTCATTGTAT
phage-gRNA-09443,GTAAACATTAGTCTCGTTCATTGTATTTCTC
phage-gRNA-09444,CATTAGTCTCGTTCATTGTATTTCTCCAAAA
phage-gRNA-09445,GTCTCGTTCATTGTATTTCTCCAAAATAATA
phage-gRNA-09446,GTTCATTGTATTTCTCCAAAATAATAAGTGA
phage-gRNA-09447,TTGTATTTCTCCAAAATAATAAGTGAATGGT
phage-gRNA-14404,ATCCATTAAGCGCCTCCGCAAATAGAATTAT
phage-gRNA-14405,TTAAGCGCCTCCGCAAATAGAATTATTCAGC
