phage-gRNA-12310,TACGGGTAATATTCGTTTTAACTTGATTCAT
phage-gRNA-12311,GTAATATTCGTTTTAACTTGATTCATTTTGT
phage-gRNA-12312,ATTCGTTTTAACTTGATTCATTTTGTTACGT
phage-gRNA-12313,TTTTAACTTGATTCATTTTGTTACGTTCTCC
phage-gRNA-12314,ACTTGATTCATTTTGTTACGTTCTCCATTTG
phage-gRNA-12315,ATTCATTTTGTTACGTTCTCCATTTGAGGGA
phage-gRNA-12316,TTTTGTTACGTTCTCCATTTGAGGGATTAGA
phage-gRNA-12317,GATCGAATGGGATACGGTTAGATTTAGCCAT
phage-gRNA-12318,AATGGGATACGGTTAGATTTAGCCATGTTTA
phage-gRNA-12319,GATACGGTTAGATTTAGCCATGTTTATAACT
phage-gRNA-12320,GGTTAGATTTAGCCATGTTTATAACTCCAAT
phage-gRNA-12321,GATTTAGCCATGTTTATAACTCCAATTAGTT
phage-gRNA-12322,AGCCATGTTTATAACTCCAATTAGTTTAATA
phage-gRNA-12323,TGTTTATAACTCCAATTAGTTTAATAAGGGA
phage-gRNA-12324,TCATGCTGGGAAGATTAATTTTAATAGCCAT
phage-gRNA-12325,CTGGGAAGATTAATTTTAATAGCCATTTAAT
phage-gRNA-12326,AAGATTAATTTTAATAGCCATTTAATTTAGC
phage-gRNA-12327,TAATTTTAATAGCCATTTAATTTAGCTCCTG
phage-gRNA-12328,TTAATAGCCATTTAATTTAGCTCCTGTAATA
phage-gRNA-12329,AGCCATTTAATTTAGCTCCTGTAATAGCGGC
phage-gRNA-12330,TTTAATTTAGCTCCTGTAATAGCGGCTATAT
phage-gRNA-12331,TAACGGTTTGTTTTTCTGCGGAAATAACCAT
phage-gRNA-12332,GTTTGTTTTTCTGCGGAAATAACCATAATAA
phage-gRNA-12333,TTTTTCTGCGGAAATAACCATAATAATAAAA
phage-gRNA-12334,CTGCGGAAATAACCATAATAATAAAACTCCA
phage-gRNA-12335,GAAATAACCATAATAATAAAACTCCATTAAA
phage-gRNA-12336,AACCATAATAATAAAACTCCATTAAAGGGAT
phage-gRNA-12337,TAATAATAAAACTCCATTAAAGGGATTAAAA
phage-gRNA-12338,GAATGAGGGATTCAGTAGGGTAAAAGATCAT
phage-gRNA-12339,AGGGATTCAGTAGGGTAAAAGATCATTTTAA
phage-gRNA-12340,TTCAGTAGGGTAAAAGATCATTTTAAAACTC
phage-gRNA-12341,TAGGGTAAAAGATCATTTTAAAACTCCAGTC
phage-gRNA-12342,TAAAAGATCATTTTAAAACTCCAGTCAAAGG
phage-gRNA-12343,GATCATTTTAAAACTCCAGTCAAAGGGAAAT
phage-gRNA-12344,TTTTAAAACTCCAGTCAAAGGGAAATTATAG
phage-gRNA-12345,AAGCGAATTTTGCGGTTTTAGCGTTAGTCAT
phage-gRNA-12346,AATTTTGCGGTTTTAGCGTTAGTCATGATGT
phage-gRNA-12347,TGCGGTTTTAGCGTTAGTCATGATGTAACTC
phage-gRNA-12348,TTTTAGCGTTAGTCATGATGTAACTCCTGTT
phage-gRNA-12349,GCGTTAGTCATGATGTAACTCCTGTTTATTT
phage-gRNA-12350,AGTCATGATGTAACTCCTGTTTATTTAATTT
phage-gRNA-12351,TGATGTAACTCCTGTTTATTTAATTTAAGGG
phage-gRNA-12352,CAATTTTTGGCGCAGTAGTAACGTTTTGCAT
phage-gRNA-12353,TTTGGCGCAGTAGTAACGTTTTGCATAATAT
phage-gRNA-12354,CGCAGTAGTAACGTTTTGCATAATATAAACT
phage-gRNA-12355,TAGTAACGTTTTGCATAATATAAACTCCAGT
phage-gRNA-12356,ACGTTTTGCATAATATAAACTCCAGTTTATT
phage-gRNA-12357,TTGCATAATATAAACTCCAGTTTATTAAGGG
phage-gRNA-12358,TAATATAAACTCCAGTTTATTAAGGGGGATT
phage-gRNA-12359,GTTTACCAGTGATCAATAAAGTTTGTTTCAT
phage-gRNA-12360,CCAGTGATCAATAAAGTTTGTTTCATATCGT
phage-gRNA-12361,GATCAATAAAGTTTGTTTCATATCGTCGATT
phage-gRNA-12362,ATAAAGTTTGTTTCATATCGTCGATTCCTTA
phage-gRNA-12363,GTTTGTTTCATATCGTCGATTCCTTATAATA
phage-gRNA-12364,TTTCATATCGTCGATTCCTTATAATATATAA
phage-gRNA-12365,TATCGTCGATTCCTTATAATATATAAGTTTA
phage-gRNA-12366,GCGGTAAACTTCCCGCCGTGTAGTTCGTCAT
phage-gRNA-12367,AAACTTCCCGCCGTGTAGTTCGTCATTGCCG
phage-gRNA-12368,TCCCGCCGTGTAGTTCGTCATTGCCGCCCTA
phage-gRNA-12369,CCGTGTAGTTCGTCATTGCCGCCCTACGAGA
phage-gRNA-12370,TAGTTCGTCATTGCCGCCCTACGAGATAAAT
phage-gRNA-12371,CGTCATTGCCGCCCTACGAGATAAATAATAG
phage-gRNA-12372,TTGCCGCCCTACGAGATAAATAATAGGGGAT
phage-gRNA-12373,GCGAATAATCTATATCTTTAAATAGACCCAT
phage-gRNA-12374,TAATCTATATCTTTAAATAGACCCATTGTTA
phage-gRNA-12375,TATATCTTTAAATAGACCCATTGTTATAGTT
phage-gRNA-12376,CTTTAAATAGACCCATTGTTATAGTTTCCTT
phage-gRNA-12377,AATAGACCCATTGTTATAGTTTCCTTATGTT
phage-gRNA-12378,ACCCATTGTTATAGTTTCCTTATGTTATTAA
phage-gRNA-12379,TTGTTATAGTTTCCTTATGTTATTAATTTAA
phage-gRNA-12380,CGGTTGCGTTATCTGGTTTATATAGCCGCAT
phage-gRNA-12381,GCGTTATCTGGTTTATATAGCCGCATTTGTT
phage-gRNA-12382,ATCTGGTTTATATAGCCGCATTTGTTGGCCT
phage-gRNA-12383,GTTTATATAGCCGCATTTGTTGGCCTCCCTC
phage-gRNA-12384,TATAGCCGCATTTGTTGGCCTCCCTCGTTAA
phage-gRNA-12385,CCGCATTTGTTGGCCTCCCTCGTTAATCGGT
phage-gRNA-12386,TTTGTTGGCCTCCCTCGTTAATCGGTGAGTG
phage-gRNA-12387,AAAGAGCGTCAGAAGAAGAATAAGCAACCAT
phage-gRNA-12388,GCGTCAGAAGAAGAATAAGCAACCATTTTAA
phage-gRNA-12389,AGAAGAAGAATAAGCAACCATTTTAAGCCTC
phage-gRNA-12390,AAGAATAAGCAACCATTTTAAGCCTCCAAAA
phage-gRNA-12391,TAAGCAACCATTTTAAGCCTCCAAAATTTTG
phage-gRNA-12392,AACCATTTTAAGCCTCCAAAATTTTGGGAAA
phage-gRNA-12393,TTTTAAGCCTCCAAAATTTTGGGAAAATTTT
phage-gRNA-12394,TACCTGCCAGAATAGCTCGAAAAATAACCAT
phage-gRNA-12395,GCCAGAATAGCTCGAAAAATAACCATTTGTA
phage-gRNA-12396,AATAGCTCGAAAAATAACCATTTGTAATACT
phage-gRNA-12397,CTCGAAAAATAACCATTTGTAATACTCCCCT
phage-gRNA-12398,AAAATAACCATTTGTAATACTCCCCTAGTTA
phage-gRNA-12399,AACCATTTGTAATACTCCCCTAGTTAGTGGG
phage-gRNA-12400,TTTGTAATACTCCCCTAGTTAGTGGGGCGAA
phage-gRNA-12401,TTGAACGAGCAAGAGAAACGTTGCGGATCAT
phage-gRNA-12402,CGAGCAAGAGAAACGTTGCGGATCATTTTTA
phage-gRNA-12403,AAGAGAAACGTTGCGGATCATTTTTATTCTC
phage-gRNA-12404,AAACGTTGCGGATCATTTTTATTCTCCTTTA
phage-gRNA-12405,TTGCGGATCATTTTTATTCTCCTTTATTCAT
phage-gRNA-12406,GATCATTTTTATTCTCCTTTATTCATGCAGC
phage-gRNA-12407,TTTTTATTCTCCTTTATTCATGCAGCCCAGC
phage-gRNA-12408,CAACAAAGCGATTGCCTTCATAAATTACCAT
phage-gRNA-12409,AAGCGATTGCCTTCATAAATTACCATTTTAT
phage-gRNA-12410,ATTGCCTTCATAAATTACCATTTTATAACAC
phage-gRNA-12411,CTTCATAAATTACCATTTTATAACACTCCAC
phage-gRNA-12412,TAAATTACCATTTTATAACACTCCACGAAAA
phage-gRNA-12413,TACCATTTTATAACACTCCACGAAAAGCCGC
phage-gRNA-12414,TTTTATAACACTCCACGAAAAGCCGCGTAAA
phage-gRNA-12415,TGGCGAACGTTATCGCCACCAGCGGAATCAT
phage-gRNA-12416,AACGTTATCGCCACCAGCGGAATCATTCGCA
phage-gRNA-12417,TATCGCCACCAGCGGAATCATTCGCAGCCTC
phage-gRNA-12418,CCACCAGCGGAATCATTCGCAGCCTCAACAT
phage-gRNA-12419,AGCGGAATCATTCGCAGCCTCAACATTACCA
phage-gRNA-12420,AATCATTCGCAGCCTCAACATTACCAACGAA
phage-gRNA-12421,TTCGCAGCCTCAACATTACCAACGAAAATAT
phage-gRNA-12422,TAGTTTTGGTCACAATAATTTTATTGCTCAT
phage-gRNA-12423,TTGGTCACAATAATTTTATTGCTCATAATAA
phage-gRNA-12424,CACAATAATTTTATTGCTCATAATAACGCCC
phage-gRNA-12425,TAATTTTATTGCTCATAATAACGCCCCGTTA
phage-gRNA-12426,TTATTGCTCATAATAACGCCCCGTTATTAGT
phage-gRNA-12427,GCTCATAATAACGCCCCGTTATTAGTTGACT
phage-gRNA-12428,TAATAACGCCCCGTTATTAGTTGACTATCTC
phage-gRNA-12429,TTTGTCTTAGTTTATCTTTAAAGTTATACAT
phage-gRNA-12430,CTTAGTTTATCTTTAAAGTTATACATTATTT
phage-gRNA-12431,TTTATCTTTAAAGTTATACATTATTTATCTC
phage-gRNA-12432,CTTTAAAGTTATACATTATTTATCTCTCATT
phage-gRNA-12433,AAGTTATACATTATTTATCTCTCATTTTTTA
phage-gRNA-12434,ATACATTATTTATCTCTCATTTTTTAAGGTC
phage-gRNA-12435,TTATTTATCTCTCATTTTTTAAGGTCTGGAT
phage-gRNA-12436,CTTGAATAGATTGCTGTGCATATAAAGTCAT
phage-gRNA-12437,ATAGATTGCTGTGCATATAAAGTCATTATTT
phage-gRNA-12438,TTGCTGTGCATATAAAGTCATTATTTATTCT
phage-gRNA-12439,GTGCATATAAAGTCATTATTTATTCTCCAGT
phage-gRNA-12440,TATAAAGTCATTATTTATTCTCCAGTTTGTC
phage-gRNA-12441,AGTCATTATTTATTCTCCAGTTTGTCTAACA
phage-gRNA-12442,TTATTTATTCTCCAGTTTGTCTAACATCTTA
phage-gRNA-12443,CTACGAGCATTAAAAGAAAAAGAGTTTCCAT
phage-gRNA-12444,AGCATTAAAAGAAAAAGAGTTTCCATTATTT
phage-gRNA-12445,TAAAAGAAAAAGAGTTTCCATTATTTAATTC
phage-gRNA-12446,GAAAAAGAGTTTCCATTATTTAATTCCCATG
phage-gRNA-12447,AGAGTTTCCATTATTTAATTCCCATGTAACG
phage-gRNA-12448,TTCCATTATTTAATTCCCATGTAACGTTTGA
phage-gRNA-12449,TTATTTAATTCCCATGTAACGTTTGAGATAC
phage-gRNA-12450,TAACTGCTAAAATAATTACTATGATCTCCAT
phage-gRNA-12451,GCTAAAATAATTACTATGATCTCCATATTAA
phage-gRNA-12452,AATAATTACTATGATCTCCATATTAACATCC
phage-gRNA-12453,TTACTATGATCTCCATATTAACATCCAGCTC
phage-gRNA-12454,ATGATCTCCATATTAACATCCAGCTCTTATC
phage-gRNA-12455,CTCCATATTAACATCCAGCTCTTATCGTATA
phage-gRNA-12456,TATTAACATCCAGCTCTTATCGTATATTTGG
phage-gRNA-12457,GTGGGTTTGACCATACAATATAGCTACTCAC
phage-gRNA-12458,TTTGACCATACAATATAGCTACTCACTATTT
phage-gRNA-12459,CCATACAATATAGCTACTCACTATTTATCTC
phage-gRNA-12460,CAATATAGCTACTCACTATTTATCTCCATTC
phage-gRNA-12461,TAGCTACTCACTATTTATCTCCATTCTTAGC
phage-gRNA-12462,ACTCACTATTTATCTCCATTCTTAGCTTTGA
phage-gRNA-12463,CTATTTATCTCCATTCTTAGCTTTGAAAACT
phage-gRNA-12464,CGATTAATAGTTCATTTACTTTCTCTCTCAT
phage-gRNA-12465,AATAGTTCATTTACTTTCTCTCTCATATTAG
phage-gRNA-12466,TTCATTTACTTTCTCTCTCATATTAGATACT
phage-gRNA-12467,TTACTTTCTCTCTCATATTAGATACTCTCAC
phage-gRNA-12468,TTCTCTCTCATATTAGATACTCTCACAGTTA
phage-gRNA-12469,TCTCATATTAGATACTCTCACAGTTAAGGTA
phage-gRNA-12470,TATTAGATACTCTCACAGTTAAGGTAGAAAC
phage-gRNA-12471,TTATATCTCTGGTAAGGACATATACTTGCAT
phage-gRNA-12472,TCTCTGGTAAGGACATATACTTGCATTTGAA
phage-gRNA-12473,GGTAAGGACATATACTTGCATTTGAAGTTCC
phage-gRNA-12474,GGACATATACTTGCATTTGAAGTTCCTTGAA
phage-gRNA-12475,TATACTTGCATTTGAAGTTCCTTGAAAACAT
phage-gRNA-12476,TTGCATTTGAAGTTCCTTGAAAACATAAAAG
phage-gRNA-12477,TTTGAAGTTCCTTGAAAACATAAAAGGCCAG
phage-gRNA-12478,GCTCCAATAATGGATTTTTCTTTTCTGTCAT
phage-gRNA-12479,AATAATGGATTTTTCTTTTCTGTCATGGTAG
phage-gRNA-12480,TGGATTTTTCTTTTCTGTCATGGTAGAGGTT
phage-gRNA-12481,TTTTCTTTTCTGTCATGGTAGAGGTTTCCTG
phage-gRNA-12482,TTTTCTGTCATGGTAGAGGTTTCCTGTGTCA
phage-gRNA-12483,TGTCATGGTAGAGGTTTCCTGTGTCAGTCGG
phage-gRNA-12484,TGGTAGAGGTTTCCTGTGTCAGTCGGTAAGA
phage-gRNA-12485,AGTAATTTTGTAGTTGTTGTAGTGCTGTCAT
phage-gRNA-12486,TTTTGTAGTTGTTGTAGTGCTGTCATTTACG
phage-gRNA-12487,TAGTTGTTGTAGTGCTGTCATTTACGAACCC
phage-gRNA-12488,GTTGTAGTGCTGTCATTTACGAACCCCGTTA
phage-gRNA-12489,AGTGCTGTCATTTACGAACCCCGTTAATTGC
phage-gRNA-12490,TGTCATTTACGAACCCCGTTAATTGCCATAA
phage-gRNA-12491,TTTACGAACCCCGTTAATTGCCATAATGATG
phage-gRNA-12492,TTGGTGCCTGATAAACAAGACGTTTTACCAT
phage-gRNA-12493,GCCTGATAAACAAGACGTTTTACCATTGTTT
phage-gRNA-12494,ATAAACAAGACGTTTTACCATTGTTTTTAAG
phage-gRNA-12495,CAAGACGTTTTACCATTGTTTTTAAGTCTCC
phage-gRNA-12496,CGTTTTACCATTGTTTTTAAGTCTCCTTATT
phage-gRNA-12497,TACCATTGTTTTTAAGTCTCCTTATTACTTT
phage-gRNA-12498,TTGTTTTTAAGTCTCCTTATTACTTTGGCCT
phage-gRNA-12499,AAGTATTTAATTCGTTAAAATTAAGTTTCAT
phage-gRNA-12500,TTTAATTCGTTAAAATTAAGTTTCATCTTTA
phage-gRNA-12501,TTCGTTAAAATTAAGTTTCATCTTTAAGAAT
phage-gRNA-12502,TAAAATTAAGTTTCATCTTTAAGAATATCCT
phage-gRNA-12503,TTAAGTTTCATCTTTAAGAATATCCTCAACC
phage-gRNA-12504,TTTCATCTTTAAGAATATCCTCAACCATATC
phage-gRNA-12505,TCTTTAAGAATATCCTCAACCATATCACAGG
phage-gRNA-12506,TTAGGTAAAATGCTAGAATAAACATCATCAT
phage-gRNA-12507,TAAAATGCTAGAATAAACATCATCATTTTTT
phage-gRNA-12508,TGCTAGAATAAACATCATCATTTTTTAATCT
phage-gRNA-12509,GAATAAACATCATCATTTTTTAATCTCCGTG
phage-gRNA-12510,AACATCATCATTTTTTAATCTCCGTGATTAT
phage-gRNA-12511,CATCATTTTTTAATCTCCGTGATTATCTGTG
phage-gRNA-12512,TTTTTTAATCTCCGTGATTATCTGTGTACGC
phage-gRNA-12513,TTAGTAATCCAATAAGAATTTCAACCAACAT
phage-gRNA-12514,AATCCAATAAGAATTTCAACCAACATTAAAT
phage-gRNA-12515,AATAAGAATTTCAACCAACATTAAATATCCT
phage-gRNA-12516,GAATTTCAACCAACATTAAATATCCTTACAT
phage-gRNA-12517,TCAACCAACATTAAATATCCTTACATTTTTC
phage-gRNA-12518,CAACATTAAATATCCTTACATTTTTCATTGT
phage-gRNA-12519,TTAAATATCCTTACATTTTTCATTGTTTGGA
phage-gRNA-12520,ATGATAGCATAAAAATGGATATTCTTTCCAT
phage-gRNA-12521,AGCATAAAAATGGATATTCTTTCCATTATTT
phage-gRNA-12522,AAAAATGGATATTCTTTCCATTATTTCTTAC
phage-gRNA-12523,TGGATATTCTTTCCATTATTTCTTACCTTTC
phage-gRNA-12524,ATTCTTTCCATTATTTCTTACCTTTCAGTTG
phage-gRNA-12525,TTCCATTATTTCTTACCTTTCAGTTGCTTAA
phage-gRNA-12526,TTATTTCTTACCTTTCAGTTGCTTAACTTCA
phage-gRNA-12527,TAGCCATTTCATTTTTAGTCATGTTTTCCAT
phage-gRNA-12528,ATTTCATTTTTAGTCATGTTTTCCATTAGAA
phage-gRNA-12529,ATTTTTAGTCATGTTTTCCATTAGAATTTCC
phage-gRNA-12530,TAGTCATGTTTTCCATTAGAATTTCCTCTCT
phage-gRNA-12531,ATGTTTTCCATTAGAATTTCCTCTCTCATTA
phage-gRNA-12532,TTCCATTAGAATTTCCTCTCTCATTAATTTA
phage-gRNA-12533,TTAGAATTTCCTCTCTCATTAATTTATGAAC
phage-gRNA-12534,CGAAAACTAGAGCTTTATCAACTTTGTTCAT
phage-gRNA-12535,ACTAGAGCTTTATCAACTTTGTTCATTTTGT
phage-gRNA-12536,AGCTTTATCAACTTTGTTCATTTTGTTTCCT
phage-gRNA-12537,TATCAACTTTGTTCATTTTGTTTCCTTCTCA
phage-gRNA-12538,ACTTTGTTCATTTTGTTTCCTTCTCATCAAT
phage-gRNA-12539,GTTCATTTTGTTTCCTTCTCATCAATTTATA
phage-gRNA-12540,TTTTGTTTCCTTCTCATCAATTTATAAAGTA
phage-gRNA-12541,AGTGGAGATCGCTCCAAAAGCAGACTTTCAT
phage-gRNA-12542,AGATCGCTCCAAAAGCAGACTTTCATTAAAG
phage-gRNA-12543,GCTCCAAAAGCAGACTTTCATTAAAGAATCC
phage-gRNA-12544,AAAAGCAGACTTTCATTAAAGAATCCTCTGT
phage-gRNA-12545,CAGACTTTCATTAAAGAATCCTCTGTATGCC
phage-gRNA-12546,TTTCATTAAAGAATCCTCTGTATGCCACAGC
phage-gRNA-12547,TTAAAGAATCCTCTGTATGCCACAGCTATCT
phage-gRNA-12548,GTGTTTTATGTACATTAAATTCTTTTTTCAT
phage-gRNA-12549,TTATGTACATTAAATTCTTTTTTCATAATTA
phage-gRNA-12550,TACATTAAATTCTTTTTTCATAATTATTCCC
phage-gRNA-12551,TAAATTCTTTTTTCATAATTATTCCCAAATA
phage-gRNA-12552,TCTTTTTTCATAATTATTCCCAAATAACATT
phage-gRNA-12553,TTTCATAATTATTCCCAAATAACATTTAAAA
phage-gRNA-12554,TAATTATTCCCAAATAACATTTAAAATAGTT
phage-gRNA-12555,TAGATAAACGTTTTGCTTGCTCTGCTAACAT
phage-gRNA-12556,AAACGTTTTGCTTGCTCTGCTAACATTTAAT
phage-gRNA-12557,TTTTGCTTGCTCTGCTAACATTTAATCCTCC
phage-gRNA-12558,CTTGCTCTGCTAACATTTAATCCTCCTATCA
phage-gRNA-12559,TCTGCTAACATTTAATCCTCCTATCAATCTA
phage-gRNA-12560,TAACATTTAATCCTCCTATCAATCTATACAA
phage-gRNA-12561,TTTAATCCTCCTATCAATCTATACAAATATT
phage-gRNA-12562,AACCTTTTAATAGGTATACTAATTTACTCAT
phage-gRNA-12563,TTTAATAGGTATACTAATTTACTCATAGTTA
phage-gRNA-12564,TAGGTATACTAATTTACTCATAGTTATTAAT
phage-gRNA-12565,ATACTAATTTACTCATAGTTATTAATGGCCT
phage-gRNA-12566,AATTTACTCATAGTTATTAATGGCCTCTAAG
phage-gRNA-12567,ACTCATAGTTATTAATGGCCTCTAAGAAGTT
phage-gRNA-12568,TAGTTATTAATGGCCTCTAAGAAGTTTTTCA
phage-gRNA-12569,CCGCCATTTGAGTGTAGAAACGATCAGACAT
phage-gRNA-12570,ATTTGAGTGTAGAAACGATCAGACATAATAT
phage-gRNA-12571,AGTGTAGAAACGATCAGACATAATATATACC
phage-gRNA-12572,AGAAACGATCAGACATAATATATACCTCTCT
phage-gRNA-12573,CGATCAGACATAATATATACCTCTCTTAACT
phage-gRNA-12574,AGACATAATATATACCTCTCTTAACTAATTT
phage-gRNA-12575,TAATATATACCTCTCTTAACTAATTTATGTA
phage-gRNA-12576,GCAGCATCATAGTGAATAGTTCTGCAAACAT
phage-gRNA-12577,ATCATAGTGAATAGTTCTGCAAACATGGCTT
phage-gRNA-12578,AGTGAATAGTTCTGCAAACATGGCTTTCTCC
phage-gRNA-12579,ATAGTTCTGCAAACATGGCTTTCTCCTATCT
phage-gRNA-12580,TCTGCAAACATGGCTTTCTCCTATCTTCAAA
phage-gRNA-12581,AAACATGGCTTTCTCCTATCTTCAAAAAATT
phage-gRNA-12582,TGGCTTTCTCCTATCTTCAAAAAATTATTAA
phage-gRNA-12583,TTTCGCTATTTTTACCAAATTTAAAACTCAT
phage-gRNA-12584,CTATTTTTACCAAATTTAAAACTCATATTGA
phage-gRNA-12585,TTTACCAAATTTAAAACTCATATTGACCTAC
phage-gRNA-12586,CAAATTTAAAACTCATATTGACCTACCTAAA
phage-gRNA-12587,TTAAAACTCATATTGACCTACCTAAAGATCT
phage-gRNA-12588,ACTCATATTGACCTACCTAAAGATCTCTGTT
phage-gRNA-12589,TATTGACCTACCTAAAGATCTCTGTTGTGGG
phage-gRNA-12590,GTACTGTTAATAATTGTAAGAACTTTTCCAA
phage-gRNA-12591,GTTAATAATTGTAAGAACTTTTCCAATTTGT
phage-gRNA-12592,TAATTGTAAGAACTTTTCCAATTTGTAACCT
phage-gRNA-12593,GTAAGAACTTTTCCAATTTGTAACCTCCTCT
phage-gRNA-12594,AACTTTTCCAATTTGTAACCTCCTCTAACCA
phage-gRNA-12595,TTCCAATTTGTAACCTCCTCTAACCAGTACC
phage-gRNA-12596,ATTTGTAACCTCCTCTAACCAGTACCATTAT
phage-gRNA-12597,GGTTAGTCTTTTCTTCTTTTTTATTAGTCAT
phage-gRNA-12598,GTCTTTTCTTCTTTTTTATTAGTCATAGCGA
phage-gRNA-12599,TTCTTCTTTTTTATTAGTCATAGCGATCCTT
phage-gRNA-12600,CTTTTTTATTAGTCATAGCGATCCTTGATTA
phage-gRNA-12601,TTATTAGTCATAGCGATCCTTGATTATCCAA
phage-gRNA-12602,AGTCATAGCGATCCTTGATTATCCAACTAGT
phage-gRNA-12603,TAGCGATCCTTGATTATCCAACTAGTGGTTC
phage-gRNA-12604,CTTCACCATGTAAACCGACTAATACTGACAT
phage-gRNA-12605,CCATGTAAACCGACTAATACTGACATTAATC
phage-gRNA-12606,TAAACCGACTAATACTGACATTAATCTTTCC
phage-gRNA-12607,CGACTAATACTGACATTAATCTTTCCTATTG
phage-gRNA-12608,AATACTGACATTAATCTTTCCTATTGTTAAT
phage-gRNA-12609,TGACATTAATCTTTCCTATTGTTAATTGGTG
phage-gRNA-12610,TTAATCTTTCCTATTGTTAATTGGTGGATAA
phage-gRNA-12611,CGAGCAGTATTCCAAGTTTCCAGTTAAACAT
phage-gRNA-12612,AGTATTCCAAGTTTCCAGTTAAACATGCTAA
phage-gRNA-12613,TCCAAGTTTCCAGTTAAACATGCTAATCTTT
phage-gRNA-12614,GTTTCCAGTTAAACATGCTAATCTTTCCTCG
phage-gRNA-12615,CAGTTAAACATGCTAATCTTTCCTCGAACTC
phage-gRNA-12616,AAACATGCTAATCTTTCCTCGAACTCCTTAC
phage-gRNA-12617,TGCTAATCTTTCCTCGAACTCCTTACTCTGC
phage-gRNA-12618,TCCAAACTAAGTCTACAAACCATTTCCGCAT
phage-gRNA-12619,ACTAAGTCTACAAACCATTTCCGCATTAGCC
phage-gRNA-12620,GTCTACAAACCATTTCCGCATTAGCCTGTAC
phage-gRNA-12621,CAAACCATTTCCGCATTAGCCTGTACTCGCA
phage-gRNA-12622,CATTTCCGCATTAGCCTGTACTCGCAAACTC
phage-gRNA-12623,CCGCATTAGCCTGTACTCGCAAACTCACCGT
phage-gRNA-12624,TTAGCCTGTACTCGCAAACTCACCGTGGAGT
phage-gRNA-12625,ACATTCTTCTTAGCTCTTCCTTACTGATCAT
phage-gRNA-12626,CTTCTTAGCTCTTCCTTACTGATCATCTTTT
phage-gRNA-12627,TAGCTCTTCCTTACTGATCATCTTTTCATAT
phage-gRNA-12628,CTTCCTTACTGATCATCTTTTCATATTCCTA
phage-gRNA-12629,TTACTGATCATCTTTTCATATTCCTAAAAGA
phage-gRNA-12630,GATCATCTTTTCATATTCCTAAAAGAAGTAA
phage-gRNA-12631,TCTTTTCATATTCCTAAAAGAAGTAACAGTA
phage-gRNA-12632,ACACATCTGCAAATTTAGAAATGATTCTCAT
phage-gRNA-12633,TCTGCAAATTTAGAAATGATTCTCATATTTA
phage-gRNA-12634,AAATTTAGAAATGATTCTCATATTTAATCCT
phage-gRNA-12635,TAGAAATGATTCTCATATTTAATCCTCTTGC
phage-gRNA-12636,ATGATTCTCATATTTAATCCTCTTGCCTCAA
phage-gRNA-12637,TCTCATATTTAATCCTCTTGCCTCAATCTAT
phage-gRNA-12638,TATTTAATCCTCTTGCCTCAATCTATGAATA
phage-gRNA-12639,AAGTGGTAACAAGAATTAGTACTATGGTCAT
phage-gRNA-12640,GTAACAAGAATTAGTACTATGGTCATATCAT
phage-gRNA-12641,AAGAATTAGTACTATGGTCATATCATCTCCA
phage-gRNA-12642,TTAGTACTATGGTCATATCATCTCCAGTTAA
phage-gRNA-12643,ACTATGGTCATATCATCTCCAGTTAAGGTCA
phage-gRNA-12644,GGTCATATCATCTCCAGTTAAGGTCAGCGAC
phage-gRNA-12645,TATCATCTCCAGTTAAGGTCAGCGACCAACT
phage-gRNA-12646,CAAACCAAAGAGCAAATGGAGAGATAATCAT
phage-gRNA-12647,CAAAGAGCAAATGGAGAGATAATCATTTCAG
phage-gRNA-12648,AGCAAATGGAGAGATAATCATTTCAGATCCT
phage-gRNA-12649,ATGGAGAGATAATCATTTCAGATCCTTTTCA
phage-gRNA-12650,GAGATAATCATTTCAGATCCTTTTCACTAAT
phage-gRNA-12651,AATCATTTCAGATCCTTTTCACTAATTAAAA
phage-gRNA-12652,TTTCAGATCCTTTTCACTAATTAAAATATTT
phage-gRNA-12653,GCACTGTGCTGTTGATGTTTAGTCTTTTCAC
phage-gRNA-12654,GTGCTGTTGATGTTTAGTCTTTTCACGTTCT
phage-gRNA-12655,GTTGATGTTTAGTCTTTTCACGTTCTTCTCT
phage-gRNA-12656,TGTTTAGTCTTTTCACGTTCTTCTCTCTGTT
phage-gRNA-12657,AGTCTTTTCACGTTCTTCTCTCTGTTATTCT
phage-gRNA-12658,TTTCACGTTCTTCTCTCTGTTATTCTTTAGG
phage-gRNA-12659,CGTTCTTCTCTCTGTTATTCTTTAGGAAACC
phage-gRNA-12660,GCAGTTCTTTTAACCTTTCTTGAGTAATCAT
phage-gRNA-12661,TCTTTTAACCTTTCTTGAGTAATCATTCTTC
phage-gRNA-12662,TAACCTTTCTTGAGTAATCATTCTTCTACTT
phage-gRNA-12663,TTTCTTGAGTAATCATTCTTCTACTTCCACA
phage-gRNA-12664,TGAGTAATCATTCTTCTACTTCCACATCACA
phage-gRNA-12665,AATCATTCTTCTACTTCCACATCACAATCAT
phage-gRNA-12666,TTCTTCTACTTCCACATCACAATCATAACGA
phage-gRNA-12667,AAACCATCAGTGCAACAATAAACTTATTCAT
phage-gRNA-12668,ATCAGTGCAACAATAAACTTATTCATCATGG
phage-gRNA-12669,TGCAACAATAAACTTATTCATCATGGTCTTC
phage-gRNA-12670,CAATAAACTTATTCATCATGGTCTTCCTCAC
phage-gRNA-12671,AACTTATTCATCATGGTCTTCCTCACTACAG
phage-gRNA-12672,ATTCATCATGGTCTTCCTCACTACAGTCACG
phage-gRNA-12673,TCATGGTCTTCCTCACTACAGTCACGGCATA
phage-gRNA-12674,CGTGAATGGCACAGTCTAGACGAGTTTTCAT
phage-gRNA-12675,ATGGCACAGTCTAGACGAGTTTTCATTTCAA
phage-gRNA-12676,ACAGTCTAGACGAGTTTTCATTTCAAACCTC
phage-gRNA-12677,CTAGACGAGTTTTCATTTCAAACCTCCCTCA
phage-gRNA-12678,CGAGTTTTCATTTCAAACCTCCCTCATCAAT
phage-gRNA-12679,TTTCATTTCAAACCTCCCTCATCAATTTATA
phage-gRNA-12680,TTTCAAACCTCCCTCATCAATTTATATAAAT
phage-gRNA-12681,CACCAGATTGTTTACGATAAGTACGGCTCAT
phage-gRNA-12682,GATTGTTTACGATAAGTACGGCTCATATTAC
phage-gRNA-12683,TTTACGATAAGTACGGCTCATATTACCTCCA
phage-gRNA-12684,GATAAGTACGGCTCATATTACCTCCATTAAG
phage-gRNA-12685,GTACGGCTCATATTACCTCCATTAAGTCTTT
phage-gRNA-12686,GCTCATATTACCTCCATTAAGTCTTTTAAAT
phage-gRNA-12687,TATTACCTCCATTAAGTCTTTTAAATTAACC
phage-gRNA-12688,GCCGGTGATGACGTCTTAATGCTCGATCCAC
phage-gRNA-12689,TGATGACGTCTTAATGCTCGATCCACACATT
phage-gRNA-12690,ACGTCTTAATGCTCGATCCACACATTTCTCC
phage-gRNA-12691,TTAATGCTCGATCCACACATTTCTCCTAAAA
phage-gRNA-12692,GCTCGATCCACACATTTCTCCTAAAACTTGG
phage-gRNA-12693,ATCCACACATTTCTCCTAAAACTTGGGAGAT
phage-gRNA-12694,CACATTTCTCCTAAAACTTGGGAGATAAATG
phage-gRNA-12695,CGCCAGATTTAAGATTTTGATACGCTTTCAT
phage-gRNA-12696,GATTTAAGATTTTGATACGCTTTCATTAGAT
phage-gRNA-12697,AAGATTTTGATACGCTTTCATTAGATCTCCT
phage-gRNA-12698,TTTGATACGCTTTCATTAGATCTCCTGGTTG
phage-gRNA-12699,TACGCTTTCATTAGATCTCCTGGTTGGTAGT
phage-gRNA-12700,TTTCATTAGATCTCCTGGTTGGTAGTTAGTA
phage-gRNA-12701,TTAGATCTCCTGGTTGGTAGTTAGTAGTGGA
phage-gRNA-12702,AACTAGCTTTTTTAAACTTTCCTGGACGCAT
phage-gRNA-12703,GCTTTTTTAAACTTTCCTGGACGCATAGTCT
phage-gRNA-12704,TTTAAACTTTCCTGGACGCATAGTCTTAATT
phage-gRNA-12705,ACTTTCCTGGACGCATAGTCTTAATTCCTAG
phage-gRNA-12706,CCTGGACGCATAGTCTTAATTCCTAGATTTG
phage-gRNA-12707,ACGCATAGTCTTAATTCCTAGATTTGGTACT
phage-gRNA-12708,TAGTCTTAATTCCTAGATTTGGTACTCCGGG
phage-gRNA-12709,TTTGGAATACTACAGAAAGATAACGTTTCAT
phage-gRNA-12710,AATACTACAGAAAGATAACGTTTCATTTGGT
phage-gRNA-12711,TACAGAAAGATAACGTTTCATTTGGTTTCCC
phage-gRNA-12712,AAAGATAACGTTTCATTTGGTTTCCCTCTCA
phage-gRNA-12713,TAACGTTTCATTTGGTTTCCCTCTCATTAAC
phage-gRNA-12714,TTTCATTTGGTTTCCCTCTCATTAACTTATA
phage-gRNA-12715,TTTGGTTTCCCTCTCATTAACTTATATAAAT
phage-gRNA-12716,TGTCAACCTTTAATTTTAGGTTATCAGCCAT
phage-gRNA-12717,ACCTTTAATTTTAGGTTATCAGCCATTAGAG
phage-gRNA-12718,TAATTTTAGGTTATCAGCCATTAGAGAGTAC
phage-gRNA-12719,TTAGGTTATCAGCCATTAGAGAGTACAGTAC
phage-gRNA-12720,TTATCAGCCATTAGAGAGTACAGTACTGGTA
phage-gRNA-12721,AGCCATTAGAGAGTACAGTACTGGTAGTTGG
phage-gRNA-12722,TTAGAGAGTACAGTACTGGTAGTTGGCAATA
phage-gRNA-12723,TACTTTTATTACGAAACTCAAAAACGTGCAT
phage-gRNA-12724,TTATTACGAAACTCAAAAACGTGCATAGTGT
phage-gRNA-12725,ACGAAACTCAAAAACGTGCATAGTGTTTCCT
phage-gRNA-12726,ACTCAAAAACGTGCATAGTGTTTCCTTAAAG
phage-gRNA-12727,AAAACGTGCATAGTGTTTCCTTAAAGTTGGA
phage-gRNA-12728,GTGCATAGTGTTTCCTTAAAGTTGGAGCGGC
phage-gRNA-12729,TAGTGTTTCCTTAAAGTTGGAGCGGCTAGAG
phage-gRNA-12730,CCGGAATTACTTTGAAATTTTCTAATTTCAT
phage-gRNA-12731,ATTACTTTGAAATTTTCTAATTTCATCTTAT
phage-gRNA-12732,TTTGAAATTTTCTAATTTCATCTTATTCTAC
phage-gRNA-12733,AATTTTCTAATTTCATCTTATTCTACAGGAA
phage-gRNA-12734,TCTAATTTCATCTTATTCTACAGGAACCGTG
phage-gRNA-12735,TTTCATCTTATTCTACAGGAACCGTGGCGAT
phage-gRNA-12736,TCTTATTCTACAGGAACCGTGGCGATTGGCT
phage-gRNA-12737,CAATGGAGCATTGTTTGCAGAAATCAGCCAT
phage-gRNA-12738,GAGCATTGTTTGCAGAAATCAGCCATATTTT
phage-gRNA-12739,TTGTTTGCAGAAATCAGCCATATTTTATTTC
phage-gRNA-12740,TGCAGAAATCAGCCATATTTTATTTCCTATT
phage-gRNA-12741,AAATCAGCCATATTTTATTTCCTATTTAAGT
phage-gRNA-12742,AGCCATATTTTATTTCCTATTTAAGTTAATT
phage-gRNA-12743,TATTTTATTTCCTATTTAAGTTAATTTGGGG
phage-gRNA-12744,CCTTCATTGTTACAGTAACTGTTTTGCTCAT
phage-gRNA-12745,ATTGTTACAGTAACTGTTTTGCTCATAAGGA
phage-gRNA-12746,TACAGTAACTGTTTTGCTCATAAGGATTCCT
phage-gRNA-12747,TAACTGTTTTGCTCATAAGGATTCCTTATAG
phage-gRNA-12748,GTTTTGCTCATAAGGATTCCTTATAGTTAAT
phage-gRNA-12749,GCTCATAAGGATTCCTTATAGTTAATTGGAG
phage-gRNA-12750,TAAGGATTCCTTATAGTTAATTGGAGGAAGG
phage-gRNA-12751,CTGGTGCATCTTTTATTGGTACAAACTGCAT
phage-gRNA-12752,GCATCTTTTATTGGTACAAACTGCATACATA
phage-gRNA-12753,TTTTATTGGTACAAACTGCATACATAAATCC
phage-gRNA-12754,TTGGTACAAACTGCATACATAAATCCTATGA
phage-gRNA-12755,ACAAACTGCATACATAAATCCTATGAGTTGG
phage-gRNA-12756,CTGCATACATAAATCCTATGAGTTGGTGGGG
phage-gRNA-12757,TACATAAATCCTATGAGTTGGTGGGGCTAGG
phage-gRNA-12758,TGTCACTTACTACTAATCGAAATACTTTCAT
phage-gRNA-12759,CTTACTACTAATCGAAATACTTTCATTTCGA
phage-gRNA-12760,TACTAATCGAAATACTTTCATTTCGAAATCC
phage-gRNA-12761,ATCGAAATACTTTCATTTCGAAATCCTCTAT
phage-gRNA-12762,AATACTTTCATTTCGAAATCCTCTATTAAAA
phage-gRNA-12763,TTTCATTTCGAAATCCTCTATTAAAATGGAA
phage-gRNA-12764,TTTCGAAATCCTCTATTAAAATGGAAGCGGG
phage-gRNA-12765,ACATGAATACTGATGCAATTTTATACTTCAC
phage-gRNA-12766,AATACTGATGCAATTTTATACTTCACTTAGC
phage-gRNA-12767,TGATGCAATTTTATACTTCACTTAGCTTTCC
phage-gRNA-12768,CAATTTTATACTTCACTTAGCTTTCCTTCTC
phage-gRNA-12769,TTATACTTCACTTAGCTTTCCTTCTCTTCAC
phage-gRNA-12770,CTTCACTTAGCTTTCCTTCTCTTCACTTTAT
phage-gRNA-12771,CTTAGCTTTCCTTCTCTTCACTTTATAAGAT
phage-gRNA-12772,CAAGTAACAGCTCTTCTTTGGCATTACGCAT
phage-gRNA-12773,AACAGCTCTTCTTTGGCATTACGCATAGTAT
phage-gRNA-12774,CTCTTCTTTGGCATTACGCATAGTATATTCC
phage-gRNA-12775,CTTTGGCATTACGCATAGTATATTCCCATAC
phage-gRNA-12776,GCATTACGCATAGTATATTCCCATACTGAAT
phage-gRNA-12777,ACGCATAGTATATTCCCATACTGAATTAATT
phage-gRNA-12778,TAGTATATTCCCATACTGAATTAATTTGGCG
phage-gRNA-12779,CTTCTAGCTGCGCAATCACATTCTTGGACAT
phage-gRNA-12780,AGCTGCGCAATCACATTCTTGGACATGCTTG
phage-gRNA-12781,CGCAATCACATTCTTGGACATGCTTGTTTCC
phage-gRNA-12782,TCACATTCTTGGACATGCTTGTTTCCTCAGT
phage-gRNA-12783,TTCTTGGACATGCTTGTTTCCTCAGTTATTA
phage-gRNA-12784,GGACATGCTTGTTTCCTCAGTTATTAATGAA
phage-gRNA-12785,TGCTTGTTTCCTCAGTTATTAATGAAAATGG
phage-gRNA-12786,TTACCAAACTATCAAAAACTTTTGTATGCAC
phage-gRNA-12787,AAACTATCAAAAACTTTTGTATGCACTACTT
phage-gRNA-12788,ATCAAAAACTTTTGTATGCACTACTTCTTTC
phage-gRNA-12789,AAACTTTTGTATGCACTACTTCTTTCCTTTA
phage-gRNA-12790,TTTGTATGCACTACTTCTTTCCTTTAGTAAT
phage-gRNA-12791,ATGCACTACTTCTTTCCTTTAGTAATTTGGA
phage-gRNA-12792,CTACTTCTTTCCTTTAGTAATTTGGACGACC
phage-gRNA-12793,AGATACATAATTCTTTTTCTTGTTCTGTCAT
phage-gRNA-12794,CATAATTCTTTTTCTTGTTCTGTCATATTGC
phage-gRNA-12795,TTCTTTTTCTTGTTCTGTCATATTGCTTCTC
phage-gRNA-12796,TTTCTTGTTCTGTCATATTGCTTCTCCAGTT
phage-gRNA-12797,TGTTCTGTCATATTGCTTCTCCAGTTCAATT
phage-gRNA-12798,TGTCATATTGCTTCTCCAGTTCAATTTATGT
phage-gRNA-12799,TATTGCTTCTCCAGTTCAATTTATGTAATTA
phage-gRNA-12800,CACAGTAAATAAAGAAGTTTTCAGGATGCAT
phage-gRNA-12801,TAAATAAAGAAGTTTTCAGGATGCATCAGCA
phage-gRNA-12802,AAAGAAGTTTTCAGGATGCATCAGCATCTCC
phage-gRNA-12803,AGTTTTCAGGATGCATCAGCATCTCCTTCAA
phage-gRNA-12804,TCAGGATGCATCAGCATCTCCTTCAATTTGG
phage-gRNA-12805,ATGCATCAGCATCTCCTTCAATTTGGTGCAC
phage-gRNA-12806,TCAGCATCTCCTTCAATTTGGTGCACCCTGT
phage-gRNA-12807,CAATACCAGTTGCTACAACACTATTTTGCAT
phage-gRNA-12808,CCAGTTGCTACAACACTATTTTGCATTCGTT
phage-gRNA-12809,TGCTACAACACTATTTTGCATTCGTTAACTC
phage-gRNA-12810,CAACACTATTTTGCATTCGTTAACTCCTTCA
phage-gRNA-12811,CTATTTTGCATTCGTTAACTCCTTCATCAAT
phage-gRNA-12812,TTGCATTCGTTAACTCCTTCATCAATTTATA
phage-gRNA-12813,TTCGTTAACTCCTTCATCAATTTATACAACT
phage-gRNA-12814,ATCGTTGCATGGTAATTTCAGGATTAGCCAT
phage-gRNA-12815,TGCATGGTAATTTCAGGATTAGCCATGTTGT
phage-gRNA-12816,GGTAATTTCAGGATTAGCCATGTTGTTTCTC
phage-gRNA-12817,TTTCAGGATTAGCCATGTTGTTTCTCCAGTT
phage-gRNA-12818,GGATTAGCCATGTTGTTTCTCCAGTTTCATT
phage-gRNA-12819,AGCCATGTTGTTTCTCCAGTTTCATTTTTAA
phage-gRNA-12820,TGTTGTTTCTCCAGTTTCATTTTTAATAGTT
phage-gRNA-12821,GACGTGTTGGGGGCGGAGGAGGTCTATACAT
phage-gRNA-12822,GTTGGGGGCGGAGGAGGTCTATACATCTTAA
phage-gRNA-12823,GGGCGGAGGAGGTCTATACATCTTAATTCCT
phage-gRNA-12824,GAGGAGGTCTATACATCTTAATTCCTTAATT
phage-gRNA-12825,GGTCTATACATCTTAATTCCTTAATTTGGTA
phage-gRNA-12826,ATACATCTTAATTCCTTAATTTGGTAGGAAC
phage-gRNA-12827,TCTTAATTCCTTAATTTGGTAGGAACTATAT
phage-gRNA-12828,CTTCCTTTCTATCTAGTATATCAGTTCTCAT
phage-gRNA-12829,TTTCTATCTAGTATATCAGTTCTCATAATTT
phage-gRNA-12830,ATCTAGTATATCAGTTCTCATAATTTATGAC
phage-gRNA-12831,GTATATCAGTTCTCATAATTTATGACTTTCT
phage-gRNA-12832,TCAGTTCTCATAATTTATGACTTTCTACTTA
phage-gRNA-12833,TCTCATAATTTATGACTTTCTACTTAAGTTG
phage-gRNA-12834,TAATTTATGACTTTCTACTTAAGTTGGTGGC
phage-gRNA-12835,AGAGATGTTCTGTTAGTTCATCAACAGTCAT
phage-gRNA-12836,TGTTCTGTTAGTTCATCAACAGTCATATTAG
phage-gRNA-12837,TGTTAGTTCATCAACAGTCATATTAGATTCC
phage-gRNA-12838,GTTCATCAACAGTCATATTAGATTCCTCTCT
phage-gRNA-12839,TCAACAGTCATATTAGATTCCTCTCTCAAAT
phage-gRNA-12840,AGTCATATTAGATTCCTCTCTCAAATTTATA
phage-gRNA-12841,TATTAGATTCCTCTCTCAAATTTATAAATAT
phage-gRNA-12842,TCTCAGGACTATTAGCTACTTCTTCTGTCAT
phage-gRNA-12843,GGACTATTAGCTACTTCTTCTGTCATTTTTT
phage-gRNA-12844,ATTAGCTACTTCTTCTGTCATTTTTTGACAC
phage-gRNA-12845,CTACTTCTTCTGTCATTTTTTGACACCTCCT
phage-gRNA-12846,TCTTCTGTCATTTTTTGACACCTCCTAGTAT
phage-gRNA-12847,TGTCATTTTTTGACACCTCCTAGTATATAGA
phage-gRNA-12848,TTTTTTGACACCTCCTAGTATATAGAAAATG
phage-gRNA-12849,ATCCGTTGTTTACAAAACCATATTTACTCAT
phage-gRNA-12850,TTGTTTACAAAACCATATTTACTCATAATGG
phage-gRNA-12851,TACAAAACCATATTTACTCATAATGGACTCC
phage-gRNA-12852,AACCATATTTACTCATAATGGACTCCTCCCC
phage-gRNA-12853,TATTTACTCATAATGGACTCCTCCCCTTAAT
phage-gRNA-12854,ACTCATAATGGACTCCTCCCCTTAATTTTAA
phage-gRNA-12855,TAATGGACTCCTCCCCTTAATTTTAAGCCGG
phage-gRNA-12856,GGCAGCACGAAACAGATTTTCTGCAACACAT
phage-gRNA-12857,CACGAAACAGATTTTCTGCAACACATAATTC
phage-gRNA-12858,AACAGATTTTCTGCAACACATAATTCCTCCT
phage-gRNA-12859,ATTTTCTGCAACACATAATTCCTCCTTAGGA
phage-gRNA-12860,CTGCAACACATAATTCCTCCTTAGGAGCTAT
phage-gRNA-12861,ACACATAATTCCTCCTTAGGAGCTATTATCA
phage-gRNA-12862,TAATTCCTCCTTAGGAGCTATTATCACCATT
phage-gRNA-12863,TCAGTTCTTTCATATTTTTAGTATTAAACAT
phage-gRNA-12864,TCTTTCATATTTTTAGTATTAAACATATATT
phage-gRNA-12865,CATATTTTTAGTATTAAACATATATTTCCTT
phage-gRNA-12866,TTTTAGTATTAAACATATATTTCCTTTGTTT
phage-gRNA-12867,GTATTAAACATATATTTCCTTTGTTTTAGTT
phage-gRNA-12868,AAACATATATTTCCTTTGTTTTAGTTACAGT
phage-gRNA-12869,TATATTTCCTTTGTTTTAGTTACAGTTAATA
phage-gRNA-12870,CTCGCAGTACATAAAGCATATTCATGCCCAT
phage-gRNA-12871,AGTACATAAAGCATATTCATGCCCATTATTT
phage-gRNA-12872,ATAAAGCATATTCATGCCCATTATTTCATCC
phage-gRNA-12873,GCATATTCATGCCCATTATTTCATCCCCAAT
phage-gRNA-12874,TTCATGCCCATTATTTCATCCCCAATGCTTG
phage-gRNA-12875,GCCCATTATTTCATCCCCAATGCTTGGTTAA
phage-gRNA-12876,TTATTTCATCCCCAATGCTTGGTTAAAAGAT
phage-gRNA-12877,TGTTAACACCAATGACGATCAAGTTTTTCAT
phage-gRNA-12878,ACACCAATGACGATCAAGTTTTTCATATTTC
phage-gRNA-12879,AATGACGATCAAGTTTTTCATATTTCGCTTC
phage-gRNA-12880,CGATCAAGTTTTTCATATTTCGCTTCCTCTC
phage-gRNA-12881,AAGTTTTTCATATTTCGCTTCCTCTCATTAA
phage-gRNA-12882,TTTCATATTTCGCTTCCTCTCATTAATTTAT
phage-gRNA-12883,TATTTCGCTTCCTCTCATTAATTTATGAAAG
phage-gRNA-12884,GGGCAGCTACTAAAAGCAAAGCTGCCTTCAT
phage-gRNA-12885,GCTACTAAAAGCAAAGCTGCCTTCATTCTTT
phage-gRNA-12886,TAAAAGCAAAGCTGCCTTCATTCTTTTTACT
phage-gRNA-12887,GCAAAGCTGCCTTCATTCTTTTTACTCCTGC
phage-gRNA-12888,GCTGCCTTCATTCTTTTTACTCCTGCCAATC
phage-gRNA-12889,CTTCATTCTTTTTACTCCTGCCAATCGTATT
phage-gRNA-12890,TTCTTTTTACTCCTGCCAATCGTATTCAATA
phage-gRNA-12891,GCACATCATCAATCAAAATATGAAAAGTCAT
phage-gRNA-12892,TCATCAATCAAAATATGAAAAGTCATAATAG
phage-gRNA-12893,AATCAAAATATGAAAAGTCATAATAGCCTCG
phage-gRNA-12894,AAATATGAAAAGTCATAATAGCCTCGTTTCA
phage-gRNA-12895,TGAAAAGTCATAATAGCCTCGTTTCATCAAT
phage-gRNA-12896,AGTCATAATAGCCTCGTTTCATCAATTTAAA
phage-gRNA-12897,TAATAGCCTCGTTTCATCAATTTAAAAATAT
phage-gRNA-12898,GAGCACGAGTTTTAGAAATACGAGTGGTCAT
phage-gRNA-12899,CGAGTTTTAGAAATACGAGTGGTCATTGTTT
phage-gRNA-12900,TTTAGAAATACGAGTGGTCATTGTTTCTTCC
phage-gRNA-12901,AAATACGAGTGGTCATTGTTTCTTCCTTATA
phage-gRNA-12902,CGAGTGGTCATTGTTTCTTCCTTATATGAAG
phage-gRNA-12903,GGTCATTGTTTCTTCCTTATATGAAGTTTAA
phage-gRNA-12904,TTGTTTCTTCCTTATATGAAGTTTAAGATTT
phage-gRNA-12905,CATTTTTACGAACATTTTTAGATACTGGCAT
phage-gRNA-12906,TTACGAACATTTTTAGATACTGGCATATTTG
phage-gRNA-12907,AACATTTTTAGATACTGGCATATTTGTTTTC
phage-gRNA-12908,TTTTAGATACTGGCATATTTGTTTTCCTTTT
phage-gRNA-12909,GATACTGGCATATTTGTTTTCCTTTTGTTGT
phage-gRNA-12910,TGGCATATTTGTTTTCCTTTTGTTGTTTTCT
phage-gRNA-12911,TATTTGTTTTCCTTTTGTTGTTTTCTCAAAT
phage-gRNA-12912,TATCTAGCATACCAAATGGTTTTACTTTCAT
phage-gRNA-12913,AGCATACCAAATGGTTTTACTTTCATAACTT
phage-gRNA-12914,ACCAAATGGTTTTACTTTCATAACTTATCCT
phage-gRNA-12915,ATGGTTTTACTTTCATAACTTATCCTTTATT
phage-gRNA-12916,TTTACTTTCATAACTTATCCTTTATTGCGTA
phage-gRNA-12917,TTTCATAACTTATCCTTTATTGCGTAGAAAA
phage-gRNA-12918,TAACTTATCCTTTATTGCGTAGAAAACTATT
phage-gRNA-12919,TAAAATCATTCTTTGCTACAAAATTACGCAT
phage-gRNA-12920,TCATTCTTTGCTACAAAATTACGCATAGTTT
phage-gRNA-12921,CTTTGCTACAAAATTACGCATAGTTTCTCCA
phage-gRNA-12922,CTACAAAATTACGCATAGTTTCTCCAAAATA
phage-gRNA-12923,AAATTACGCATAGTTTCTCCAAAATATGAGG
phage-gRNA-12924,ACGCATAGTTTCTCCAAAATATGAGGGGCTT
phage-gRNA-12925,TAGTTTCTCCAAAATATGAGGGGCTTTCGCC
phage-gRNA-12926,CTTGAGTTTTTGCGTTTTTCTGCTTAGCCAT
phage-gRNA-12927,GTTTTTGCGTTTTTCTGCTTAGCCATTATTT
phage-gRNA-12928,TGCGTTTTTCTGCTTAGCCATTATTTGTTTT
phage-gRNA-12929,TTTTCTGCTTAGCCATTATTTGTTTTCCTTT
phage-gRNA-12930,TGCTTAGCCATTATTTGTTTTCCTTTTTGTT
phage-gRNA-12931,AGCCATTATTTGTTTTCCTTTTTGTTTATCA
phage-gRNA-12932,TTATTTGTTTTCCTTTTTGTTTATCAATTTA
phage-gRNA-12933,ATCCTAATGAATTTGAGTTATAAATTCGCAT
phage-gRNA-12934,AATGAATTTGAGTTATAAATTCGCATAAAGC
phage-gRNA-12935,ATTTGAGTTATAAATTCGCATAAAGCCCTCC
phage-gRNA-12936,AGTTATAAATTCGCATAAAGCCCTCCTCACT
phage-gRNA-12937,TAAATTCGCATAAAGCCCTCCTCACTTTCAA
phage-gRNA-12938,TCGCATAAAGCCCTCCTCACTTTCAATACGA
phage-gRNA-12939,TAAAGCCCTCCTCACTTTCAATACGAATATT
phage-gRNA-12940,CGCCATCTGTATAAACATGGAAAACTGACAT
phage-gRNA-12941,TCTGTATAAACATGGAAAACTGACATTATTT
phage-gRNA-12942,ATAAACATGGAAAACTGACATTATTTGCTCC
phage-gRNA-12943,CATGGAAAACTGACATTATTTGCTCCAATTA
phage-gRNA-12944,AAAACTGACATTATTTGCTCCAATTAATAGT
phage-gRNA-12945,TGACATTATTTGCTCCAATTAATAGTTACCC
phage-gRNA-12946,TTATTTGCTCCAATTAATAGTTACCCAATAG
phage-gRNA-12947,CATCTGTCAAAATTTTTAAGTATTGTTGCAT
phage-gRNA-12948,GTCAAAATTTTTAAGTATTGTTGCATTAATA
phage-gRNA-12949,AATTTTTAAGTATTGTTGCATTAATAAGTAA
phage-gRNA-12950,TTAAGTATTGTTGCATTAATAAGTAACCAAT
phage-gRNA-12951,TATTGTTGCATTAATAAGTAACCAATTCCTG
phage-gRNA-12952,TTGCATTAATAAGTAACCAATTCCTGTACAA
phage-gRNA-12953,TTAATAAGTAACCAATTCCTGTACAAATCGC
phage-gRNA-12954,TCGGCCCAACTGCATACATTGCTGTAATCAT
phage-gRNA-12955,CCAACTGCATACATTGCTGTAATCATAGGAA
phage-gRNA-12956,TGCATACATTGCTGTAATCATAGGAAATCTC
phage-gRNA-12957,ACATTGCTGTAATCATAGGAAATCTCCAAAT
phage-gRNA-12958,GCTGTAATCATAGGAAATCTCCAAATTCATT
phage-gRNA-12959,AATCATAGGAAATCTCCAAATTCATTGCCCA
phage-gRNA-12960,TAGGAAATCTCCAAATTCATTGCCCAGATCT
phage-gRNA-12961,GATCCCAGTTTAAGTTAAGTAAAGTTGTCAT
phage-gRNA-12962,CAGTTTAAGTTAAGTAAAGTTGTCATTAGTT
phage-gRNA-12963,TAAGTTAAGTAAAGTTGTCATTAGTTCTCCT
phage-gRNA-12964,TAAGTAAAGTTGTCATTAGTTCTCCTGTTTA
phage-gRNA-12965,AAAGTTGTCATTAGTTCTCCTGTTTATCTGT
phage-gRNA-12966,TGTCATTAGTTCTCCTGTTTATCTGTGTTTC
phage-gRNA-12967,TTAGTTCTCCTGTTTATCTGTGTTTCTAAGT
phage-gRNA-12968,GAATCCTTTTTAATTCATCTTGTGTTATCAA
phage-gRNA-12969,CTTTTTAATTCATCTTGTGTTATCAAAACTA
phage-gRNA-12970,TAATTCATCTTGTGTTATCAAAACTAATCTC
phage-gRNA-12971,CATCTTGTGTTATCAAAACTAATCTCCTTAA
phage-gRNA-12972,TGTGTTATCAAAACTAATCTCCTTAACTAAT
phage-gRNA-12973,TATCAAAACTAATCTCCTTAACTAATGGAGA
phage-gRNA-12974,AAACTAATCTCCTTAACTAATGGAGATATTA
phage-gRNA-12975,TTTCTGATAGAAAAGGCCCGAGTATTTTCAT
phage-gRNA-12976,GATAGAAAAGGCCCGAGTATTTTCATACCCA
phage-gRNA-12977,AAAAGGCCCGAGTATTTTCATACCCAGGCCT
phage-gRNA-12978,GCCCGAGTATTTTCATACCCAGGCCTTCTGT
phage-gRNA-12979,AGTATTTTCATACCCAGGCCTTCTGTGTTGT
phage-gRNA-12980,TTTCATACCCAGGCCTTCTGTGTTGTCAGTC
phage-gRNA-12981,TACCCAGGCCTTCTGTGTTGTCAGTCTAGTT
phage-gRNA-12982,TTTTTCGGTGTAGATGTACAACGTTTCCCAT
phage-gRNA-12983,CGGTGTAGATGTACAACGTTTCCCATATTAC
phage-gRNA-12984,TAGATGTACAACGTTTCCCATATTACACCTT
phage-gRNA-12985,GTACAACGTTTCCCATATTACACCTTCCCCA
phage-gRNA-12986,ACGTTTCCCATATTACACCTTCCCCATGTCT
phage-gRNA-12987,TCCCATATTACACCTTCCCCATGTCTTTAAA
phage-gRNA-12988,TATTACACCTTCCCCATGTCTTTAAAAATAT
phage-gRNA-12989,GGTTCTCTCTTTTTTGACGTGCTTTTCCCAT
phage-gRNA-12990,TCTCTTTTTTGACGTGCTTTTCCCATAAATA
phage-gRNA-12991,TTTTTGACGTGCTTTTCCCATAAATAACACT
phage-gRNA-12992,GACGTGCTTTTCCCATAAATAACACTCCTAT
phage-gRNA-12993,GCTTTTCCCATAAATAACACTCCTATAGTGT
phage-gRNA-12994,TCCCATAAATAACACTCCTATAGTGTACTTC
phage-gRNA-12995,TAAATAACACTCCTATAGTGTACTTCGCTAA
phage-gRNA-12996,CCTTGTATTTTAGTTCATCATTGCGATTCAT
phage-gRNA-12997,TATTTTAGTTCATCATTGCGATTCATTATAC
phage-gRNA-12998,TAGTTCATCATTGCGATTCATTATACCCTCC
phage-gRNA-12999,CATCATTGCGATTCATTATACCCTCCTTCTC
phage-gRNA-13000,TTGCGATTCATTATACCCTCCTTCTCTAACT
phage-gRNA-13001,ATTCATTATACCCTCCTTCTCTAACTAAGAC
phage-gRNA-13002,TTATACCCTCCTTCTCTAACTAAGACTACTA
phage-gRNA-13003,TAGACTCCACTATATACGGTTTTAAAGTCAT
phage-gRNA-13004,TCCACTATATACGGTTTTAAAGTCATAATTC
phage-gRNA-13005,TATATACGGTTTTAAAGTCATAATTCCTACC
phage-gRNA-13006,ACGGTTTTAAAGTCATAATTCCTACCTCCTC
phage-gRNA-13007,TTTAAAGTCATAATTCCTACCTCCTCAAATT
phage-gRNA-13008,AGTCATAATTCCTACCTCCTCAAATTTATAA
phage-gRNA-13009,TAATTCCTACCTCCTCAAATTTATAAATCTA
phage-gRNA-13010,GATATTTAAGGTGTTTCACATTCTTAGTCAT
phage-gRNA-13011,TTAAGGTGTTTCACATTCTTAGTCATTATTA
phage-gRNA-13012,GTGTTTCACATTCTTAGTCATTATTAAACTC
phage-gRNA-13013,TCACATTCTTAGTCATTATTAAACTCCACTG
phage-gRNA-13014,TTCTTAGTCATTATTAAACTCCACTGCAACT
phage-gRNA-13015,AGTCATTATTAAACTCCACTGCAACTGTTTC
phage-gRNA-13016,TTATTAAACTCCACTGCAACTGTTTCTAGGT
phage-gRNA-13017,CTGCACCACTAATAATAATTAGCCTACGCAT
phage-gRNA-13018,CCACTAATAATAATTAGCCTACGCATTATAT
phage-gRNA-13019,AATAATAATTAGCCTACGCATTATATGATTC
phage-gRNA-13020,TAATTAGCCTACGCATTATATGATTCCTCTC
phage-gRNA-13021,AGCCTACGCATTATATGATTCCTCTCTTGAA
phage-gRNA-13022,ACGCATTATATGATTCCTCTCTTGAACCCCT
phage-gRNA-13023,TTATATGATTCCTCTCTTGAACCCCTAGATA
phage-gRNA-13024,CCCATTCATTATTTCTTACTTCCTGACACAT
phage-gRNA-13025,TCATTATTTCTTACTTCCTGACACATAAGGT
phage-gRNA-13026,ATTTCTTACTTCCTGACACATAAGGTCTACC
phage-gRNA-13027,TTACTTCCTGACACATAAGGTCTACCCTCTA
phage-gRNA-13028,TCCTGACACATAAGGTCTACCCTCTAGATGA
phage-gRNA-13029,ACACATAAGGTCTACCCTCTAGATGAGCTTC
phage-gRNA-13030,TAAGGTCTACCCTCTAGATGAGCTTCTACAC
phage-gRNA-13031,GATGTGTATACACAGATTTAACTATGGACAT
phage-gRNA-13032,GTATACACAGATTTAACTATGGACATATCTG
phage-gRNA-13033,CACAGATTTAACTATGGACATATCTGTTTCC
phage-gRNA-13034,ATTTAACTATGGACATATCTGTTTCCCCTCA
phage-gRNA-13035,ACTATGGACATATCTGTTTCCCCTCATCTCC
phage-gRNA-13036,GGACATATCTGTTTCCCCTCATCTCCAGAGG
phage-gRNA-13037,TATCTGTTTCCCCTCATCTCCAGAGGATAAC
phage-gRNA-13038,GAAAAATAATTGGAGTATTACTTATTTCCAT
phage-gRNA-13039,ATAATTGGAGTATTACTTATTTCCATTTTTG
phage-gRNA-13040,TGGAGTATTACTTATTTCCATTTTTGTCCCT
phage-gRNA-13041,TATTACTTATTTCCATTTTTGTCCCTTTCTA
phage-gRNA-13042,CTTATTTCCATTTTTGTCCCTTTCTAAGAAC
phage-gRNA-13043,TTCCATTTTTGTCCCTTTCTAAGAACGTATC
phage-gRNA-13044,TTTTTGTCCCTTTCTAAGAACGTATCATACT
phage-gRNA-13045,TAGCTTCTTTAGAGAATACATTATTAAACAT
phage-gRNA-13046,TCTTTAGAGAATACATTATTAAACATATTTA
phage-gRNA-13047,AGAGAATACATTATTAAACATATTTACACCT
phage-gRNA-13048,ATACATTATTAAACATATTTACACCTTAAAT
phage-gRNA-13049,TTATTAAACATATTTACACCTTAAATTGTTG
phage-gRNA-13050,AAACATATTTACACCTTAAATTGTTGTAGGG
phage-gRNA-13051,TATTTACACCTTAAATTGTTGTAGGGCTTTA
phage-gRNA-13052,GATCAATCTGACGCCAATATATTTGTTCCAT
phage-gRNA-13053,ATCTGACGCCAATATATTTGTTCCATTGTGC
phage-gRNA-13054,ACGCCAATATATTTGTTCCATTGTGCCTCCT
phage-gRNA-13055,AATATATTTGTTCCATTGTGCCTCCTTAGGC
phage-gRNA-13056,ATTTGTTCCATTGTGCCTCCTTAGGCAGTTA
phage-gRNA-13057,TTCCATTGTGCCTCCTTAGGCAGTTAAACCC
phage-gRNA-13058,TTGTGCCTCCTTAGGCAGTTAAACCCGGAAT
phage-gRNA-13059,ATCCGGCGTGACCTTGGAGGATAGAAAACAC
phage-gRNA-13060,GCGTGACCTTGGAGGATAGAAAACACAACAA
phage-gRNA-13061,ACCTTGGAGGATAGAAAACACAACAATACTC
phage-gRNA-13062,GGAGGATAGAAAACACAACAATACTCCTGTG
phage-gRNA-13063,ATAGAAAACACAACAATACTCCTGTGTTGGT
phage-gRNA-13064,AAACACAACAATACTCCTGTGTTGGTTAATC
phage-gRNA-13065,CAACAATACTCCTGTGTTGGTTAATCGAAAT
phage-gRNA-13066,CCATAGGAGGCATTGGTTTATGCATCTTCAT
phage-gRNA-13067,GGAGGCATTGGTTTATGCATCTTCATTAGTT
phage-gRNA-13068,CATTGGTTTATGCATCTTCATTAGTTGCTCC
phage-gRNA-13069,GTTTATGCATCTTCATTAGTTGCTCCAAGTT
phage-gRNA-13070,TGCATCTTCATTAGTTGCTCCAAGTTCGGAC
phage-gRNA-13071,CTTCATTAGTTGCTCCAAGTTCGGACATTAC
phage-gRNA-13072,TTAGTTGCTCCAAGTTCGGACATTACTTCTT
phage-gRNA-13073,TTGTTTCCCATTTTTTATTCTTCACTGTCAT
phage-gRNA-13074,TCCCATTTTTTATTCTTCACTGTCATATCTC
phage-gRNA-13075,TTTTTTATTCTTCACTGTCATATCTCTCCGA
phage-gRNA-13076,TATTCTTCACTGTCATATCTCTCCGAGGGAT
phage-gRNA-13077,TTCACTGTCATATCTCTCCGAGGGATTAAAT
phage-gRNA-13078,TGTCATATCTCTCCGAGGGATTAAATTCACC
phage-gRNA-13079,TATCTCTCCGAGGGATTAAATTCACCAAACA
phage-gRNA-13080,GGATATGTTTCTTTCTGCGAGAACCAGCCAT
phage-gRNA-13081,TGTTTCTTTCTGCGAGAACCAGCCATATTTA
phage-gRNA-13082,CTTTCTGCGAGAACCAGCCATATTTAACTCC
phage-gRNA-13083,TGCGAGAACCAGCCATATTTAACTCCTCTCT
phage-gRNA-13084,GAACCAGCCATATTTAACTCCTCTCTCAAAT
phage-gRNA-13085,AGCCATATTTAACTCCTCTCTCAAATTTATG
phage-gRNA-13086,TATTTAACTCCTCTCTCAAATTTATGAATCT
phage-gRNA-13087,CATCTTTAAGTAAATCAGTTAGTCTACTCAC
phage-gRNA-13088,TTAAGTAAATCAGTTAGTCTACTCACGGCGT
phage-gRNA-13089,TAAATCAGTTAGTCTACTCACGGCGTTTTCC
phage-gRNA-13090,CAGTTAGTCTACTCACGGCGTTTTCCTTTTT
phage-gRNA-13091,AGTCTACTCACGGCGTTTTCCTTTTTCTTTA
phage-gRNA-13092,ACTCACGGCGTTTTCCTTTTTCTTTATCAAG
phage-gRNA-13093,CGGCGTTTTCCTTTTTCTTTATCAAGTTTCA
phage-gRNA-13094,GTTCATCAGTCCACTGAGTTGGAGTAGTCAT
phage-gRNA-13095,TCAGTCCACTGAGTTGGAGTAGTCATATTTT
phage-gRNA-13096,CCACTGAGTTGGAGTAGTCATATTTTATATT
phage-gRNA-13097,GAGTTGGAGTAGTCATATTTTATATTTCCTT
phage-gRNA-13098,GGAGTAGTCATATTTTATATTTCCTTAATTA
phage-gRNA-13099,AGTCATATTTTATATTTCCTTAATTAAGAAT
phage-gRNA-13100,TATTTTATATTTCCTTAATTAAGAATAAAAC
phage-gRNA-13101,CGCACTGTGCAATAATTTCAGCTTTAGTCAT
phage-gRNA-13102,TGTGCAATAATTTCAGCTTTAGTCATAGCTA
phage-gRNA-13103,AATAATTTCAGCTTTAGTCATAGCTATAGTT
phage-gRNA-13104,TTTCAGCTTTAGTCATAGCTATAGTTCCTTT
phage-gRNA-13105,GCTTTAGTCATAGCTATAGTTCCTTTTGTTG
phage-gRNA-13106,AGTCATAGCTATAGTTCCTTTTGTTGGTGGA
phage-gRNA-13107,TAGCTATAGTTCCTTTTGTTGGTGGATTTAT
phage-gRNA-13108,CTTCATAGTTTTGATTTACCTGTTCGCTCAT
phage-gRNA-13109,TAGTTTTGATTTACCTGTTCGCTCATTTACA
phage-gRNA-13110,TTGATTTACCTGTTCGCTCATTTACATATCC
phage-gRNA-13111,TTACCTGTTCGCTCATTTACATATCCCAAAT
phage-gRNA-13112,TGTTCGCTCATTTACATATCCCAAATACACA
phage-gRNA-13113,GCTCATTTACATATCCCAAATACACAAAAAG
phage-gRNA-13114,TTTACATATCCCAAATACACAAAAAGCCCCA
phage-gRNA-13115,AGCGTTTAATAAATTCTTTTACATTAGTCAT
phage-gRNA-13116,TTAATAAATTCTTTTACATTAGTCATTTATT
phage-gRNA-13117,AAATTCTTTTACATTAGTCATTTATTTATAT
phage-gRNA-13118,CTTTTACATTAGTCATTTATTTATATCTCTC
phage-gRNA-13119,ACATTAGTCATTTATTTATATCTCTCATTAA
phage-gRNA-13120,AGTCATTTATTTATATCTCTCATTAATTTAT
phage-gRNA-13121,TTTATTTATATCTCTCATTAATTTATATAAA
phage-gRNA-13122,AGGGACATTGTGTTGGAATTTCGATTTTCAT
phage-gRNA-13123,CATTGTGTTGGAATTTCGATTTTCATCAAAT
phage-gRNA-13124,TGTTGGAATTTCGATTTTCATCAAATTTCTT
phage-gRNA-13125,GAATTTCGATTTTCATCAAATTTCTTCCTTA
phage-gRNA-13126,TCGATTTTCATCAAATTTCTTCCTTATCAAT
phage-gRNA-13127,TTTCATCAAATTTCTTCCTTATCAATTTATA
phage-gRNA-13128,TCAAATTTCTTCCTTATCAATTTATATAAAT
phage-gRNA-13129,CACCTTCTACGTTCCAGTTCAGTTTAGACAT
phage-gRNA-13130,TCTACGTTCCAGTTCAGTTTAGACATTATTA
phage-gRNA-13131,GTTCCAGTTCAGTTTAGACATTATTATTTTT
phage-gRNA-13132,AGTTCAGTTTAGACATTATTATTTTTCTCCA
phage-gRNA-13133,AGTTTAGACATTATTATTTTTCTCCAATAGT
phage-gRNA-13134,AGACATTATTATTTTTCTCCAATAGTTCTTT
phage-gRNA-13135,TTATTATTTTTCTCCAATAGTTCTTTAATCG
phage-gRNA-13136,GCCTTCTAAATGCAAAAAGGGGAAGGAGCAT
phage-gRNA-13137,CTAAATGCAAAAAGGGGAAGGAGCATAGCCC
phage-gRNA-13138,TGCAAAAAGGGGAAGGAGCATAGCCCCCTCC
phage-gRNA-13139,AAAGGGGAAGGAGCATAGCCCCCTCCCCTTA
phage-gRNA-13140,GGAAGGAGCATAGCCCCCTCCCCTTAGGTTT
phage-gRNA-13141,GAGCATAGCCCCCTCCCCTTAGGTTTAATTT
phage-gRNA-13142,TAGCCCCCTCCCCTTAGGTTTAATTTACCAG
phage-gRNA-13143,ATAACTCTTTTAGCCTTTCCTGTGTTATCAT
phage-gRNA-13144,TCTTTTAGCCTTTCCTGTGTTATCATATATC
phage-gRNA-13145,TAGCCTTTCCTGTGTTATCATATATCGCTGG
phage-gRNA-13146,TTTCCTGTGTTATCATATATCGCTGGCCTGT
phage-gRNA-13147,TGTGTTATCATATATCGCTGGCCTGTTCACC
phage-gRNA-13148,TATCATATATCGCTGGCCTGTTCACCTGTTG
phage-gRNA-13149,TATATCGCTGGCCTGTTCACCTGTTGAATTT
phage-gRNA-13150,TAAGATCAAGTAATTCTGTTATTCGACTCAT
phage-gRNA-13151,TCAAGTAATTCTGTTATTCGACTCATGAATT
phage-gRNA-13152,TAATTCTGTTATTCGACTCATGAATTTAACT
phage-gRNA-13153,CTGTTATTCGACTCATGAATTTAACTCCTCC
phage-gRNA-13154,ATTCGACTCATGAATTTAACTCCTCCAGTGA
phage-gRNA-13155,ACTCATGAATTTAACTCCTCCAGTGAAGGAT
phage-gRNA-13156,TGAATTTAACTCCTCCAGTGAAGGATAATTA
phage-gRNA-13157,TTAGAGCTTTATCAACTACTGCGATTTTCAA
phage-gRNA-13158,GCTTTATCAACTACTGCGATTTTCAAATTTA
phage-gRNA-13159,ATCAACTACTGCGATTTTCAAATTTAATCTC
phage-gRNA-13160,CTACTGCGATTTTCAAATTTAATCTCCTCTT
phage-gRNA-13161,GCGATTTTCAAATTTAATCTCCTCTTGGTAA
phage-gRNA-13162,TTTCAAATTTAATCTCCTCTTGGTAAGTAAG
phage-gRNA-13163,AATTTAATCTCCTCTTGGTAAGTAAGTATAA
phage-gRNA-13164,ACGCATAGACGGGCAATTTGAAATCAAGCAC
phage-gRNA-13165,TAGACGGGCAATTTGAAATCAAGCACCGAGA
phage-gRNA-13166,GGGCAATTTGAAATCAAGCACCGAGAATCCT
phage-gRNA-13167,ATTTGAAATCAAGCACCGAGAATCCTTTTCA
phage-gRNA-13168,AAATCAAGCACCGAGAATCCTTTTCACGTTA
phage-gRNA-13169,AAGCACCGAGAATCCTTTTCACGTTATCCAA
phage-gRNA-13170,CCGAGAATCCTTTTCACGTTATCCAAATCTT
phage-gRNA-13171,AATAGGCTTTATTAGATATAACAACCTTCAT
phage-gRNA-13172,GCTTTATTAGATATAACAACCTTCATAATTT
phage-gRNA-13173,ATTAGATATAACAACCTTCATAATTTTATTC
phage-gRNA-13174,ATATAACAACCTTCATAATTTTATTCTAAGT
phage-gRNA-13175,ACAACCTTCATAATTTTATTCTAAGTCTAGG
phage-gRNA-13176,CTTCATAATTTTATTCTAAGTCTAGGAATTT
phage-gRNA-13177,TAATTTTATTCTAAGTCTAGGAATTTCAGGC
phage-gRNA-13178,ATAATTGGTGAGCATCAGGCTCTGTAAGCAT
phage-gRNA-13179,TGGTGAGCATCAGGCTCTGTAAGCATTCTTT
phage-gRNA-13180,AGCATCAGGCTCTGTAAGCATTCTTTTGAAT
phage-gRNA-13181,CAGGCTCTGTAAGCATTCTTTTGAATAGCTT
phage-gRNA-13182,TCTGTAAGCATTCTTTTGAATAGCTTAATAA
phage-gRNA-13183,AAGCATTCTTTTGAATAGCTTAATAATTAGG
phage-gRNA-13184,TTCTTTTGAATAGCTTAATAATTAGGTCGGA
phage-gRNA-13185,CGCCAGTAGTTTCGCCCCAAGACTTAGCCAT
phage-gRNA-13186,GTAGTTTCGCCCCAAGACTTAGCCATATTTT
phage-gRNA-13187,TTCGCCCCAAGACTTAGCCATATTTTATTTC
phage-gRNA-13188,CCCAAGACTTAGCCATATTTTATTTCCTCTT
phage-gRNA-13189,GACTTAGCCATATTTTATTTCCTCTTTAAAG
phage-gRNA-13190,AGCCATATTTTATTTCCTCTTTAAAGATTAA
phage-gRNA-13191,TATTTTATTTCCTCTTTAAAGATTAATTTCG
phage-gRNA-13192,TATGATGATCAGCACTAAATAATATTCTCAT
phage-gRNA-13193,TGATCAGCACTAAATAATATTCTCATATATT
phage-gRNA-13194,AGCACTAAATAATATTCTCATATATTAAAAA
phage-gRNA-13195,TAAATAATATTCTCATATATTAAAAAGAAAG
phage-gRNA-13196,AATATTCTCATATATTAAAAAGAAAGGGGCC
phage-gRNA-13197,TCTCATATATTAAAAAGAAAGGGGCCGAAGC
phage-gRNA-13198,TATATTAAAAAGAAAGGGGCCGAAGCCCCTC
phage-gRNA-13199,ATTTTAGTGTCTTAATTGTAATCTTTGACAT
phage-gRNA-13200,AGTGTCTTAATTGTAATCTTTGACATATTTC
phage-gRNA-13201,CTTAATTGTAATCTTTGACATATTTCGCAGC
phage-gRNA-13202,TTGTAATCTTTGACATATTTCGCAGCTCTAG
phage-gRNA-13203,ATCTTTGACATATTTCGCAGCTCTAGCCAAG
phage-gRNA-13204,TGACATATTTCGCAGCTCTAGCCAAGATTCT
phage-gRNA-13205,TATTTCGCAGCTCTAGCCAAGATTCTATCAA
phage-gRNA-13206,GTTTACCTTTCTCTCTACTATCTACAGCCAT
phage-gRNA-13207,CCTTTCTCTCTACTATCTACAGCCATGTTTT
phage-gRNA-13208,CTCTCTACTATCTACAGCCATGTTTTATTCT
phage-gRNA-13209,TACTATCTACAGCCATGTTTTATTCTAAGTA
phage-gRNA-13210,TCTACAGCCATGTTTTATTCTAAGTAGGAAA
phage-gRNA-13211,AGCCATGTTTTATTCTAAGTAGGAAAATCCT
phage-gRNA-13212,TGTTTTATTCTAAGTAGGAAAATCCTTCTGC
phage-gRNA-13213,CTTCAATAAATTTTCCCCAGGATTTACTCAT
phage-gRNA-13214,ATAAATTTTCCCCAGGATTTACTCATTATTT
phage-gRNA-13215,TTTTCCCCAGGATTTACTCATTATTTAATTA
phage-gRNA-13216,CCCAGGATTTACTCATTATTTAATTAAGTCC
phage-gRNA-13217,GATTTACTCATTATTTAATTAAGTCCTCAAC
phage-gRNA-13218,ACTCATTATTTAATTAAGTCCTCAACAGATG
phage-gRNA-13219,TTATTTAATTAAGTCCTCAACAGATGCATGA
phage-gRNA-13220,AATCTGGATGAGTTAACTTAATTTTAATCAT
phage-gRNA-13221,GGATGAGTTAACTTAATTTTAATCATTGTTC
phage-gRNA-13222,AGTTAACTTAATTTTAATCATTGTTCTGCAA
phage-gRNA-13223,ACTTAATTTTAATCATTGTTCTGCAATCTCC
phage-gRNA-13224,ATTTTAATCATTGTTCTGCAATCTCCAAAAT
phage-gRNA-13225,AATCATTGTTCTGCAATCTCCAAAATATCTT
phage-gRNA-13226,TTGTTCTGCAATCTCCAAAATATCTTTTGTA
phage-gRNA-13227,CTTCCTGAACTTCCAAATCCGCCTTCTCCAC
phage-gRNA-13228,TGAACTTCCAAATCCGCCTTCTCCACGAATA
phage-gRNA-13229,TTCCAAATCCGCCTTCTCCACGAATAGTCTC
phage-gRNA-13230,AATCCGCCTTCTCCACGAATAGTCTCCTCTA
phage-gRNA-13231,GCCTTCTCCACGAATAGTCTCCTCTAGTTCG
phage-gRNA-13232,CTCCACGAATAGTCTCCTCTAGTTCGTCAAC
phage-gRNA-13233,CGAATAGTCTCCTCTAGTTCGTCAACGATTT
phage-gRNA-13234,TTTGCTGTAGAATTATTTTAGTTATAGCCAT
phage-gRNA-13235,TGTAGAATTATTTTAGTTATAGCCATTATTG
phage-gRNA-13236,AATTATTTTAGTTATAGCCATTATTGAGTTA
phage-gRNA-13237,TTTTAGTTATAGCCATTATTGAGTTACTCCA
phage-gRNA-13238,GTTATAGCCATTATTGAGTTACTCCATCACT
phage-gRNA-13239,AGCCATTATTGAGTTACTCCATCACTAATAT
phage-gRNA-13240,TTATTGAGTTACTCCATCACTAATATAAACC
phage-gRNA-13241,GATCTACAAAACAATCCCGGCTGGCGATCAT
phage-gRNA-13242,ACAAAACAATCCCGGCTGGCGATCATTACTC
phage-gRNA-13243,ACAATCCCGGCTGGCGATCATTACTCATTCC
phage-gRNA-13244,CCCGGCTGGCGATCATTACTCATTCCGCCTT
phage-gRNA-13245,CTGGCGATCATTACTCATTCCGCCTTGAAGA
phage-gRNA-13246,GATCATTACTCATTCCGCCTTGAAGAGTTAA
phage-gRNA-13247,TTACTCATTCCGCCTTGAAGAGTTAAACCTT
phage-gRNA-13248,AAGATGCTACAGTTTCAGCCCCATCTTCCAA
phage-gRNA-13249,GCTACAGTTTCAGCCCCATCTTCCAAGCTGC
phage-gRNA-13250,AGTTTCAGCCCCATCTTCCAAGCTGCTTTTA
phage-gRNA-13251,CAGCCCCATCTTCCAAGCTGCTTTTAATACT
phage-gRNA-13252,CCATCTTCCAAGCTGCTTTTAATACTCCCTC
phage-gRNA-13253,TTCCAAGCTGCTTTTAATACTCCCTCTAAGA
phage-gRNA-13254,AGCTGCTTTTAATACTCCCTCTAAGAGAGAG
phage-gRNA-13255,CTAAATCAATAACTCTATTTTCTGTACTCAT
phage-gRNA-13256,TCAATAACTCTATTTTCTGTACTCATTATTT
phage-gRNA-13257,AACTCTATTTTCTGTACTCATTATTTTACCT
phage-gRNA-13258,TATTTTCTGTACTCATTATTTTACCTTATAT
phage-gRNA-13259,TCTGTACTCATTATTTTACCTTATATGGATA
phage-gRNA-13260,ACTCATTATTTTACCTTATATGGATATACCC
phage-gRNA-13261,TTATTTTACCTTATATGGATATACCCGTTTT
phage-gRNA-13262,CCATTTTAGCTGGTGCATTATTTGAAATCAT
phage-gRNA-13263,TTAGCTGGTGCATTATTTGAAATCATTTAAA
phage-gRNA-13264,TGGTGCATTATTTGAAATCATTTAAATAGTA
phage-gRNA-13265,CATTATTTGAAATCATTTAAATAGTAGCCCA
phage-gRNA-13266,TTTGAAATCATTTAAATAGTAGCCCAACCAA
phage-gRNA-13267,AATCATTTAAATAGTAGCCCAACCAACAGAT
phage-gRNA-13268,TTTAAATAGTAGCCCAACCAACAGATTGCTC
phage-gRNA-13269,AATTTTTAGCACTATCGAGTATTTTCTTCAT
phage-gRNA-13270,TTAGCACTATCGAGTATTTTCTTCATAGACT
phage-gRNA-13271,ACTATCGAGTATTTTCTTCATAGACTTTCCC
phage-gRNA-13272,CGAGTATTTTCTTCATAGACTTTCCCTCAAG
phage-gRNA-13273,ATTTTCTTCATAGACTTTCCCTCAAGGAAAG
phage-gRNA-13274,CTTCATAGACTTTCCCTCAAGGAAAGTGAAA
phage-gRNA-13275,TAGACTTTCCCTCAAGGAAAGTGAAATACCA
phage-gRNA-13276,CTGGGTTCGTGTATGGATCTGGTAGTCTCAT
phage-gRNA-13277,TTCGTGTATGGATCTGGTAGTCTCATAGTTA
phage-gRNA-13278,GTATGGATCTGGTAGTCTCATAGTTAATTTC
phage-gRNA-13279,GATCTGGTAGTCTCATAGTTAATTTCTCCTC
phage-gRNA-13280,GGTAGTCTCATAGTTAATTTCTCCTCTTTAA
phage-gRNA-13281,TCTCATAGTTAATTTCTCCTCTTTAATAACA
phage-gRNA-13282,TAGTTAATTTCTCCTCTTTAATAACAATATT
phage-gRNA-13283,TTAGTAATTCTCGTATTAGCTTATCAGTCAT
phage-gRNA-13284,AATTCTCGTATTAGCTTATCAGTCATCTAAT
phage-gRNA-13285,TCGTATTAGCTTATCAGTCATCTAATGTTTT
phage-gRNA-13286,TTAGCTTATCAGTCATCTAATGTTTTCCTGT
phage-gRNA-13287,TTATCAGTCATCTAATGTTTTCCTGTATAAA
phage-gRNA-13288,AGTCATCTAATGTTTTCCTGTATAAAACTAT
phage-gRNA-13289,TCTAATGTTTTCCTGTATAAAACTATTAGTT
phage-gRNA-13290,CTCTATCCTGTTTAGTAATCTTCTTTCCCAT
phage-gRNA-13291,TCCTGTTTAGTAATCTTCTTTCCCATACTAT
phage-gRNA-13292,TTTAGTAATCTTCTTTCCCATACTATACCAA
phage-gRNA-13293,TAATCTTCTTTCCCATACTATACCAACCTAT
phage-gRNA-13294,TTCTTTCCCATACTATACCAACCTATATGTT
phage-gRNA-13295,TCCCATACTATACCAACCTATATGTTTATAA
phage-gRNA-13296,TACTATACCAACCTATATGTTTATAAATAAA
phage-gRNA-13297,CACAAAGTATTAAATATTGTTGTTTAGTCAT
phage-gRNA-13298,AGTATTAAATATTGTTGTTTAGTCATTTTAG
phage-gRNA-13299,TAAATATTGTTGTTTAGTCATTTTAGATGCT
phage-gRNA-13300,ATTGTTGTTTAGTCATTTTAGATGCTGAGCT
phage-gRNA-13301,TGTTTAGTCATTTTAGATGCTGAGCTTTTAA
phage-gRNA-13302,AGTCATTTTAGATGCTGAGCTTTTAATACAC
phage-gRNA-13303,TTTTAGATGCTGAGCTTTTAATACACTTATC
phage-gRNA-13304,TTTCTAAAGTAATATCTTTTAAGTTAATCAT
phage-gRNA-13305,AAAGTAATATCTTTTAAGTTAATCATTATTT
phage-gRNA-13306,AATATCTTTTAAGTTAATCATTATTTTCTTT
phage-gRNA-13307,CTTTTAAGTTAATCATTATTTTCTTTCTCCA
phage-gRNA-13308,AAGTTAATCATTATTTTCTTTCTCCAAAGAA
phage-gRNA-13309,AATCATTATTTTCTTTCTCCAAAGAAGTTTA
phage-gRNA-13310,TTATTTTCTTTCTCCAAAGAAGTTTATTTCT
phage-gRNA-13311,TTTTAGACTCTCGCATGAGAGAATAAAACAT
phage-gRNA-13312,GACTCTCGCATGAGAGAATAAAACATTTAAT
phage-gRNA-13313,TCGCATGAGAGAATAAAACATTTAATTAACC
phage-gRNA-13314,TGAGAGAATAAAACATTTAATTAACCACCTG
phage-gRNA-13315,GAATAAAACATTTAATTAACCACCTGCTGTT
phage-gRNA-13316,AAACATTTAATTAACCACCTGCTGTTACAGT
phage-gRNA-13317,TTTAATTAACCACCTGCTGTTACAGTAATAA
phage-gRNA-13318,TTCGAGTATTACGTAATAGTTGTAAAGACAT
phage-gRNA-13319,GTATTACGTAATAGTTGTAAAGACATTTAAT
phage-gRNA-13320,ACGTAATAGTTGTAAAGACATTTAATTATTT
phage-gRNA-13321,ATAGTTGTAAAGACATTTAATTATTTTCTCC
phage-gRNA-13322,TGTAAAGACATTTAATTATTTTCTCCTAATC
phage-gRNA-13323,AGACATTTAATTATTTTCTCCTAATCTGTAA
phage-gRNA-13324,TTTAATTATTTTCTCCTAATCTGTAACTTAT
phage-gRNA-13325,TAGCTTGTGCAATACTTGTTCTATGATCCAT
phage-gRNA-13326,TGTGCAATACTTGTTCTATGATCCATTTATT
phage-gRNA-13327,AATACTTGTTCTATGATCCATTTATTAGGTT
phage-gRNA-13328,TTGTTCTATGATCCATTTATTAGGTTCCTTG
phage-gRNA-13329,CTATGATCCATTTATTAGGTTCCTTGATTAA
phage-gRNA-13330,ATCCATTTATTAGGTTCCTTGATTAACCTTA
phage-gRNA-13331,TTTATTAGGTTCCTTGATTAACCTTAATTTT
phage-gRNA-13332,TAATTTGTCTAGCTAGATCAGAAAGAGACAT
phage-gRNA-13333,TGTCTAGCTAGATCAGAAAGAGACATTATAC
phage-gRNA-13334,AGCTAGATCAGAAAGAGACATTATACTCTCC
phage-gRNA-13335,GATCAGAAAGAGACATTATACTCTCCTATAC
phage-gRNA-13336,GAAAGAGACATTATACTCTCCTATACACTTC
phage-gRNA-13337,AGACATTATACTCTCCTATACACTTCAATAA
phage-gRNA-13338,TTATACTCTCCTATACACTTCAATAATAGTA
phage-gRNA-13339,ATCTATAGTCTTCAGCTGTGATTATTTGCAT
phage-gRNA-13340,TAGTCTTCAGCTGTGATTATTTGCATTTATT
phage-gRNA-13341,TTCAGCTGTGATTATTTGCATTTATTTTTCC
phage-gRNA-13342,CTGTGATTATTTGCATTTATTTTTCCCAATA
phage-gRNA-13343,ATTATTTGCATTTATTTTTCCCAATAAAAAA
phage-gRNA-13344,TTGCATTTATTTTTCCCAATAAAAAAGGAGA
phage-gRNA-13345,TTTATTTTTCCCAATAAAAAAGGAGAGCCGA
phage-gRNA-13346,CTTCTTTCAGCTTATTAATATCAATAGTCAT
phage-gRNA-13347,TTCAGCTTATTAATATCAATAGTCATTTTTA
phage-gRNA-13348,CTTATTAATATCAATAGTCATTTTTAAATAA
phage-gRNA-13349,TAATATCAATAGTCATTTTTAAATAATTCTC
phage-gRNA-13350,TCAATAGTCATTTTTAAATAATTCTCCGTTA
phage-gRNA-13351,AGTCATTTTTAAATAATTCTCCGTTATTCTT
phage-gRNA-13352,TTTTTAAATAATTCTCCGTTATTCTTTAACG
phage-gRNA-13353,ACTTGTTATAGTCAATAGCAGCTTGTGTCAT
phage-gRNA-13354,TTATAGTCAATAGCAGCTTGTGTCATTTATT
phage-gRNA-13355,GTCAATAGCAGCTTGTGTCATTTATTAGCCT
phage-gRNA-13356,TAGCAGCTTGTGTCATTTATTAGCCTCCAGG
phage-gRNA-13357,GCTTGTGTCATTTATTAGCCTCCAGGAACAG
phage-gRNA-13358,TGTCATTTATTAGCCTCCAGGAACAGTAGGA
phage-gRNA-13359,TTTATTAGCCTCCAGGAACAGTAGGATTAAC
phage-gRNA-13360,AAATGGTCCTTAGACCACTATAATCAATCAT
phage-gRNA-13361,GTCCTTAGACCACTATAATCAATCATTCTTA
phage-gRNA-13362,TAGACCACTATAATCAATCATTCTTAATCTC
phage-gRNA-13363,CACTATAATCAATCATTCTTAATCTCCCTCG
phage-gRNA-13364,TAATCAATCATTCTTAATCTCCCTCGGTGGA
phage-gRNA-13365,AATCATTCTTAATCTCCCTCGGTGGAACCTT
phage-gRNA-13366,TTCTTAATCTCCCTCGGTGGAACCTTTAGGT
phage-gRNA-13367,GCTTTTCAGTAATCCAGCTTTTAAAACCCAT
phage-gRNA-13368,TCAGTAATCCAGCTTTTAAAACCCATTATAA
phage-gRNA-13369,AATCCAGCTTTTAAAACCCATTATAAGAACC
phage-gRNA-13370,AGCTTTTAAAACCCATTATAAGAACCTTGCG
phage-gRNA-13371,TTAAAACCCATTATAAGAACCTTGCGAATCC
phage-gRNA-13372,ACCCATTATAAGAACCTTGCGAATCCTGATT
phage-gRNA-13373,TTATAAGAACCTTGCGAATCCTGATTTTGTT
phage-gRNA-13374,CATCACGTTTGTACTTAGTATTAGTGGCCAT
phage-gRNA-13375,CATCACGTTTGTACTTAGTATTAGTGGCCAT
phage-gRNA-13376,CGTTTGTACTTAGTATTAGTGGCCATACTCC
phage-gRNA-13377,CGTTTGTACTTAGTATTAGTGGCCATACTCC
phage-gRNA-13378,GTACTTAGTATTAGTGGCCATACTCCTCCAA
phage-gRNA-13379,GTACTTAGTATTAGTGGCCATACTCCTCCAA
phage-gRNA-13380,TAGTATTAGTGGCCATACTCCTCCAATCCAA
phage-gRNA-13381,TAGTATTAGTGGCCATACTCCTCCAATCCAA
phage-gRNA-13382,TTAGTGGCCATACTCCTCCAATCCAAAGCTA
phage-gRNA-13383,TTAGTGGCCATACTCCTCCAATCCAAAGCTA
phage-gRNA-13384,GGCCATACTCCTCCAATCCAAAGCTATTTAG
phage-gRNA-13385,GGCCATACTCCTCCAATCCAAAGCTATTTAG
phage-gRNA-13386,TACTCCTCCAATCCAAAGCTATTTAGAAAGA
phage-gRNA-13387,TACTCCTCCAATCCAAAGCTATTTAGAAAGA
phage-gRNA-13388,GGAATGGGATACCAACTGAGTAGTATCCCAT
phage-gRNA-13389,GGGATACCAACTGAGTAGTATCCCATCCTAT
phage-gRNA-13390,ACCAACTGAGTAGTATCCCATCCTATACTTA
phage-gRNA-13391,CTGAGTAGTATCCCATCCTATACTTATTTAT
phage-gRNA-13392,TAGTATCCCATCCTATACTTATTTATTTACC
phage-gRNA-13393,TCCCATCCTATACTTATTTATTTACCACGGG
phage-gRNA-13394,TCCTATACTTATTTATTTACCACGGGAAATA
phage-gRNA-13395,CTGTATTAACGTAGGGTCTTGATACTTCCAT
phage-gRNA-13396,TTAACGTAGGGTCTTGATACTTCCATTACTT
phage-gRNA-13397,GTAGGGTCTTGATACTTCCATTACTTCTTAC
phage-gRNA-13398,GTCTTGATACTTCCATTACTTCTTACCTCCA
phage-gRNA-13399,GATACTTCCATTACTTCTTACCTCCAGTAGC
phage-gRNA-13400,TTCCATTACTTCTTACCTCCAGTAGCTAGGG
phage-gRNA-13401,TTACTTCTTACCTCCAGTAGCTAGGGAAGTA
phage-gRNA-13402,TAAGATCTGGTACTAATACATCATTTGCCAT
phage-gRNA-13403,TAAGATCTGGTACTAATACATCATTTGCCAT
phage-gRNA-13404,TCTGGTACTAATACATCATTTGCCATATTTC
phage-gRNA-13405,TCTGGTACTAATACATCATTTGCCATATTTC
phage-gRNA-13406,TACTAATACATCATTTGCCATATTTCCTCCT
phage-gRNA-13407,TACTAATACATCATTTGCCATATTTCCTCCT
phage-gRNA-13408,ATACATCATTTGCCATATTTCCTCCTTTAGG
phage-gRNA-13409,ATACATCATTTGCCATATTTCCTCCTTTAGG
phage-gRNA-13410,TCATTTGCCATATTTCCTCCTTTAGGTAAGG
phage-gRNA-13411,TCATTTGCCATATTTCCTCCTTTAGGTAAGG
phage-gRNA-13412,TGCCATATTTCCTCCTTTAGGTAAGGCGTTG
phage-gRNA-13413,TGCCATATTTCCTCCTTTAGGTAAGGCGTTG
phage-gRNA-13414,TATTTCCTCCTTTAGGTAAGGCGTTGAATTA
phage-gRNA-13415,TATTTCCTCCTTTAGGTAAGGCGTTGAATTA
phage-gRNA-13416,TGTTATTTAGCTTGCCAGCGAAAAAACTCAT
phage-gRNA-13417,TTTAGCTTGCCAGCGAAAAAACTCATAAGTT
phage-gRNA-13418,CTTGCCAGCGAAAAAACTCATAAGTTCTCCA
phage-gRNA-13419,CAGCGAAAAAACTCATAAGTTCTCCAAAAAT
phage-gRNA-13420,AAAAAACTCATAAGTTCTCCAAAAATTTAGT
phage-gRNA-13421,ACTCATAAGTTCTCCAAAAATTTAGTTGCTT
phage-gRNA-13422,TAAGTTCTCCAAAAATTTAGTTGCTTATACT
phage-gRNA-13423,CCACTGCCATAGCTAAAAATAATTTTTTCAT
phage-gRNA-13424,GCCATAGCTAAAAATAATTTTTTCATTTACA
phage-gRNA-13425,AGCTAAAAATAATTTTTTCATTTACATTCTC
phage-gRNA-13426,AAAATAATTTTTTCATTTACATTCTCCCCTA
phage-gRNA-13427,AATTTTTTCATTTACATTCTCCCCTATTTAA
phage-gRNA-13428,TTTCATTTACATTCTCCCCTATTTAATTTAT
phage-gRNA-13429,TTTACATTCTCCCCTATTTAATTTATAATAC
phage-gRNA-13430,CTCCACGTCTGCTCTTTCTTTTGTTTGACAT
phage-gRNA-13431,CGTCTGCTCTTTCTTTTGTTTGACATATCTT
phage-gRNA-13432,GCTCTTTCTTTTGTTTGACATATCTTTCATG
phage-gRNA-13433,TTCTTTTGTTTGACATATCTTTCATGCTCCT
phage-gRNA-13434,TTGTTTGACATATCTTTCATGCTCCTATAAG
phage-gRNA-13435,TGACATATCTTTCATGCTCCTATAAGTGTGG
phage-gRNA-13436,TATCTTTCATGCTCCTATAAGTGTGGTATTT
phage-gRNA-13437,CCCCTAGCAACGCAATAATTACCCATTCCAT
phage-gRNA-13438,AGCAACGCAATAATTACCCATTCCATTAAAT
phage-gRNA-13439,CGCAATAATTACCCATTCCATTAAATCCACC
phage-gRNA-13440,TAATTACCCATTCCATTAAATCCACCCCGCC
phage-gRNA-13441,ACCCATTCCATTAAATCCACCCCGCCATAGC
phage-gRNA-13442,TTCCATTAAATCCACCCCGCCATAGCTGCTA
phage-gRNA-13443,TTAAATCCACCCCGCCATAGCTGCTAACCAA
phage-gRNA-13444,TTACTGTTATTATAGCTACTACTTCCATCAT
phage-gRNA-13445,GTTATTATAGCTACTACTTCCATCATTTACG
phage-gRNA-13446,TATAGCTACTACTTCCATCATTTACGCTTCT
phage-gRNA-13447,CTACTACTTCCATCATTTACGCTTCTCCGTT
phage-gRNA-13448,ACTTCCATCATTTACGCTTCTCCGTTAATAA
phage-gRNA-13449,CATCATTTACGCTTCTCCGTTAATAAAGTTT
phage-gRNA-13450,TTTACGCTTCTCCGTTAATAAAGTTTCAATT
phage-gRNA-13451,CGATAATAAAAGCAACTATAATGCTAAACAT
phage-gRNA-13452,ATAAAAGCAACTATAATGCTAAACATCTAAT
phage-gRNA-13453,AGCAACTATAATGCTAAACATCTAATTCCCT
phage-gRNA-13454,CTATAATGCTAAACATCTAATTCCCTCTCAA
phage-gRNA-13455,ATGCTAAACATCTAATTCCCTCTCAATTTGC
phage-gRNA-13456,AAACATCTAATTCCCTCTCAATTTGCAGAAT
phage-gRNA-13457,TCTAATTCCCTCTCAATTTGCAGAATACGAA
