Project name/ID,Plate number/name,Well Location,User Sample Name,Type of Library,Sample Status,i7 name,i7 Sequence,i5 name,i5 Sequence
20240325_CRISPRiART,T4_D01,D01,BAA30__T4_D01__T0,Amplicon,Pooled Library,D01,CGGAAT,D01,TAAGGC
20240325_CRISPRiART,T4_D02,D02,BAA31__T4_D02__T0,Amplicon,Pooled Library,D02,CTAGCT,D02,TCGATC
20240325_CRISPRiART,T4_D03,D03,BAA32__T4_D03__T0,Amplicon,Pooled Library,D03,CTATAC,D03,CATATC
20240325_CRISPRiART,T4_D04,D04,BAA33__T4_D04__MOI0,Amplicon,Pooled Library,D04,CTCAGA,D04,AGACTC
20240325_CRISPRiART,T4_D05,D05,BAA34__T4_D05__MOI0,Amplicon,Pooled Library,D05,GACGAC,D05,CAGCAG
20240325_CRISPRiART,T4_D06,D06,BAA35__T4_D06__MOI0,Amplicon,Pooled Library,D06,TAATCG,D06,GCTAAT
20240325_CRISPRiART,T4_D07,D07,BAA36__T4_D07__MOI10,Amplicon,Pooled Library,D07,TACAGC,D07,CGACAT
20240325_CRISPRiART,T4_D08,D08,BAA37__T4_D08__MOI10,Amplicon,Pooled Library,D08,TATAAT,D08,TAATAT
20240325_CRISPRiART,T4_D09,D09,BAA38__T4_D09__MOI10,Amplicon,Pooled Library,D09,TCATTC,D09,CTTACT
20240325_CRISPRiART,T5_E01,E01,BAA39__T5_E01__T0,Amplicon,Pooled Library,E01,AAACAT,E01,TACAAA
20240325_CRISPRiART,T5_E02,E02,BAA40__T5_E02__T0,Amplicon,Pooled Library,E02,AAAGCA,E02,ACGAAA
20240325_CRISPRiART,T5_E03,E03,BAA41__T5_E03__T0,Amplicon,Pooled Library,E03,AAATGC,E03,CGTAAA
20240325_CRISPRiART,T5_E04,E04,BAA42__T5_E04__MOI0,Amplicon,Pooled Library,E04,AACAAA,E04,AAACAA
20240325_CRISPRiART,T5_E05,E05,BAA43__T5_E05__MOI0,Amplicon,Pooled Library,E05,AACTTG,E05,GTTCAA
20240325_CRISPRiART,T5_E06,E06,BAA44__T5_E06__MOI0,Amplicon,Pooled Library,E06,AAGACT,E06,TCAGAA
20240325_CRISPRiART,T5_E07,E07,BAA45__T5_E07__MOI10,Amplicon,Pooled Library,E07,AAGCGA,E07,AGCGAA
20240325_CRISPRiART,T5_E08,E08,BAA46__T5_E08__MOI10,Amplicon,Pooled Library,E08,AAGGAC,E08,CAGGAA
20240325_CRISPRiART,T5_E09,E09,BAA47__T5_E09__MOI10,Amplicon,Pooled Library,E09,AATAGG,E09,GGATAA
20240325_CRISPRiART,SUSP1_F01,F01,BAA48__SUSP1_F01__T0,Amplicon,Pooled Library,F01,ACCGGC,F01,CGGCCA
20240325_CRISPRiART,SUSP1_F02,F02,BAA49__SUSP1_F02__T0,Amplicon,Pooled Library,F02,ACGATA,F02,ATAGCA
20240325_CRISPRiART,SUSP1_F03,F03,BAA50__SUSP1_F03__T0,Amplicon,Pooled Library,F03,ACTCTC,F03,CTCTCA
20240325_CRISPRiART,SUSP1_F04,F04,BAA51__SUSP1_F04__MOI0,Amplicon,Pooled Library,F04,AGAAGA,F04,AGAAGA
20240325_CRISPRiART,SUSP1_F05,F05,BAA52__SUSP1_F05__MOI0,Amplicon,Pooled Library,F05,AGATAG,F05,GATAGA
20240325_CRISPRiART,SUSP1_F06,F06,BAA53__SUSP1_F06__MOI0,Amplicon,Pooled Library,F06,AGCATC,F06,CTACGA
20240325_CRISPRiART,SUSP1_F07,F07,BAA54__SUSP1_F07__MOI10,Amplicon,Pooled Library,F07,AGCGCT,F07,TCGCGA
20240325_CRISPRiART,SUSP1_F08,F08,BAA55__SUSP1_F08__MOI10,Amplicon,Pooled Library,F08,AGGCCG,F08,GCCGGA
20240325_CRISPRiART,SUSP1_F09,F09,BAA56__SUSP1_F09__MOI10,Amplicon,Pooled Library,F09,ATACGG,F09,GGCATA
20240325_CRISPRiART,PTXU04_G01,G01,BAA57__PTXU04_G01__T0,Amplicon,Pooled Library,G01,CCCATG,G01,GTACCC
20240325_CRISPRiART,PTXU04_G02,G02,BAA58__PTXU04_G02__T0,Amplicon,Pooled Library,G02,CCGCAA,G02,AACGCC
20240325_CRISPRiART,PTXU04_G03,G03,BAA59__PTXU04_G03__T0,Amplicon,Pooled Library,G03,CCTTAG,G03,GATTCC
20240325_CRISPRiART,PTXU04_G04,G04,BAA60__PTXU04_G04__MOI0,Amplicon,Pooled Library,G04,CGAGAA,G04,AAGAGC
20240325_CRISPRiART,PTXU04_G05,G05,BAA61__PTXU04_G05__MOI0,Amplicon,Pooled Library,G05,CTGCTG,G05,GTCGTC
20240325_CRISPRiART,PTXU04_G06,G06,BAA62__PTXU04_G06__MOI0,Amplicon,Pooled Library,G06,GAAACC,G06,CCAAAG
20240325_CRISPRiART,PTXU04_G07,G07,BAA63__PTXU04_G07__MOI10,Amplicon,Pooled Library,G07,GAATAA,G07,AATAAG
20240325_CRISPRiART,PTXU04_G08,G08,BAA64__PTXU04_G08__MOI10,Amplicon,Pooled Library,G08,GACGGA,G08,AGGCAG
20240325_CRISPRiART,PTXU04_G09,G09,BAA65__PTXU04_G09__MOI10,Amplicon,Pooled Library,G09,GATATA,G09,ATATAG