Name	locus_tag	Minimum	Maximum	Length	Direction	Sequence	Annotated translation	# Intervals
hypothetical protein CDS	HOV50_gp01	246	992	747	forward	ATGACACCAGAAACCCGCGCGGGGTTTATCCTGGAGTACATCGAAGGCGACCTGACCGATCAGTTGCTGGCGGCAAAGTACGGCCTCGATGACTACCAGTTTAAAACCGCTGTACATATCGGAACCGGGAACATCATCAAGCCGGAACCTCTAACCCGTGGATTAAAGCGCGGTATGCGTAACAGTATGGCGGTGACTCATCTCGCTACCAAAACACTTGACGCTGAAGAGATGGCATTGAGTCCCCTTCAGTCGGCTGAGATTATCGAACCGAAGGCGCGCGACCTGGCGCTATTCCTCAATAACGCGGAGCTATCTTTCGCTAATAACGTGCTCAGGGGAATGAACGCCACCGCAGCAGCCGCCGCCAGCTTTGAGATCTTCAATAAACAACTGGCTGATAAGAAGGCCGCCGAATTATTGCGGTCATCTCACGTTGCCGACTACCTGGCGAGCATGAAGGGTAAAAGCCTGTTTGCCCCGGTGCGGAACAAAGCATACCTTGAGGCCGTACTATGGCAGGTCATCGACCGTGGCCTACAACTGAGGCAGGAAGTCGACACGCTTACAGGGTTACCAGTTGAAGGCCAATGTAAGTACGATCCGAAGTCGGTCATTGCTGCAAGTGCGTTACTGTCACGCCTCAAAGGCTGGGATAACGTGGAGCAGGGACAAGGTGAAGCCGAAACACAACGCGATCGCTTACGTCGACTGCAAGCAAACTTTAAACAGAATGGGGGCGAGTAA	MTPETRAGFILEYIEGDLTDQLLAAKYGLDDYQFKTAVHIGTGNIIKPEPLTRGLKRGMRNSMAVTHLATKTLDAEEMALSPLQSAEIIEPKARDLALFLNNAELSFANNVLRGMNATAAAAASFEIFNKQLADKKAAELLRSSHVADYLASMKGKSLFAPVRNKAYLEAVLWQVIDRGLQLRQEVDTLTGLPVEGQCKYDPKSVIAASALLSRLKGWDNVEQGQGEAETQRDRLRRLQANFKQNGGE	1
putative terminase large subunit CDS	HOV50_gp02	992	2623	1632	forward	ATGTCTAAACGTGACGTGTGGGAGTTTACCAACACCGACGAAGATGTGTGGATGTTGGTCGACTACTTAGAGAAGAAGGCAAATAGCGTTAACTTCACCTTTGAGGATGACTCGGAGATGGATGCCTTTTTCCTCAAGTGTCGTAACGAGTTCCAATTCTTCGCTGAGCGGTGCCTTGTTATTCGTGGTAAGGACAACACGATCGCCCCCATCCGGCTTAACAAAGCTCAGCAATACATGAATGCAATCGCAGCCTGGCAGATGCACCACACCGGAAAGGTGCGGATTGTGGTCGTTAAAGGTCGCCAGCAGGGGATGAGTACCACGGTCCAGGCCAGAGCATACTGGAAGACGATTCACACCGAGGCTTATCACTCGTTAATTATGGCGCATCAGGCTAAGTCATCATCAGCGTTGTTCGACATGACCAAGCGTTACCATCAGCATTGCCCTCCAGACTTGCAGCCTGTTAAGGGTCACGATAACGGCATGATGCTCAGCTTTCCTGAGTTAGATAGCAAGTACGCCGTGGCAACCGCTGGATCTACATCTGCCGGACGTGGCCTTACAGCTTCCTTCTTCCACGGGTCGGAGGTCGGCTTCTTTGATGATGGTGCTGAGATTGCTTCCGGTATCATGCAGGCCATCCCTAATGCCGACGGTACCGAGGTCTATTTAGAGTCAACCGCCAACGGTGCTTCGGGCTATTTCTACACCCAATGGATGCTGGCAGCGCCTGCGGTCAATGATAGCCTGACGGATGCCGATAGCTCTGGTTTTATCCGTGTATTCGTGCCGTGGTTCTGGCAAGACGAGTACCGCAGTCCGGCTCCTGATTCCTTCGTGTACAGCGATGAAGAAAGCAAGTATGCCCGACTCTATGGACTGGACCGCGATCAGATGTTCTGGCGTCGTAAGCAAATCAAGTTGCTTGATGGCGACTCCCGACGCTTCGACCGTGACTATCCGGCAACCGCTGAGTTAGCTTTCCAGGCTACAGGCGACAACCTGCTTATTACTGGTGACATGGTGGCCTCTGCGTTGTACTGGGCGAAATCCGGTAAGCTCGATCCTGTCGGTGCTACTGTAATGGGCGTAGACGTTGCGGCAATGGGTGATGACTCGACGGCATTCGTGGTGCGTCGTGGTCGTGTGGTCCTGCATTGTGAGAAGCTGAGCAAGGCCAGCAACGGCGAGATTGCCAACCGTCTTCATGTACTGCGGGAACTGTACGGCGTCAACCATACGTTCATTGATGGGACTGGCGGCTACGGTACTGGCGTTCATGATCTTCTGGCTGCCCGTGGTGCTGCACATAATGTTACGCTGGTCCACTTCTCCGAGAAGGCGACGGAAGACCACAAGTACGCCAATAAACGTGCTGAAATGTGGGTTCGTATTCGTGACTGGATGCGTAACGCTGCCTCACTTCCTCAGGGTCATGACTGGGGCCGCGACCTCTGCGCGCCTACCTACCGCTTTGATGGTGACCGCCTGCGCCTTGAGAAGAAGGACGAAATTAAGAAGCGTATCGGTCGTTCGCCTGATATTGGTGACGCGCTGGCCCTTACATTCGCCTTCCCGGTTATCGAGGGTGGCTACAACGACAGCTATGAACCGGATGTCGCTTAA	MSKRDVWEFTNTDEDVWMLVDYLEKKANSVNFTFEDDSEMDAFFLKCRNEFQFFAERCLVIRGKDNTIAPIRLNKAQQYMNAIAAWQMHHTGKVRIVVVKGRQQGMSTTVQARAYWKTIHTEAYHSLIMAHQAKSSSALFDMTKRYHQHCPPDLQPVKGHDNGMMLSFPELDSKYAVATAGSTSAGRGLTASFFHGSEVGFFDDGAEIASGIMQAIPNADGTEVYLESTANGASGYFYTQWMLAAPAVNDSLTDADSSGFIRVFVPWFWQDEYRSPAPDSFVYSDEESKYARLYGLDRDQMFWRRKQIKLLDGDSRRFDRDYPATAELAFQATGDNLLITGDMVASALYWAKSGKLDPVGATVMGVDVAAMGDDSTAFVVRRGRVVLHCEKLSKASNGEIANRLHVLRELYGVNHTFIDGTGGYGTGVHDLLAARGAAHNVTLVHFSEKATEDHKYANKRAEMWVRIRDWMRNAASLPQGHDWGRDLCAPTYRFDGDRLRLEKKDEIKKRIGRSPDIGDALALTFAFPVIEGGYNDSYEPDVA	1
hypothetical protein CDS	HOV50_gp03	2683	3519	837	forward	ATGACCGTTACCGTCAAGCTCATCACCGAGCAAACCACTAACAAACTCGTCGACTCTGTAAACGCGGCTCAGGCTATGGGCTGGTTCCCGGTGTGCGGCGTGGTCTGCTTCAACGCTCGCTACACTCAGCTAATGACACTGGATACCGACGCTACCGAGGTTCCCGCCTGTAACTATTTTATCGTGGACGCTGCCGACAGCGTATCGTTCACCCAGCGCGTCAATCAATTACTCGACATTAATCCGGGCGCTGTGTGCCTTTCACCCGTGCAGTATTCACATGCTCGTTACATTCAGGCTTACGGCGATAACGTTGATGACAACCGTCCGGTAAGTGCTGTGTTTCGTGCATCCTTCACTACTACAGGTCTTGCGCTGAATCAGTACGTTACCACCGACAACACCCCGCAGGTTGTGGTGTTCAATGCTCAGGCATTACCTAACGCCGCTCTAGGTACGCTCGACAATGCCACAGGTATATTCACAGCGGCGCGACGCATTGTCGGTACTCTGGCTATAACCTGTCAGGTGCGTCGAACTACTGGTGGCGCTGCCGCTGTAACGTGGGGTTTTCAGGTGGAGACATCACCGGACGGCGTAACGTGGACACCTACAGCCGGGAGCGCACGTTATATCAACCTTCGCGGTGCAGGTGATAACAACGTTTTGCAGGTCATCGGGCTGACATCAGCAGTTGACATCCCGTCCGGCACCCGCCTCCGTATTACTCAGATGACCGATACATCATCGGCAAACGTTGGTCTGGCAGCACTCCCGGCTATGTTGGGTGGCGCTACGGCTGCGGGTCTGGTGTTCTCGTTAATTACCACGCTGTGA	MTVTVKLITEQTTNKLVDSVNAAQAMGWFPVCGVVCFNARYTQLMTLDTDATEVPACNYFIVDAADSVSFTQRVNQLLDINPGAVCLSPVQYSHARYIQAYGDNVDDNRPVSAVFRASFTTTGLALNQYVTTDNTPQVVVFNAQALPNAALGTLDNATGIFTAARRIVGTLAITCQVRRTTGGAAAVTWGFQVETSPDGVTWTPTAGSARYINLRGAGDNNVLQVIGLTSAVDIPSGTRLRITQMTDTSSANVGLAALPAMLGGATAAGLVFSLITTL	1
putative tail fiber component CDS	HOV50_gp04	3561	5009	1449	forward	ATGGAATTAACAGTTGCGGGTGGCTACTTCATTCCCGGCAAGACGCCGCAAATTATCAATAAGGTTAATGAGTTAATCGCTCTCGGCTACGTTCCCTACGGTACCCCGACGTATAACGAGGCCAGCGGTTGGGTAAGTCAGCTAATGGTGCTGGGCTACGGCGGCAGCGCTACTGACTACACTCTCACGACTGGTTATCTCGATAAGACTCCCTACTTCCCTAAGAAGCCGCCAGTTAACGGTAATTGGGTGTTGCTCGGCTCACTACTGGCGCGCTCCAATAATTTCTACGTGCACGCATGGCTTGACGGCGTAGCCGCTGGCCCACTCATCAATATCGACACGGGCACCACTGGCACGCTACCAATCAGCCGGGGCGGTACCGGGGCAACTACGGAACTGGACGCACGCAACAATCTGGAGTTAGGCGCAGAGGATGACGTGACGTTTAACAGCGTTACCAGTCGCAAGCGCAACACCGGAACGTCAGCGTTCATCGCTCAGGGCGTTGATGGCTACACTCCAGCATCCAGCTTTACAACGCAGATGTACGACACCGCAGGTACCACGTTGCTCGGTCAGGGCGAGTTCCGCGCCAACAATAACGGTACGCTGCAAATCATCAACCGCGATCCTGTAGGTTCAACGTCATACTTCTGGACCTTCGGACGCGACGGGACTACTGAGTTTCCGGGACAAACAATTATTCCCGCAACTCCGGGTAAACCTTGCATCCTCAGGTCGGGTGCTCCGGTTCTCCAGTTTGAGGAAACCGATACTGGCAAGGTTTACACGATGGTTGCCGATGGTAGCGGTCTGCGTATCAATGCTAACAACACAAGCGGTCCGATCGTATGGGGTTATAGCGGAACAACATCTCGTCTACAATTACCTGGTATCGAGGGTAACATTCAGATGTATAGCGGCACCACAACCAGCCTCGGTGTAATCACTACTGGCGGCGGTACCACAGCGGTGGGTACTCGCAACCAGTTTGAGGTGACCACTTCGGCGGGGTTCTATCTGGTGCGACGTAACACTCAGAACACCACCGGACAATATATTATCAACTTCCCTACGAGTGCAGGAACCCTGGCCCTCGCAGGTACGTCAGGTATCAATTTCAAACATGACATTACTGACGCCGATTTACTGGAAGCTGTGAACCGCATCGACGCGCTACGCATGGTCAACTTTGTCTACAACGACGACGAGCAAAACCGCCAGCGCTTCGGGATTATCGCGGAAGAGGCGGAAACTATAGCTCCGCAGTACATTAAACATCGTGAAGAAATGTATGAATGCGACATTGACGAGAACGGATCATCCATCAACCAGAAGTTCCGCGACCGTCCGTTTGTTGACGTTAACCCCATCGTCATGGATTTACTGGGCTACGTTAAGCACTTGTCGGCACGCGTGGCTGAACTGGAAGAGAAATTAAAGTGA	MELTVAGGYFIPGKTPQIINKVNELIALGYVPYGTPTYNEASGWVSQLMVLGYGGSATDYTLTTGYLDKTPYFPKKPPVNGNWVLLGSLLARSNNFYVHAWLDGVAAGPLINIDTGTTGTLPISRGGTGATTELDARNNLELGAEDDVTFNSVTSRKRNTGTSAFIAQGVDGYTPASSFTTQMYDTAGTTLLGQGEFRANNNGTLQIINRDPVGSTSYFWTFGRDGTTEFPGQTIIPATPGKPCILRSGAPVLQFEETDTGKVYTMVADGSGLRINANNTSGPIVWGYSGTTSRLQLPGIEGNIQMYSGTTTSLGVITTGGGTTAVGTRNQFEVTTSAGFYLVRRNTQNTTGQYIINFPTSAGTLALAGTSGINFKHDITDADLLEAVNRIDALRMVNFVYNDDEQNRQRFGIIAEEAETIAPQYIKHREEMYECDIDENGSSINQKFRDRPFVDVNPIVMDLLGYVKHLSARVAELEEKLK	1
hypothetical protein CDS	HOV50_gp05	5042	5230	189	forward	ATGGCAGGACGTCAAGTTTCATACACTACCCGCAGCTTCACTGAAATCGTGAATCGCCTGGACCCGAAGCGACTGTCTACCCCGGAAGCGGTATACGTGTTCGACAACGGAAAGGTGAAGAGCGAGCAGCCGACGCTACCGGGTCACGACTATCGTTGGACTAAGGACATTGAGAATGACAACAGTTAA	MAGRQVSYTTRSFTEIVNRLDPKRLSTPEAVYVFDNGKVKSEQPTLPGHDYRWTKDIENDNS	1
hypothetical protein CDS	HOV50_gp06	5217	5585	369	forward	ATGACAACAGTTAACCATGCAGTGATTTACACGCGCGGTACAGGTAGTGACGCTATCGAGATTGCAAACTACGAACTGGCCTCCATCATCGGCGAGTGTCTGCACAACGCATACCCCGGCTACCTGTGGCGTGTAAACGCTGAGATTGAAGGTGGTATCGTTAACATCCTGTGTGGCGACGTGTCCTACGAGTCCGGCGCTACGTTGATGATCGCTGACCTGGAAGAACCTGTCGCGGCCAAGCGTCACGTACTGAAGGCTGGTGGTGAAATTCTGGAACGCGCCAGACTGCACCGTGGACGTATGCGCGAGCATGAACTGGTGGAAGCCAAGCGCGACATTCGTGGTAACATCATTGGTTTAAACTGA	MTTVNHAVIYTRGTGSDAIEIANYELASIIGECLHNAYPGYLWRVNAEIEGGIVNILCGDVSYESGATLMIADLEEPVAAKRHVLKAGGEILERARLHRGRMREHELVEAKRDIRGNIIGLN	1
hypothetical protein CDS	HOV50_gp07	5596	7977	2382	forward	ATGCCGAACGCACAAAAGGGGATTAGTGAGTCCCTCGTTGGTCGCGCGCCGGACACCCAGTCGCCTTACGGCGGCGGTGGTGCTCGCGGGATTACGCAGGTAAACGACGATCCGTACCGCGCTAACCAGATTATTCCGGGCGCTGAACTGGACATCAACCAGGCATCCTTCGGTGAGATGGACTCATTCTCCCAGTTCGAGAAGGAAGGCGATACGCTGCAAGCCGAGGAACAGACCTACGACCAACCGGACGACTCCGGCGTTGCTGGCATGTCTGAAACTGAGTGGGTAGACCTCGGTCGCCGTTGCTATGACACGGGCCGCACCTTCTACCGTCAGGGCTACCAGACGCAGCACATCAACGACACCTATCTGTTTAAAGGTCGCCACGAACCGGGCAGCAAGTATTACAGCGAAGCGTTCCGCAACCGCTCGAAAGTTTTCCGCCCGTTAACCCGCATGGCCTCCCGTAGCTGGGAAGCGGACATTGCAACCGCTCTGTTCCTGAACGATGACTACATGCACATCTCGCCACGCAACGTAACCGATCAGGATGCGGATAAAGCGGCGGCAGTGCTGAAGGAAATTGTAAACCTTCGTCTGGATAAAATCTGGTACCCGATTTGTATCGGTGCGGCGCAGGACTCATTCATCAATGGGCCAGCAATCGCTAAGGTTTTCTGGTGGCGTGAAACTACCGTTACCAAAACTGACATTCCGGTGCTGGATGAGATGGGTAATCTGGTCGGTCTGGAAACTACCGAGAACGAAATCGTCGTTCACGATGAGCCGTACATCGACCTGATCCTGCCGGAAAACTTTATCTTTGACCCGACCGCAAAAGCGAACGATGTCATCGGTACTGGCAAGTATTTCATCCACAGAAAAATGATGTCTGTTGATGACGTCATGGTACGGATGGAACGCGGCGAGTGGAACATGCTGTCACCTGGCGAAATCCTGACGTGTCGCTGGGCGATGGAAGACGACGCCACGCAGCAGGCAAAACGCGGTGAAGGTAAGCCGGACCCAATCAACAACGACAACGCTGATACCCGTTACGAATCCGTGATGGTTAACGAAGTGTTCGTCCGCCGTGACGGTATCTGGTACACCTACCACATGATGGGTACCCAGTTCTTACTGGAAATGCCTGTGGAACTGAAGAACCGCTATCACCACGGTCGCCTGCCGTTCGTTTACGGTACCTGCATGATTGAGTCTCACAACAACGTGCCGGACTCAAAAGCCCACCTGGGTAGCGAGTTGCAGAAGGCAGTGAACGAAATCAGTAACCAGCGCGTGGACAACGTTAAGCTCGTACTGAACAAGCGTTATCTGGCGCGTCGCGGTGCATCTATCGACCTGGCCGCTCTGACACGCTCCACTCCGGGCGGCGTAATTTTCACCAGCGACCCGGCTGGCGACCTGATCCCGCAGGAAGTGAACGACGTCACCAGTAGCAGCTATGAGGAAACTCAGCGCCTGACTATGGAGATGAACGAAGCGCAGGGTACCTTCAGCGGCCAGGCTGTAGCCAACAACCGCGAGATGAACGAAACCGTCGGTGGTATGAAGTTGCTGAGCAACGCCGCTACCAAAGTGAACGACTTCGACATCCGTACCTTCGTTTTCACCTTCGTGCGCCCGGTGCTGGAACTGTTCATGCTCACCGTTCAGTATTATGAGAACGACGAGACGATCATGCACATCGCCGTCGACAACTCGGCCTACTTCCCGCGCCTCAACGTGGAAGACCTGACCGACGATCTCATGACTAAACAGCTTGAGATGAAAGTCGATACAGGTATTGGTGCAACTGATCCGGTACAGCGCGTAAACACCTTGATGTACGGTGTGACGACGGTAATGCAGTTACCCGGCATGGCTGACAACATGGATAGTAAAGCCGTCGGCAGCGCTATCTTCTCAACGCTCGGTCAGGGTGACGGTAGTAAATTCTTCCCGAATCTGGCGAAGAACTTCCAGGAGCCGCCTCCGTCAGAACCACCAGTTGATCCGCTGGTACAGGCTGCACAGGAAGAAGCGAAAGGTCGAGTGCAGGAAGCGCAGATTAAAGCTGAACTGGAACTCCAGAAGCAAGCCAACCAACTGGCCGCCGACCGCGAACTGAAGTTGATTCAGATGGCGCTCGACGCAGAACTGGAAGGTAAGCGCGGTCAGCTTGATATGTTGCTGTCTATGCTGGATAATGAAACCCGGCTACGGATTGCCGAAGCACAGGACAAGACCAAGCGTCAGACCACCGCACTCCAGCACGGAAGCTCATTGCAGCAGACGGCGATGCAGCAGGCCCAGCAAATCGGCCAGCAGGTAACGCCTACTCAGCAGGAAGTTATCAATGAGTCAAACGTCAAGTAA	MPNAQKGISESLVGRAPDTQSPYGGGGARGITQVNDDPYRANQIIPGAELDINQASFGEMDSFSQFEKEGDTLQAEEQTYDQPDDSGVAGMSETEWVDLGRRCYDTGRTFYRQGYQTQHINDTYLFKGRHEPGSKYYSEAFRNRSKVFRPLTRMASRSWEADIATALFLNDDYMHISPRNVTDQDADKAAAVLKEIVNLRLDKIWYPICIGAAQDSFINGPAIAKVFWWRETTVTKTDIPVLDEMGNLVGLETTENEIVVHDEPYIDLILPENFIFDPTAKANDVIGTGKYFIHRKMMSVDDVMVRMERGEWNMLSPGEILTCRWAMEDDATQQAKRGEGKPDPINNDNADTRYESVMVNEVFVRRDGIWYTYHMMGTQFLLEMPVELKNRYHHGRLPFVYGTCMIESHNNVPDSKAHLGSELQKAVNEISNQRVDNVKLVLNKRYLARRGASIDLAALTRSTPGGVIFTSDPAGDLIPQEVNDVTSSSYEETQRLTMEMNEAQGTFSGQAVANNREMNETVGGMKLLSNAATKVNDFDIRTFVFTFVRPVLELFMLTVQYYENDETIMHIAVDNSAYFPRLNVEDLTDDLMTKQLEMKVDTGIGATDPVQRVNTLMYGVTTVMQLPGMADNMDSKAVGSAIFSTLGQGDGSKFFPNLAKNFQEPPPSEPPVDPLVQAAQEEAKGRVQEAQIKAELELQKQANQLAADRELKLIQMALDAELEGKRGQLDMLLSMLDNETRLRIAEAQDKTKRQTTALQHGSSLQQTAMQQAQQIGQQVTPTQQEVINESNVK	1
hypothetical protein CDS	HOV50_gp08	7958	8356	399	forward	ATGAGTCAAACGTCAAGTAAATCACCTACGAGCGCGCATGTAGTATATGCGCGCAACATTAATCACATTGATATGCGGCAAGATGATTTGATGTCGGATACCTTGCCCGTCAATTATCTTTACAGTAAGATAAACATCGGTGAGGATGCCGCTCACTTTTTTACCGAAACGTTGCTGGGCGCGGATTTCGATGTGCGCCTTCGCGAGCAGTTCACCGCAGGCTTTGAGAAGTTGCTCACGGCTAACCCGGCGAACACTAGCGAAATTGTAGAGGCACAGATTGCCTGCCTGACCGTCATCAAAATTTACGAAACGATTGGCGCTCAGATTGAAGAAAAGGAAAGCAGCAAGCAGCAGTTAAACCAACAGCAGTTAGATGAAGACGGAGAAACAGCATGA	MSQTSSKSPTSAHVVYARNINHIDMRQDDLMSDTLPVNYLYSKINIGEDAAHFFTETLLGADFDVRLREQFTAGFEKLLTANPANTSEIVEAQIACLTVIKIYETIGAQIEEKESSKQQLNQQQLDEDGETA	1
hypothetical protein CDS	HOV50_gp09	8353	9633	1281	forward	ATGACTATCCAACAGGACGCCATGACCCGTAAAGCAACCGAAGTATCAAAGCAACAGGTCATTGAAGAGAACAACGCAGCAGCCGTGGCCGCTGGATTCACCCAGCAGGAAATCGAAGGTGCCAGCGATCATCTGGATGCCGTCGAGCAGACCGCCGAGGCCAAGAAAAGTATCTCTGACCGGGTGCGCGAAAACCAAGCCGCTCAGGCAAAAGATTCCGAAGACTTCCTCGCCAGCATCGCCGAACGTCGCCGCCAGCATTTAGCTGAAGGTGCAGATGAAGGTTTCGACCTTTACGGTCTTGACAACGATGAAGAAAGTCAGGACAATCAGGTACAGGAAGAAGAAACTGAGGTAGAGCAGGACGCTCAGGTGCAGCAGGAAGCCGCGCCGCAAGTGGATAACAATGCCCCTCGCTTCTTCACCGACGCCAACGGTAACCAGAAAGTTGAACTTCTGGTAAATGGCAAAGTTCAAGTAGTCGATGCTTCACGCGTTATCGCGGCAGCCCAAAAGCTGGAAGCAGGTGACGAGCGGTTGCGCCAGGCCGCAGAAGAACGCCAGCGTTTAGAACGCGAACGTGCTGAACTTGAACAATTACGACTGGCCTCGCAACAGACTCAACAGCCATCCAGTACGGACGCTGACCCTGATCTGAAAGCGAAATTGCGACAAGGTTTTGAACGCCTTTATAACGAAGGCGACGATAGCGCACTGGACGAGCTAGTAGATACCCTGGCAAAAGGACGCCAACAGGCCATCCCACAGGTTGATACCACTCAGGTTGTTCAGCAAGTAATCGTAGAGCAAAACCGTAAAGCATGGGATCACTCCCTGCAAGTTGACGCACAGACTTACGAGTCTGATCCGCAATATGCAGATGTGGTCGGTAACCCGGCACTCAGTGCTAAAGCAGCGCAGTATGCTCAGCAACTGGTACGTGAAAGTAATGCTCGCGATAACAACATCCGTCCTCTGGACATCATGGTGCGCGCGGCAAACATGGCACGTAACGAAGCTCGTGAACTGGCAGCAGCTTTAGGTTATACTGGTCAACAGGTTACCACAACGCAGCAGGTTAACTCGCGCGCAGCAGCAGTTGAAGCTCGTAAGAGTCAGGTAGGTCAAACCGTGCTGGGTAGCGGTGCGCAACGTGAAAGCGAAGCGCCGAAAAAAGCAGCAGTACCGGATGGTGGCCGCAGCCCGTCTTCAATGGACGCTAAGTTGGCAGCCTTCTCAGGTCTGACGCAGGGCAGAACCGCCCCAGCAATTAAACGTTAA	MTIQQDAMTRKATEVSKQQVIEENNAAAVAAGFTQQEIEGASDHLDAVEQTAEAKKSISDRVRENQAAQAKDSEDFLASIAERRRQHLAEGADEGFDLYGLDNDEESQDNQVQEEETEVEQDAQVQQEAAPQVDNNAPRFFTDANGNQKVELLVNGKVQVVDASRVIAAAQKLEAGDERLRQAAEERQRLERERAELEQLRLASQQTQQPSSTDADPDLKAKLRQGFERLYNEGDDSALDELVDTLAKGRQQAIPQVDTTQVVQQVIVEQNRKAWDHSLQVDAQTYESDPQYADVVGNPALSAKAAQYAQQLVRESNARDNNIRPLDIMVRAANMARNEARELAAALGYTGQQVTTTQQVNSRAAAVEARKSQVGQTVLGSGAQRESEAPKKAAVPDGGRSPSSMDAKLAAFSGLTQGRTAPAIKR	1
putative major capsid protein CDS	HOV50_gp10	9656	10627	972	forward	ATGGCAGGTCAATTGTGGGGCGTTGAGCGTCTCGGCGGGTTCATGTACTCAGACCAACTGAGTCAGTATCTGCGTAAAGAAGTACAGCCGATGATGCGTTTCCGCCAGTTCTGCTCGGCGAAAGAAGCATTTACCTACGGTCGCGGTGATATTTTCCATTGGGACATCTTCACCAACGTACGTACCCAGGGCGGTCGTCTGAAAGAAGGTCAGGCTCTGCCAGAAACCAACTTCGAAATCCGCCAGGGTTCCTTGCAGATCGACGAGTTCGGTAACTCTGTACCGTACACCAAAAAACTGGACAACTTGTCCAAAGTTCCGGTTGAGAACATTATCCAGTCCGCTCTGAAAGACGACTGTGCTAAGACCCTCGACTACGAAGCGTACAGCCAGTTCAACCAGACTCGTCTGGTAGCTTCCCCGGTTAGCGGCACCTCCGCTACTCAGGTGAACATCGAAGCCGTGGCCGCCGCTGGTGACCATACTGCGACTGTGAACGACGCTGCACTGTCTCTGGACCACGTTAAAGCTATCATCGACGAGATGAAAGAGCGTAACATTCCGGGCTACGACGGTGATGACTACTTCGCTCTGGCGCGTCCGACGACTTTCCGTCCGATTCGTAACGAGATCGAAGAACTGTCTAAGTACGTTGAAAGCGGCTGGCGTAACATTCGCCTGGGCGAAATCGGCAAATACGAAGGTTGCCGCTTTGTTGAGCAGACTAACATCCCGTCTAAGGGCTGGACCAATGGTAAGTCTGACGAAGCGTTCTTCTTCGGTGGCGATACCGTAACTGAAGCAGTTACCGATCCTGAACAGATTCGTGGTAAACTGCCTACCGACTACGGTCGTTCCAAAGGTGTTGCGTGGTACTACATGGGTGGCTTCGGTATCGTTCACAACCAGTCTCAGGCTGACGATCCGCAGGCACTTCAGAACCGCATCATCCGTTGGGACTCAGCGTCCTAA	MAGQLWGVERLGGFMYSDQLSQYLRKEVQPMMRFRQFCSAKEAFTYGRGDIFHWDIFTNVRTQGGRLKEGQALPETNFEIRQGSLQIDEFGNSVPYTKKLDNLSKVPVENIIQSALKDDCAKTLDYEAYSQFNQTRLVASPVSGTSATQVNIEAVAAAGDHTATVNDAALSLDHVKAIIDEMKERNIPGYDGDDYFALARPTTFRPIRNEIEELSKYVESGWRNIRLGEIGKYEGCRFVEQTNIPSKGWTNGKSDEAFFFGGDTVTEAVTDPEQIRGKLPTDYGRSKGVAWYYMGGFGIVHNQSQADDPQALQNRIIRWDSAS	1
hypothetical protein CDS	HOV50_gp11	10671	10871	201	forward	ATGGCTCAGAACAAAGCGTACGGTATGCCGATCAACGATAGCGCGACTGGCGTACATGCAAAAGACACTGGCGACGCTAAGTGCGGTCTGTCCAGTCTGGAAAAGTTCAAACCGGAAGAATACCCGGTAACTGAACAGGCTCGCTTCTCTGCGGGTCAACGTAACGAAGACGTCGGTGGCGGCTTCAAACTCGTACAGTAA	MAQNKAYGMPINDSATGVHAKDTGDAKCGLSSLEKFKPEEYPVTEQARFSAGQRNEDVGGGFKLVQ	1
hypothetical protein CDS	HOV50_gp12	10886	11296	411	forward	ATGTACTCTTACGATAAATCTTTGCTGGCAAGTTACACGCTGGGTACGGCTGGCGCTGTAACGTTTGGAACAACTCCGGCTACCACTCTACCTGTATCGGCCATTGCTGAACTGTCTCATGACGCCAGCCGCGTGGTTGAAGGTGCGGTAGTTCTCGGTATCTCCGCGATCTACACTTCCGGCACAGGTACTATCTCTGTCGGTGACGGTACCACGGCTGACCGTTACGGTGTGTTCACTGTTGACAGCACGTCTACACCGGGTGGCCCGTTGAAGGGTAAACTGGTGCTGACTGAAGAAGGTTATCACATGGGCGTTTCCAACGACGTCAACACCCCGCAGGTGTTCGTGCTGACCTACTCCGGTGATGCCGTACTGGCTGCCGCTCAAGTCACCGTTGGCCGCTACTAA	MYSYDKSLLASYTLGTAGAVTFGTTPATTLPVSAIAELSHDASRVVEGAVVLGISAIYTSGTGTISVGDGTTADRYGVFTVDSTSTPGGPLKGKLVLTEEGYHMGVSNDVNTPQVFVLTYSGDAVLAAAQVTVGRY	1
hypothetical protein CDS	HOV50_gp13	11380	11685	306	forward	ATGAAACCATCATACAATCAGGACGATTCAATTTCGTGGGGCCAGCGTACAGAGTTTGACGTTGACGCCATGAACAGCCAAATGGATTACGGTCGCATGGGTGATTATTTACCACCTTCAGACGGTACTCGCGGCGCTGAAGATGACCATCCAAATATTGAGAACTTCAATATTCGTGACGGTTATTTGCAGCATAAAGGTCTGGAATCGTTCCGTCCGCACGACGACTGCGGTACGACGGTCAAACCGATGTACGATCAGCAGGCTGTGTACAAAGGCTATGGAGAAAAGAAACGTGGCTATTAA	MKPSYNQDDSISWGQRTEFDVDAMNSQMDYGRMGDYLPPSDGTRGAEDDHPNIENFNIRDGYLQHKGLESFRPHDDCGTTVKPMYDQQAVYKGYGEKKRGY	1
hypothetical protein CDS	HOV50_gp14	11675	11956	282	forward	GTGGCTATTAAACTCGATAAAACCAAACCGTATGGTGTCATTCGTGGTCAACAGACTGGCGCAGTGAAACTGGCCTTCTATCAGAACGGTCACTACTTCGACCCGAAAGGTGAATATGTTGATCTGAATCCTACTCCTGTGAAGGAACCGGAAGCGCCAGTAATCCCTGTGAAGGAACCGGAACCGGAAGTGCCAGTGGTAGTTGAAGAACCCGTGGCTGCCGTGAAACCGAAAGCGAAAGCAAAAGTGCAACTGCCTCCGGGCCTGCCAACTAAGGAGTAA	MAIKLDKTKPYGVIRGQQTGAVKLAFYQNGHYFDPKGEYVDLNPTPVKEPEAPVIPVKEPEPEVPVVVEEPVAAVKPKAKAKVQLPPGLPTKE	1
hypothetical protein CDS	HOV50_gp15	11960	12622	663	forward	ATGTCGAATACCCTGTTAGGAATGTCTCAACGAGTTGCCCGTGACGCAGGGTATTCCGGCAATATCCAGTCGGTAGCTGTGGTGTCCGGCGACGCTGCGCGCATTGTGCAGTATGTGAAGGACGCCACCACTTATATTGAAAACCTGTGGGGTGACTGGCGCTTCCTGTGGGGCGGTATGCTTGAAGGTACCGTCGATACCGGGGAAACTCATATCGTGCCACCACTCGGTCATTATCGCTGGGATCAGGCTCGTCTCATGTTTGACAACCACCTGGTCTACCCGGAACTATTTCACAACTTCAGCCCGTACAGCACCATGCTGGAACAGGGATACCCGACTCAGTTTGTCATCATGCCGGACTCGTCTATCCAGATGTACCCGCGCCCTGACAAGCAATTCAACTTTCAATTTTCCTGGTACCGTGAGTCCGTAGAGTTGGTCAACGACTCCGACACTCCGCTGGTACCCGCGCGCTTCTGCAACACAATCGTGGCCTATGCGCTGTGGCTGTATGCAATGTACGACGACGCGGCGGAACTGGCAGCCAAGTCTCAGGCCGAATACGACAAATACCTGCGCCTGCTTGAAGCTGACCAACGTCCTGACGGTTTCCCAACCAACCAGTCGTCCGGTAACTTCTTCTCTATTTCAGCGAGCTAA	MSNTLLGMSQRVARDAGYSGNIQSVAVVSGDAARIVQYVKDATTYIENLWGDWRFLWGGMLEGTVDTGETHIVPPLGHYRWDQARLMFDNHLVYPELFHNFSPYSTMLEQGYPTQFVIMPDSSIQMYPRPDKQFNFQFSWYRESVELVNDSDTPLVPARFCNTIVAYALWLYAMYDDAAELAAKSQAEYDKYLRLLEADQRPDGFPTNQSSGNFFSISAS	1
hypothetical protein CDS	HOV50_gp16	12626	14896	2271	forward	ATGGCTAATTATGATCGCTTTGCATTGCAAGGTGGCCTCGACACGGCCACTCCTTATCTCAGCCGCCAGCCCGGTACGCTGACTGCCGCCACAAACTTCTCCCCTGAGACGGATGGCGGCTATGCGCTTGAGGCTGGTTACGAACGTTTCGACGGTCAGCCAGCACCGAGCGAGACTGTGGTGTACAGCCTCAACATGACGGACGATGTTACAGGTCTGCTACCGGGTGACGTTATCACAGGATCAACGTCCGGCGCGGTAGCAACTGTCGGCGCGGTTTTCGGTAAAGAAATCTGGTGTGATGTCACTAATGGTGTCACATTCATGCCGGGTGAGAATATCGGCGCTAACGTTATCGAGTACCTCTCAACGGAAGCTATTGACCAACGCAGCTACAGTCCGACAGCTACACGCACTACGATTCTGTTGATGTCACCGCTGGCGGCTAACACACTGGAAGTCGGCGATGCGTTACTGGGCTTATCCTCAGCCGCTACAGTGGAAGTGAACATCATCAAAGTTACCAACGCTGACATGTGGGTATACGTGTCCACGCTGGCTGGCGCGGTGCAGATTGGCGAGACGATGGTGAAGGGTGATGGTACCGAGTACAAGGTTAACGGTGAGTACGAAGTGGAACCTATGCTGGCCTCCCCGGATACTCCCGCAGGTGTCTTCTTTTACCTGAGCGAATTACGTCGCGCTAAGATTGGTGTGGTGCCGGGTATCAACAGTGTGCGCGGTGTATGGGATCTGGAAGGTGTCGTGTACTCGTTCCGTGACGCTGACGCCGACAGCACCAAAATGTACCGCAGTACGGTGACAGGCTGGCAGGAAGTCGACCTGGGCTTTACGATGGGATGGGATACGCGCCCGTCTACAACCACTGACGATGAACTCGGTCCGGGTGATTCAATCCGTGGTGTGACGTCCGGCGCTACGGCAACCGTCGGCTGGGTAGGTTACATCGCTCAGGATCACTCGTCAGGCTACCTGACGTTCACCAACGTGACCGGAACGTTCCAGGCGGGTGAAGTAATTCGCAACGACACGTACAGCGTCGACATTGGTGAAGTGACTGCGGCGGCCACGGCTAACGTACTCCCGGCTAACGGTCTGTACCGTTTCACCAACCACAACTTCTTCGGCGGTCTGAACACCTTCGCAATGTACGGCGTGAACGGTGTCGGTAACGGTTTCGTATACAACGAGACGAACGGCTTCTCATTCATCCCGACGCAGGCAGATACGGATACACCGTTCGACGTGGTTGAATACAAAGACCACTTATTCTATGCGTTCCCGAAAGGTAGCCTGCAACACAGCGTGCTGGGTAGTCCGATGGACTGGAGCGGTGGCCTCGGCGCACTGGCGGTCGGCGTAGGTTCGGAAATCTCTTCACTGATTCCGGCACCAAAATCGCTTATTATTTGTACAGAGAAAGACATCCAAAGTCTTGAGGGGAGCAGCATCGATGACTGGCAAAAAGAGGTTATTACTCAGCATACTGGTATCTCTAAATTTACTGGGGTGTACCAGTCTCAATCACTCGTACTCGCCCAGGCAGGTATCATTAGTATCGACCGGACTGACCAATTTGGTAACTTTAGCGACGGTACTATCAGCGACATCATCCGAGACACCATCGTACCTAACTATTCTCGCTGCACTTGCGCAATGGCAAGGAAGAGTCGAGGGCAGTACAGACTACATTTCGAGGGAGACGTCAACATTGCCCTTTCCACTAACCAGGGGAATGTGATCGGCTTCTCGATGTTTGACTACGGCGGTCTGACGGTGCGTACGGCGGTCAACCCGTACGGTCGTATCTTCTTCATTTCGGACACCGGATACGTCTATCAGGATTCCGTAGGGGCCAGTAACGATGGTGGTGAACGGTCATCTGTATTCCGCACATCCTTCGCCAACCAGGGTGACCCGGATACTCGCAAGCGGTACCGCCGTATGGACATGAGTATCCGTGCTCAATCTTACCTTAACGCGCGTGTCGTTTTCTCGTACAATAAAGGCGCATCCACGCCGCAGGCATCGGTCGAATCTGGCCTGTTAGTGTCCGGCGGCGGACGCTGGGATTTGTCGCTGTGGGGGCAAGTCTACTGGGATGCCACGGAAAACCCGACAATCTCGTCTGACATTGACGGTTTAGGTTTTGACATCAGCACCATGCTGTACATCCGGTCACGAATCCATCCGCAGTTTACCGCAGAGGATTTATCATTCGAATGGTCACCACGTAGAAAGGTACGATAA	MANYDRFALQGGLDTATPYLSRQPGTLTAATNFSPETDGGYALEAGYERFDGQPAPSETVVYSLNMTDDVTGLLPGDVITGSTSGAVATVGAVFGKEIWCDVTNGVTFMPGENIGANVIEYLSTEAIDQRSYSPTATRTTILLMSPLAANTLEVGDALLGLSSAATVEVNIIKVTNADMWVYVSTLAGAVQIGETMVKGDGTEYKVNGEYEVEPMLASPDTPAGVFFYLSELRRAKIGVVPGINSVRGVWDLEGVVYSFRDADADSTKMYRSTVTGWQEVDLGFTMGWDTRPSTTTDDELGPGDSIRGVTSGATATVGWVGYIAQDHSSGYLTFTNVTGTFQAGEVIRNDTYSVDIGEVTAAATANVLPANGLYRFTNHNFFGGLNTFAMYGVNGVGNGFVYNETNGFSFIPTQADTDTPFDVVEYKDHLFYAFPKGSLQHSVLGSPMDWSGGLGALAVGVGSEISSLIPAPKSLIICTEKDIQSLEGSSIDDWQKEVITQHTGISKFTGVYQSQSLVLAQAGIISIDRTDQFGNFSDGTISDIIRDTIVPNYSRCTCAMARKSRGQYRLHFEGDVNIALSTNQGNVIGFSMFDYGGLTVRTAVNPYGRIFFISDTGYVYQDSVGASNDGGERSSVFRTSFANQGDPDTRKRYRRMDMSIRAQSYLNARVVFSYNKGASTPQASVESGLLVSGGGRWDLSLWGQVYWDATENPTISSDIDGLGFDISTMLYIRSRIHPQFTAEDLSFEWSPRRKVR	1
hypothetical protein CDS	HOV50_gp17	14896	16521	1626	forward	ATGGCTAACACTTATTTCAACTACATGGACCCGGTAGAACCGGGCGACCGTCTGGAGTCGAACAAATACAACGGTGACTTCTCCGCGATCGCCCGTGCTTTCGACATTCTACCGTCGCCAGATGCGCTGGCCTCCAACACCGGAAACTATGCCCGGTCACAGGGTACATCCACGGCGTACACAGTAACCCTCCCGCGCTTCGATGGTAGCTTCGGTTACATCACGGGTATGCAGGTGTTGCTCAACATTCACGTCAACAACACCGGGGCGGCCACGCTCAACATTAACGGACTCGGCCCTAAGCCACTCGTCAACCTGACTACCGCGCTCGGCCCACTGGTGGCTAATGATCTGCGTGCAGGTACCATCTATTCCATCCGTTATGATGGTACCCGTTTCCAGGTAGTCAACACTGTTTCCGGTGCCGTAAACGCATCGCAGACCGCAGCTACCCAGGCAACTACTGCCGCCACAAACGCTGGTACGTCCGCCACAAACGCAGCAGCCAGCGCCAGCGCCGCAGCGACAAGCGCGAGTAACGCAGCAGCCAGTGCCAGTACCGCATCTTCAGGTGTTACCGCCGCTGCAAACTCTGCCAGCGCCGCATCAACATCTGCAACCAACGCCGCAAACTCTGCGTCTGCGGCAAACACATCTGCGGGTAACGCCGCCAGCAGCGCCACGGCAGCATCCGGCAGCGCCACGGCAGCGGCAAACTCTGCCACGGCAGCATCCGGCAGCGCCAGTACCGCTAACACTCGCGCTACGGCAGCGGCAGCAAGTGCTACGGCAGCAGCAAACTCCGCAACTCAGGCAGCGGCCAGTGCTCAGACTGCACTCAATGCTATCGGCGACGCGTCGTTCAAAGCGGCGGTGATGGGTGTCCTGTTGACCAGTTCGCTGGACGTGGGTACCGTCAAGTTCTATGCGCTGAACATTGACCCTAATGTCAAATATCCCGGTACCACCTGGGTACGACTGCCCGTGTCCCAAAGCATCCGCACATCCCTGGCCGACGCAAGTGACGTCATGACCACGGTAGGTGCTGACACTGTGACACTGGTAACAGCCAACATCCCGTCACACAGTCACACGGGTACAGCGACGATTGCCAGTACGGATTTGGGTAACAAGACGTCAACCAGCTTTGACTACGGTACCAAAACATCCAGCACCAAAGACTACGGTAACCTTACGTCATCCAGCTTTGACTACGGTAACCTTACGTCATCCAGCTACGATTACGGCAATGCCACATCAAGCGCCGCAGGTAGTCACAGTCATACAGTACCCGCTATTATCGGTACCGGTACTACACCATCGCTCAAATCAGCAGCAAACGACTCATCGTCTGCGGGTAACGTCGCCACATCCAGCGTTGGTAACCACACGCATACGTTCGACCTACCGTCACACAACCACACTGTTGGTATCGGCTCACATACACACACCGTGTCGTTGGGTACACACAGTCACACTGTAGCGGTGGGAAGCCACAGTCACACCGTAGCGGTGGGAAGTCACAACCATACAGTGACAGCCAGCATCGGTAACACGGGTACTGGTCAGGCTTTCAGCATCGTGGCAAACTCTACTATCCTTGTCGGCTGGAGACGTACCGCATGA	MANTYFNYMDPVEPGDRLESNKYNGDFSAIARAFDILPSPDALASNTGNYARSQGTSTAYTVTLPRFDGSFGYITGMQVLLNIHVNNTGAATLNINGLGPKPLVNLTTALGPLVANDLRAGTIYSIRYDGTRFQVVNTVSGAVNASQTAATQATTAATNAGTSATNAAASASAAATSASNAAASASTASSGVTAAANSASAASTSATNAANSASAANTSAGNAASSATAASGSATAAANSATAASGSASTANTRATAAAASATAAANSATQAAASAQTALNAIGDASFKAAVMGVLLTSSLDVGTVKFYALNIDPNVKYPGTTWVRLPVSQSIRTSLADASDVMTTVGADTVTLVTANIPSHSHTGTATIASTDLGNKTSTSFDYGTKTSSTKDYGNLTSSSFDYGNLTSSSYDYGNATSSAAGSHSHTVPAIIGTGTTPSLKSAANDSSSAGNVATSSVGNHTHTFDLPSHNHTVGIGSHTHTVSLGTHSHTVAVGSHSHTVAVGSHNHTVTASIGNTGTGQAFSIVANSTILVGWRRTA	1
hypothetical protein CDS	HOV50_gp18	16518	18134	1617	forward	ATGAGTAACCAATATTACAACTTTATCAATCCGGCTGAAGCGGGTACGATTGTCGACCCGTTCGACTACAACCGTGAGATGGAAAAGATCACCGAGGCTTTCTCGGTGGTCCCGCCTGCTTCCCAGTTAACTTCCGGTACCCTGAACTACTCAACGGATACGGGTACCGGGAATGATCACATCGCCACGCTGGATGACTTTGATACCGACTATGTTGCCGGGAGTAACGTTGCGCTCCGAATCAATGACGCGTCTACCGGACCGTCTACCCTGAGTGTAAACGGGCTGGCCGCTAAAGACGTCACGCTGTCTGTGTTCGGCGCTGTGGCGGCAGGTGACCTGTTTGCTGAAGGTGTCTATACCTTCGTATTCAACGGTGAGCGTTTCCAGATTCTGGAGATGGGCGCACGCTATTACACTACCGCCTTCGAACAGCTTTCAATCGCCCAGGCTAAAGCTGCACTCGCGGCGGCCAGTGAAGCTGCGGCACTGAGTGAGCGTAACGCAGCAGCAGCGTCGGCGGCAAACGCCCTCACGTCAGCAAACGCTATTACCGCGTCCAAAGATGCAGCAGCAGGTAGCGCTACGTCTGCGGCAAACTCTGCGTCGGCAGCAGCAGGTAGCGCTACGTCTGCGGCAAACTCTGCGTCGGCAGCCAACACCTCTGCGGTCAACTCCGCGTCAAGCGCAACGGCGGCGGCAAACTCCGCAACGGCGGCGGCAAACTCCGCGACGGCTTCCGACGCCAGCGCAACGGCGGCGGCAAACTCCGCAACAGCAGCAGCAGGTAGCGCGGCGGACGCAGCAACTTACGCACAGGAAGCTATCGACATCGTTAACGCGCCGAACTTTCTCGACCGCGTGCAGGCGGCTATTCTTGAACTGGAACTGTTCCCCGGCTGTACCGAGTTCTTTGACGCTGACATCGATCCTAACGTTAAGTATCCGGGTACCACATGGGTACGCTTACCAGCGTCGACATCATTACGTATGTCCAACGCCACGGGCAGTGACGTTAACGGAACGACAGGCGCTGACAGTGTGACACTTTCGACAAACAACCTGGCCTCGCACAACCATTCAGTGACAATGGGTACCGTGAGCAGCACCGACCTGGGTACCGACACTCTGGCATCTGTTGACCTGGGTACCGACACTCTGGCTAACACTACCATCGCAGCGAAGACCACATCCAGCTTCGACTATGGTACCAAAACGGCATCAGGTTACGATCCCGGTGCGATTTCCACCAGTGGTGCTGGCGGCCACAGTCACACGTTTACGGCGTATACCGCAGACGGATCGGGAGTGAGAATACGCTCAGCAGCGAACGACTCGACGTCTGCGGGTAACGTCACCACATCAAGTGCTGGTAACCACACGCACACTGTAGCTTTAGGTGCGCACACGCACACTGTAGCTTTAGGTGCGCACACTCACACCTTCCCGGTCGGCAGTCACACGCACACTGTAGCTTTGGGAGCGCACAGCCACACAGTGGCTTACGGCAGTCACGGACATAGTGCCACATTGTCGTTAAGCAACACTGGTTCCGGTACGTCCTTTGGCGTGGTAGAATCGTCTCTAATCTTAGTTGCATGGTACAGGAGCGCATAA	MSNQYYNFINPAEAGTIVDPFDYNREMEKITEAFSVVPPASQLTSGTLNYSTDTGTGNDHIATLDDFDTDYVAGSNVALRINDASTGPSTLSVNGLAAKDVTLSVFGAVAAGDLFAEGVYTFVFNGERFQILEMGARYYTTAFEQLSIAQAKAALAAASEAAALSERNAAAASAANALTSANAITASKDAAAGSATSAANSASAAAGSATSAANSASAANTSAVNSASSATAAANSATAAANSATASDASATAAANSATAAAGSAADAATYAQEAIDIVNAPNFLDRVQAAILELELFPGCTEFFDADIDPNVKYPGTTWVRLPASTSLRMSNATGSDVNGTTGADSVTLSTNNLASHNHSVTMGTVSSTDLGTDTLASVDLGTDTLANTTIAAKTTSSFDYGTKTASGYDPGAISTSGAGGHSHTFTAYTADGSGVRIRSAANDSTSAGNVTTSSAGNHTHTVALGAHTHTVALGAHTHTFPVGSHTHTVALGAHSHTVAYGSHGHSATLSLSNTGSGTSFGVVESSLILVAWYRSA	1
hypothetical protein CDS	HOV50_gp19	18134	19267	1134	forward	ATGTCAGGATTAACTAACCCGGCACAGTCGGATAGCACCACTACTAACCAGCCGGATCAGGTGCTCGCTACGAGCACCCCTTCGTCCACGTCCGGTGCGCTGGGTGCGAGCAACATTCAGAACGACGCGTCACAGCAGTCGAATGTGGCCTCGTCAATGGCGCAGGCGGCACAGGCTCAGCAGCAGCAGCAACAGCCGCAGCAGCAGCAGGCGGTACCCGTTGCGTCACAGCCAGCACCGCAGCAGGTGACCAATGGTGCCGTAGCAAACAACAATAACGCCAACGCCGCCAACAACTACCAGACTGTGGACCAGGCGTACAGCCAGTTGACCGCACAGAATAGCCCGATGATGCAGCAGGCAGCGGCTACGGCCCAGCGTCAGGCAGCACGTCGCGGTATGGGTAACTCGTCTATGGCTGTCGGCATGGGTCAGGCGGCCACGGATGCGGCTGCACAAAACATGGCGTCACAGATGGCTACCCAGTCGCAAGGTCAAGCGCAGTACAATCGCAGCCAGACGGAAGCTGAACGCGCCAAGCAGGTACAAGAAGGTCAGACGGATCGTCAATTGACAGAAGCCGAACGTGCCGCCCTGGTGCAAGAAGGGCAAGGACAACAGCAAATCACCAACCAGGCGTCACAGTTCGCACAGTCTTTAGAAGAACAGATTCGTTCCGGTAAGGTCAGCGAGCAGCAAGCCCAGCAGCAGATCAACAACCAGGCGTCACAGTTCAGCCAAAGCCTGGCCGAGCAAATCCGCTCCGGTAAAGTGACGGAAGCGCAGGCTGCCGAGCAGATTAAGAATCAGGCGTCGCAGTTTAAAGATTCCCTGAAGCAACAACAGTTTGAGTTCAACGCCAACCTCGGTCTGGAGAACGCCAAGCTGAAGCAGGACGCCGCACAGTTCGCAACGTCTATTCAGGCTAACGCCCGTGGCAGCTATACGGACTCGGTGAACAACCTGTTAAACAACAGTTCGGTGAACATCAACAATATTTCTTCCAACCCGGATTTGACCACGGACCAGAAGAACAAGCTGATCTCGCAGGAACTGAGCAACCGTAACAATGACCTGAAGTATTTGCAGTCACTTTATGGTAACGTTACATCCTGGTCCGACAAACTGAAATAA	MSGLTNPAQSDSTTTNQPDQVLATSTPSSTSGALGASNIQNDASQQSNVASSMAQAAQAQQQQQQPQQQQAVPVASQPAPQQVTNGAVANNNNANAANNYQTVDQAYSQLTAQNSPMMQQAAATAQRQAARRGMGNSSMAVGMGQAATDAAAQNMASQMATQSQGQAQYNRSQTEAERAKQVQEGQTDRQLTEAERAALVQEGQGQQQITNQASQFAQSLEEQIRSGKVSEQQAQQQINNQASQFSQSLAEQIRSGKVTEAQAAEQIKNQASQFKDSLKQQQFEFNANLGLENAKLKQDAAQFATSIQANARGSYTDSVNNLLNNSSVNINNISSNPDLTTDQKNKLISQELSNRNNDLKYLQSLYGNVTSWSDKLK	1
hypothetical protein CDS	HOV50_gp20	19277	19579	303	forward	ATGAGTTTCTTCGGTAGTTTTCTCGATACGGCGTCCAGCGCTTTCAACTGGCTGAGCAACAACAAGGCGGCACTGGATTTAATCTCCGGTGCTGCAAAAGGTTACGGTGCTTACATGCAGTACAAGCAGGGTAACCAGCAAATGAAATTGATGCAGAAGCAGCAGGAGAACGAGCAGCGTCGCTGGAATGATACGCACGGTGTCATCGACAGTTACGACAACTCTATCCCTCCGGGGCAGCAGGCTAACTCTGCGTTACTGTCAGGCAGCATGGCCGACGCAATGAAGCAAGGAGTTAAATAA	MSFFGSFLDTASSAFNWLSNNKAALDLISGAAKGYGAYMQYKQGNQQMKLMQKQQENEQRRWNDTHGVIDSYDNSIPPGQQANSALLSGSMADAMKQGVK	1
hypothetical protein CDS	HOV50_gp21	19579	20535	957	forward	ATGGCACAGGCACAAGGCGGTACCGCAGGTAGCTCATCAACCCGTGGCAACGGCAGCTTATCGGCTGGCGCATCTTCGCGTGGCGGCGGCTTAGGCGGTGGCCTCGGTGGTAGCAACGGCGGCAGCAATAACGCGGGTAACAGCAAAGGTAACGCTGCGTCGAGCAATGCGGCCAGTGGGGCTTCAGCAGGCGCAGCAGCGGCAGGCGCAACGGCGGCAGCGGCAGGTGACTCTAAGCAGACTGGCGGCAGCCTCATGGGCGGTCTGAAGTCGGCGGTGGATAGCGCACGTTCTTCACGCACCGCAGCAGCCGCACCGTCAACCAGCGCACCACAAGGTACTTTGTCGGCGTCCGACGTTGCAGGCATTGACAGCGAAAGCCATTCAGCCGCTGCGAACCTGGCAGCACGCGATCAAGGTTTCCGTGACACAGCTAACGCTAAGACCACCGCAGCAACAATGGGCGGCCTCGGTATGGCTGGTAGTCTCGTAGGCAATCTTGCCAGTAAACTGACAGCAGCGGCAGCACCGACTGAAGGTAGCGACCTGAGCGCTAACCACAACGTTGGTAAGGCGTGGGCTAACAGCGTCGGTCCCAGCAAAACTGTGAGCATGGCTGCAAGCCTGGCTGGCGGTATTCTCGGCGGTCCTATCGGTTCCGCACTGGCTGGCTTCGCGCTGGGTATTGCTAACGATCAGGCGGCCAAAGCAGCTAACCCGCAAGCGATGGCCGCTACACCACAGCAGATTGCCAACCGCGCTACGTTCGGTCAGCAGGCGGGTACCAGCAGTTCCGATCAGTACGATGCGACTGGTGCTAGTTCCGGTACCAACAATAGCAGCAACATGATGTCATCCATGAGCGCCGCCGCTCAACCGGGCGCTGGCTTCCAGGCGGCTGACGATTTCAGCGAGCAGCGTAAAGTGGACAACCTCAACTTAGGGAGCATCATCTAA	MAQAQGGTAGSSSTRGNGSLSAGASSRGGGLGGGLGGSNGGSNNAGNSKGNAASSNAASGASAGAAAAGATAAAAGDSKQTGGSLMGGLKSAVDSARSSRTAAAAPSTSAPQGTLSASDVAGIDSESHSAAANLAARDQGFRDTANAKTTAATMGGLGMAGSLVGNLASKLTAAAAPTEGSDLSANHNVGKAWANSVGPSKTVSMAASLAGGILGGPIGSALAGFALGIANDQAAKAANPQAMAATPQQIANRATFGQQAGTSSSDQYDATGASSGTNNSSNMMSSMSAAAQPGAGFQAADDFSEQRKVDNLNLGSII	1
hypothetical protein CDS	HOV50_gp22	20535	21092	558	forward	ATGGGCGTTAGTCAGGAATATATCGATCAGCAGAAATACTACGCTGACGCAGTACAGGCATACAAAGCCAACGGTATGAGCCACAACGCAGCCTGGAAAAAGGCGGAAGCTGACTGGGCCGCAGGTGAACGTAACGTTGCCCGGAACGCGGATACCACAGGTTACAAGCCTCAGAACGCTGATACCAAAGCGTCACAGGGTGTTGTCCCGGCGTCACAGCGTAACGAAGATGGTACCCCCATCAACACGGCAAGCTCCGGTAGTAACAGTAGTGGCAACTCTACTGAAGCCGTGCGCTACCGTGGTTCAACATCACAGACTCGCGTGGGTACCGATACCCGTGTGCGTGGTGGTACCGAAGCATCCAAAGCTGGTCAGGGTATGGGTAACACCGATCAGGGTATGGCTGCGGCAATGAAGAGTGCCACAGGCAAACAATTCGCTGACTCCAGTGACGTTCAACCCGTGGCCTCCAAGCAGAACGCATGGCAGGGAAACCGGACTCCGGTTAATCTGGCTTCCGTACAGCAACGTGTGTTAAAGTCTATCGGTCAATAA	MGVSQEYIDQQKYYADAVQAYKANGMSHNAAWKKAEADWAAGERNVARNADTTGYKPQNADTKASQGVVPASQRNEDGTPINTASSGSNSSGNSTEAVRYRGSTSQTRVGTDTRVRGGTEASKAGQGMGNTDQGMAAAMKSATGKQFADSSDVQPVASKQNAWQGNRTPVNLASVQQRVLKSIGQ	1
hypothetical protein CDS	HOV50_gp23	21108	21794	687	forward	ATGTCAATGATGGATGCAATGAGTATGGGCGGCCAGCCTCCGCAGCAGGAAACGCAGGCACCACAGACTCAACCAATGGACCAGAAGACGTTGCGTATGGGCGGCGATGACCCTGCGGAAATGGAGAAGCTCTATAACAAAGTTATGGCGCTGATCTCTTCCGAGATTTGGGAAGGTCAGGGTGCCGACCAGGTGTCTGCACAGTTGATGGAAGATGACTCTGAGCCAGCCGAGGTTGTCGGCAAGTTCACTGGCTTCTATCTTATGATGGCTACTGCCGCTGCCAGAACTAACGGTGGTTCATTCCCGCCTGTGGTTATCGTGGGTGCTGCCGCAGAGACGTCGAGTCAGCTTACTGATCTGGCGCTTATGCTGAAACTGATCTCCCCGGAAGAAGCGGACGATACCGCAGACGCTGGCGCACTGATTGGTCTGGAAGTTCTCATCGCCCAGGGCGGTAACCAGATGGCACCTGAAGAGAAACAGGAATACGCCGACATCGTTAAGGCTGTCATCAACGCATCGCCGAACGCTCAGGAAATCGCTGAGGAAGGTGCCGAGGATGCCATCGAAGAAGTTGAAGAAATGGGCGCACCGGACGACAGCGCTGAAGAGATGGAAGCACAGACCGATGTTGATATGGCAGAGAAACCGCAGGGCATGGCCGCTGCAATGGGAGGCGCGTAA	MSMMDAMSMGGQPPQQETQAPQTQPMDQKTLRMGGDDPAEMEKLYNKVMALISSEIWEGQGADQVSAQLMEDDSEPAEVVGKFTGFYLMMATAAARTNGGSFPPVVIVGAAAETSSQLTDLALMLKLISPEEADDTADAGALIGLEVLIAQGGNQMAPEEKQEYADIVKAVINASPNAQEIAEEGAEDAIEEVEEMGAPDDSAEEMEAQTDVDMAEKPQGMAAAMGGA	1
hypothetical protein CDS	HOV50_gp24	21794	22648	855	forward	ATGAGTATCGGTGAAGCACTGGCGGCAATGTTTGCAGGTGCAGCAGGTGAAGCGGCAGGTAACCGCGCGACTGAAATTCGTGACGAAGAAAAAGCTCGTCTGGCAGAAGCACGCGAACTGAAAATGATGGCGCTCCAGCAGAAGTACCAGACGTCCGAGCGTGAGGCCAGTCAGGCTTACGGTACGTCCGAGCGTAAGGATACTCAGGCTTACAACTCTGCCGAGAAGCAGAAAGACCGTGACTTCCAGTCTTCCGAGCGTCAGGCATCGCAGGCATTCCAGGCTGGCGAGAATGCTAAGTCACGCGCGGCTCAGGCTGGTAGCGATGGTGTTGGTCCGAACGGTAAGCGTCTGCAAGGTACACCGCAGATGGAGAAAGACGAAGACGGCAACATGACGGGTCGTATGATCTTTACCTATCGTGACGGTACCGTACAGGTTAAAGCCATTGACGATCTGCCGGGTGGCGACGCTGACACCAAATCCAGCAAAGCACAGCGTGAGTCCGACGCCGCAGCATATGCTAAGAAGCGTGTCAGTGAGCAAGCTGGCCTCCTGTCATCCGATAAGGAAGACTTCAAAGATTATGGTGGTAGTCGCACCAAAGCTGAAGAAGCCTACAAGCAGGAGTATCTCAACAAGAACAAAGGTGGCGGCAGCAATGAAGAGTTACCGGGCAGCGGTCCTAAGTTCCAGGAGGGCGCAGATCTGGCGACTAAGGAAGCTGAGAAAGGATACACCGCTAACCAGCAAGCCATGATCGCTCGCGTTAAGGAGAAGTACCCTGACGCATCCGATGACCAAATCGCGGCGGCCATTCGTGCTAATCCGCAATATGCACCAATGTTCAAATAA	MSIGEALAAMFAGAAGEAAGNRATEIRDEEKARLAEARELKMMALQQKYQTSEREASQAYGTSERKDTQAYNSAEKQKDRDFQSSERQASQAFQAGENAKSRAAQAGSDGVGPNGKRLQGTPQMEKDEDGNMTGRMIFTYRDGTVQVKAIDDLPGGDADTKSSKAQRESDAAAYAKKRVSEQAGLLSSDKEDFKDYGGSRTKAEEAYKQEYLNKNKGGGSNEELPGSGPKFQEGADLATKEAEKGYTANQQAMIARVKEKYPDASDDQIAAAIRANPQYAPMFK	1
hypothetical protein CDS	HOV50_gp25	22690	29283	6594	forward	ATGGCTAGTAACATCGACCTTTCTGGACTGGACTTATCCCAGCCAAATCAACAACCTGCAACGAAGAAGTCTGAAAAGACTGCACCTGCTATTGACCTGTCGACGGTTAACTTTGACCTGAGCGACGTAGACTTTTCCGGTATTGGAAATGAGAAGGCTGTCACAGAACCAGCAAAAGAAGATAGCTGGGGCGACGTAATTTACAAATCTCTCGCCGCGATGCCTGAGCGTATGCAACGTTCATGGCAGGGTATCAAACAAGGCGTGGCCGTTAAAGGTCAAGACCTGACTGACGGGGTGCTGGCTGAACGCCTGCGTAACGATCCGTCATATGCTGCCGAACTGGGGATTGACCCGGCTACCTTTACCGCTGCCGAAGGCGACACGTATGCGACCAAACTGCAAAAGAATAAAGCTCTCTACGCCGCTATTGATAAAGCGAAGGCCGCAGAACTGAATAAGGATGCCGACTTTGTTGCCGCGCGTGATGAAGGTCTTCGCCTGTCAAACGAGATTGCCAAAACTGCACCGAAGACTGGTGACGAGTGGTCAGCTAAAAACCTGGTATCCACAATCCTCACTGGCGCGCAGGACATGTCTCCGGCAATCCTGACGTCCATCCTGTTGAAGCGTCCGGTCGCTGGCCTCGCTGAGATGACTGGTCAGGCGTACGGTTCCTACTATCAGGACTCAATCGACAAAGGTCTGTCTCCGGCAGAAGCCGATAACCGCGCTACCATGTTCGCCGCACTGGAACCAATCACTGAAGCGGTACCGCTGGGCCTCATCATGAAGAAGGGTGCGACTAGCCTGACTGACCTCGGTAAGTCTGCAATGGCTGAAGGTATCCAGGAGTCCGCTACCCAGGCTATCCAGAACGGTTACGACATTGGTGTGCTTGACGAAGATATGACGGTAGGCCAGTTCCTGAATGACGTGGCGTTCTCCGGTGTAACTGGTGCTGGCGTAGGTGGCGTGCTGCATGGCGCGGTGCAAGCTCCCGGCATGGTCAAAGACTGGAAGGATAACCGCTCTGTTAACAACGCTATCGGTGACGCTGCGGCTGAGTCCGGTCAGGCGGTAGAAGGCGTGGACCCGAACGAGTACGACGCTGTGCGTGCTGAGATGGGCGGCGGTGACGTGCTGGACCAGATGGTTGAACAGGCATCTCCTGCAATCACTGAAGCTCGCAAGTCTGCCTACATGGAAGCGCGCGCCCAGGGTATGTCTCCGGCTGAAGCGATGGCCGCATCCCGTGAAGTCGGTGAAGTCGACGCTATGGATCAGATGGTCAGCGAACTGTTCGACTCCCCGGACTCCATCTACTATGCGAACAAGGCAAGCGCCACTAACGCACCGCAGTCTGTAGCACAGATGGTACAGCAGCAGGTAGCGCAGGGTGACATTGGTCCGCTTCCGGGCGAGACTAAAGGTCTGCCGTCTCCGGGGCAAACTTCCACCATCGCTATGCCCGGTCCAGTTGCGCAGGTTAAAGAGGCCACTGGCTACAATCCACGCGGTGCGGCTGAAGAGTCTCCGGTACTGGCAGCAGTCCAGCAGAAACTGGAAGCGCCAGCACTGCCGCCGCAGGTTACTGAAGCTGTGGTACCGCCAGCACTGCCGCCTAAAGCTGAAGTGACTCCGCCTGCGTTACCGCAGATTGACGTAGCCGCTGCACTGGAACCTACCGTTCCTGCCGCTGAGCCAGCCGCTGCCGAGGTTAAACCGAAGCCAGCACTGTTTGCCCGTACCAAAAAGAAAGCCGCGCCAGAAGTCGATACAGAAGCACTGGCCGCCGAAGAAGCACGTCAGGCAGAACTGAAGGCGAAAGGTGACGAGGCTGTAGCCAAATACGTTGAGCGTGAATCCGTGCGTCCGGCGTTACCGGGTAAGAAGCCGCCAGCTATTCAGGTCACCAACAAGATCCTGAAGGAAGCCAACGAGCGTGGCGTTGACGTCGGCAATAAAGTGAACTGGAACGGCAAGGAGTATTCCGTCGATAAATTCCAGGGCCGTGCTGTACGTCTGGTTGATGAGAACGGCAACGGTCACATTGTTGATGCCCGTGAAATCAACGTGCCGTCTGTGGTACCGGAAGGTATGAAGCGTGTATCCCAGGAAACCAAAGACGCCCGTGAGCGTTACGACCTGGCCCCTGTAGAGTTCGAAGATGAGCGCAACCTGGGTGAGATGGTTACCGATGCACAGCAGGCGACCGACGATGTACTGGCGCAGTCTGCCGAAGTTCAGCGTGACCTGGGTGAGATGATCGCTGAGAAGGAGAAGGACAACGCCGCAATTGAAGGTGAGTCCACTCGCGTTACCGACGTTGAAGGTCGTGTTGGTTTTGAACCAGTGGAAGGTACCGACCTGGACGGGAAGTATGCGAAAGACTCCCACGGTGAAGTCCGCAAGATTACTGGCGTGCAAGGTCGTCGCTTCGTGCTGGACAATGGCGACATCATGATTCGTCGCATTGGTGACACCAACGTGATGGATGCTCCACCTAAAGGCGCACGTAAAGCGATGTCGATGGAGGAACGTATTGTAGCTAACACGCTGCAAGGTATGCTGCATTCACTGAACGATACCAAGCGTCCGCTAAACAAACTGCGCGAAAACATGTCTCACGCTAGTAATCAGGTTGATGAACAGTACCGCCATCTGTACGCGCCACTGAAGGGTAAGACTCGCGCGGCCATGCGCAAGGAACTGGAAGACCGTATGTCCAGTATCGCTGAGCAGTCACCTAAAGGTCTGAGCAAAGAAAGTCAGGCGACGGCTGACCGCCTGCGTGAGAAGTCTTCCGCACGCGCTGAGTCTTTCGAGAAGTCACTGGAAGATTTCACGCGTGGTATGAAACCGCTGGTACGTCGCAACTACATTCGCGCCCTGGAGAAGATGCAACCGGACGGCATTACCCTGAAGGAAACCATCGACCGTGCGTATGCCCGTGGCGATAAAGTTGACTCCCGTGACATGTCGGCACCAGCCAGACATTACGTGGCCTACAAAGAAGCTCGCGTACCGAAGAAGACTGACAAGCCGGACGTTACCCCGAACGTCGACTATCACACGCTGGTAGGTAAAACTTTCGAGGAAGACGGCGAGACGTTCACCGTCAAGTCTATTCACGACACGTACCTGGCTACCGAAGACTCACAAGGTCGTCGTGAGATTTTCGGCAAGGATTACGCTAAGCGTAAGATCGACAAGCAGTCCGGCGCGGCCAGCGTTAAGCCTGCGACCGAGAAGAAAGGGATGTCACCTGAAGATGTGGCTGTGGTTGCTACCGACTTCCTGAAGAAGTTCAAAGGTGCGCAGGCAATCAACATGTCCGTCATGCAGCGTCAGGAAGACATGGGTATCGACCTGCCGGAAGGTAGCGTACTGCTCGGCTTCTACGATGCTGGCAACGTGAGCGCCAAGCTGATCTCTGAAAACCTGACCAGCAAGGAAGAAGTGGAAGCGCTGTTGCGTCACGAAATCATCGTGCACTACGGCCTGCGCGCTCGCCTGTCTAAACCGGAATACGACGCTGAGATGGATAAAATCCTGGCCGCTGATAAGTCCCCGGCGCTGGCGAAGTATTTCAAAACTGTACGCGAGCAATACAGCGACCTGTATGACATGAACTCACCTGACGCACAACGCATGATGGCTGAAGAAGTCCTGGCGCTGGCGGCAGAAAACCCGGCTATCCTGGAGAAGTCCAACGTCATTACCCGCGTGATTGAAGCTCTGCGTCAGTTGATGATTAAAGCCAAACTGATTGACGGTCGCGCCAGCATGGAGTCAGTACGCCAGCTTATTCAGGCCAATGCTCAGTACCTGCGTGACAACACTGTCAACCGTGACGACGTGCGTAAGTCTCTGCCGCCGATGCAATACAGCGCGCCGAAGAACTTTGCCGCCAGCCTGAAAAAGAAAAATGACATCGAGTCTGCGGAAGTGGACGAAGACATCAAGCAGGGTATGCGTGACACCATGTACCGCGATGACCGCTCTCTGTTCCAGCGCATCAAAGACATCATGAAAGACAACGGTCTGACGATGGAAGGCTTGTATCAGAAAGGCGTGGATGACCTGTACACCATCGCCAAATATGAGAAGGCTGGCAACAATGGTGAACTGCGTCAGGGTAAAGAGTCAGCGTACAAGATGGCAATGCTGGCGAAGAACGTGAACAGCACCGTGGCCGTCGCAATGAACCACGGCGCTCCGGTATACAAAGACGGCGGCATCAGCCTGAACAAGAACACCAAAGGCTTCACCGAAATCTTCAAGCCAGTGCTGGAGATGAAAGGTAACATGCTGCCAGTGTGGGAATACTGGGCGGGTGCTGTGCGTGCTAAGCGCTTGATGGAAGAAGGCCGCGAAAACCTGTATACCGAGAAGCAGATTAAAGACATCATCGACTATGTTAACCGTCGCCCGGAAATGCGTAAGGTGTTCAACCAGGCACACAAAGACTGGCGTGAGTTCAACAAAGCTATCCTCGACTTCGGTGAGCAAACTGGCATCGTGGATCCTGAGCAGCGTAAACTGTTCGAGTCCGATGACTACGTTCCGTTCTACCGTGTGGATGAGGAAGTGGACCGTGTGACAGCACCGTCTGGAAAACGTGGCCTCGCTGATCAGTCTTCCGGTATCCGCCGTCTGAAAGGTGGCGCTGGTAAGATGGACATTCTGGAGAACATGGCGCGTAACGTTAACCACATGATCACCTCCGGCTACAAGAACGCGGCCATGCAGAAGGTGCGTGACATCACCATCAACGCAGCGCTGGAAGAAGTACCGCATAACTTCAAGCCAGTCGGCATCAGCAACGAGCAGATGAAACGTGCGCTGACCAACCTGGGTCTGAAGGTTGAAGGTATGACCGCTGAGCAGATGGCGCAATACTCCAACCTGTTCACCGCAGTAGCACCGCAGGGCGCTAACATTATCTCCGTGCGTGAAGGTGGTAAGCCGAAGTATTACGAAGTGACGGATCCTCAGTTGTTGGAAGCTATCGCAGGTGTTGGCCCGGAAGCCGTTGATACCCTCATCAACATTCTCGGCTGGCCTAAGCGTGTGTTCACCGCAGCCGTGACGTCAACGCCTAACTTCGTTATGACCAACTTCGTACGTGACGTGATGGGTAACTATGTGCAGATGGCTAAAGCAACTGGCCGCAACGAGACGTCAACGATTGTCAAAGATGTACTGACATTCCGTCCGTTCTTTAAAGCGTTCCAGGGTGCGATGCGTTCTATCCGTAACGATAACATGACTGTCGATTACCATGTGGCTGGCGGCATGATGGGTGGTTATGACAACTCACGTCCAGAGTCGGTTGCCAAAAACCTGCGCAAGCTGGAGAAAGGCGGCACCATCATTAACTCACCGAAGAAGCTGTGGGAAATGTACAGCAAGTTGCTGACCGCATCTGAACAGGCCACGCGCATGGGTGTGTACGAAGATGTCCTGAAGCACACTGGGGATCCGGTGGAAGCGGCATACCAGTCTAACGATGTGCTGAACTTCAGCCGCCGTGGTAGCAGTCGTTTGACCAAAGCGGTCATGGCGATCACCCCGTTCCTGAATGCCCGTGTACAGGGTCTGGACCGTATGGTGCGCGGTGGTAAAGAGAACCCGAAAGCCTTCATGCTAAAAGGTGCTCTGCTTGTTGGTGCAACGATGGCCCTTATGGCAATCAACGCAGACGACGAACGTTACTGGGCGCTGCCGGAACACGAACGTGATTCCTTCTGGATCATCTTCGCTGGCGACACTCGCTACCGTATCCCGAAACCGTTCGAACTGGGAGCACTGTTCGGCACTATCCCTGAGCGTGCATTCGAAGCGCTGTACCGTGATGACCGTATGTTCGGTGCACGCATGGGCTTCATGCTGGGTAACACCTTCGCGATGGACTGGCCTCAATTCTTCAAGCCAATCTACGAAGACCAGACCAACATGAACAGCTTTACTCAGCGTCCGGTTGTACCGCAGTCACTGCAACGTCTGGAAGCTAACCAGCAGTACAGCACCACGACGCCGGAATGGATTAAGGATGTGAGTAAGGCGTTACCTGAAGCTGCCCCGGAATGGATGCGTAGTCCGCTGCGTCTCCAGCATATGATTGAAGGTTACACCGGAACAGTCGGTCAGTACATCATCGGCGTAACGGACGTGGCCTACCGCAAAGGAACGGGTACCGAAAAAGTTGCCCCGGCTAAAAAGGATTTTGATTACCCGGTGGTAAAAACTTTCGTACGTGGCGGTGTGTCCGGCGACAAATACACCGACCGTCTGTACCAGATGAGCGAGAAGGCTGGTCAAACGTACGGTACCCTGAAGGCGTACAAAGACCAGAAGAACATGCAGGCGTATCGGGAGTTCAAGACCGAGAAGGCCAGCGTGTTGTCTGCCCGTAAGTCAATTGAGAAAGGCGTTGCCCGGATGCAGAAGTACAACCGCCAGACGAAAGAGATTTACGCGAACGACAGTATGTCACCTGAAGCGAAGCGTGCGGAACTGGACGCCTTACAGGTTAAGAAGAACGAACTGGCGAAAGAATTGAGTGACAAATATTGGATGTTGTTTTAA	MASNIDLSGLDLSQPNQQPATKKSEKTAPAIDLSTVNFDLSDVDFSGIGNEKAVTEPAKEDSWGDVIYKSLAAMPERMQRSWQGIKQGVAVKGQDLTDGVLAERLRNDPSYAAELGIDPATFTAAEGDTYATKLQKNKALYAAIDKAKAAELNKDADFVAARDEGLRLSNEIAKTAPKTGDEWSAKNLVSTILTGAQDMSPAILTSILLKRPVAGLAEMTGQAYGSYYQDSIDKGLSPAEADNRATMFAALEPITEAVPLGLIMKKGATSLTDLGKSAMAEGIQESATQAIQNGYDIGVLDEDMTVGQFLNDVAFSGVTGAGVGGVLHGAVQAPGMVKDWKDNRSVNNAIGDAAAESGQAVEGVDPNEYDAVRAEMGGGDVLDQMVEQASPAITEARKSAYMEARAQGMSPAEAMAASREVGEVDAMDQMVSELFDSPDSIYYANKASATNAPQSVAQMVQQQVAQGDIGPLPGETKGLPSPGQTSTIAMPGPVAQVKEATGYNPRGAAEESPVLAAVQQKLEAPALPPQVTEAVVPPALPPKAEVTPPALPQIDVAAALEPTVPAAEPAAAEVKPKPALFARTKKKAAPEVDTEALAAEEARQAELKAKGDEAVAKYVERESVRPALPGKKPPAIQVTNKILKEANERGVDVGNKVNWNGKEYSVDKFQGRAVRLVDENGNGHIVDAREINVPSVVPEGMKRVSQETKDARERYDLAPVEFEDERNLGEMVTDAQQATDDVLAQSAEVQRDLGEMIAEKEKDNAAIEGESTRVTDVEGRVGFEPVEGTDLDGKYAKDSHGEVRKITGVQGRRFVLDNGDIMIRRIGDTNVMDAPPKGARKAMSMEERIVANTLQGMLHSLNDTKRPLNKLRENMSHASNQVDEQYRHLYAPLKGKTRAAMRKELEDRMSSIAEQSPKGLSKESQATADRLREKSSARAESFEKSLEDFTRGMKPLVRRNYIRALEKMQPDGITLKETIDRAYARGDKVDSRDMSAPARHYVAYKEARVPKKTDKPDVTPNVDYHTLVGKTFEEDGETFTVKSIHDTYLATEDSQGRREIFGKDYAKRKIDKQSGAASVKPATEKKGMSPEDVAVVATDFLKKFKGAQAINMSVMQRQEDMGIDLPEGSVLLGFYDAGNVSAKLISENLTSKEEVEALLRHEIIVHYGLRARLSKPEYDAEMDKILAADKSPALAKYFKTVREQYSDLYDMNSPDAQRMMAEEVLALAAENPAILEKSNVITRVIEALRQLMIKAKLIDGRASMESVRQLIQANAQYLRDNTVNRDDVRKSLPPMQYSAPKNFAASLKKKNDIESAEVDEDIKQGMRDTMYRDDRSLFQRIKDIMKDNGLTMEGLYQKGVDDLYTIAKYEKAGNNGELRQGKESAYKMAMLAKNVNSTVAVAMNHGAPVYKDGGISLNKNTKGFTEIFKPVLEMKGNMLPVWEYWAGAVRAKRLMEEGRENLYTEKQIKDIIDYVNRRPEMRKVFNQAHKDWREFNKAILDFGEQTGIVDPEQRKLFESDDYVPFYRVDEEVDRVTAPSGKRGLADQSSGIRRLKGGAGKMDILENMARNVNHMITSGYKNAAMQKVRDITINAALEEVPHNFKPVGISNEQMKRALTNLGLKVEGMTAEQMAQYSNLFTAVAPQGANIISVREGGKPKYYEVTDPQLLEAIAGVGPEAVDTLINILGWPKRVFTAAVTSTPNFVMTNFVRDVMGNYVQMAKATGRNETSTIVKDVLTFRPFFKAFQGAMRSIRNDNMTVDYHVAGGMMGGYDNSRPESVAKNLRKLEKGGTIINSPKKLWEMYSKLLTASEQATRMGVYEDVLKHTGDPVEAAYQSNDVLNFSRRGSSRLTKAVMAITPFLNARVQGLDRMVRGGKENPKAFMLKGALLVGATMALMAINADDERYWALPEHERDSFWIIFAGDTRYRIPKPFELGALFGTIPERAFEALYRDDRMFGARMGFMLGNTFAMDWPQFFKPIYEDQTNMNSFTQRPVVPQSLQRLEANQQYSTTTPEWIKDVSKALPEAAPEWMRSPLRLQHMIEGYTGTVGQYIIGVTDVAYRKGTGTEKVAPAKKDFDYPVVKTFVRGGVSGDKYTDRLYQMSEKAGQTYGTLKAYKDQKNMQAYREFKTEKASVLSARKSIEKGVARMQKYNRQTKEIYANDSMSPEAKRAELDALQVKKNELAKELSDKYWMLF	1
hypothetical protein CDS	HOV50_gp26	29400	29774	375	forward	ATGGACATGGGATATTACAACATGAACAAGCAAATCAGAGTGGAAATGCTTGTCGGCATGGTGACATTAACGTGGTCAATCGTGGCGGCAGTATTCAAACAGCCAGTCATTATTGATGAGTTAACTGGTATCATGCCTGGCGCATGGTGGGTATTCTCAGGCATTGTAATTGGTGGCGCTCAGATCTATATCTCCCGCAACCCTGAGCGATGGATGGGAACATTCAGCCACTGGTGTGTAGCGTTCTTCAGTTGTATCTTCTGGTGTTATCTCGGCATGGCCGCACAAGCCGCCGCAGTCGGAGTAGTTCCCATCCTGATTTTCTGGTCTACCGCTGGCGTCACTTTATGGGAGTTGGCACATGTTCGAACTTAG	MDMGYYNMNKQIRVEMLVGMVTLTWSIVAAVFKQPVIIDELTGIMPGAWWVFSGIVIGGAQIYISRNPERWMGTFSHWCVAFFSCIFWCYLGMAAQAAAVGVVPILIFWSTAGVTLWELAHVRT	1
hypothetical protein CDS	HOV50_gp27	29761	29994	234	forward	ATGTTCGAACTTAGTTCAATCCCGGTGGACGCTCCGTTACCTTTCATTGCGATCGCAGTGTTATTCAACCTGGTACGCCATGCGTTGAATCTTCACCACGAACGTAAGAAGGAGGCAGCGGAAGAGGCCACGAACGAAAGGATTGTTGTGTTGTCGTCGAAGCTGGCGAAGGCGGAACAGACTATCGAGCACTTGAGGGAAGAGGTGGAACGATTGAAAAACAAAGGGGCTTAA	MFELSSIPVDAPLPFIAIAVLFNLVRHALNLHHERKKEAAEEATNERIVVLSSKLAKAEQTIEHLREEVERLKNKGA	1
hypothetical protein CDS	HOV50_gp28	29991	30191	201	reverse	ATGGCTAAGGGACTCCGTATTACCAGACGTGAAGGTCAGAGCGTCTACATCGGTAACGATATTGTCGTGACGGTAGAGAACTCTGAGAATGGTAACGTCGGTCTACGTATTTCCGCACCACCGGATGTAGGCATTCACCGCGATCTCAATCGCGTACCTGTCGAACTGAAGATTGCAGCGAGTATCAAAAAGGGGCGTTAA	MAKGLRITRREGQSVYIGNDIVVTVENSENGNVGLRISAPPDVGIHRDLNRVPVELKIAASIKKGR	1
putative holin CDS	HOV50_gp29	30184	30417	234	reverse	ATGGACAAATCCAAAGCGCTGCATGACGCTGGTATCACTATCGGTATCGCCGTTACTACCGTGTTGACCACGGTACCTGATGCAGCATTAGTAGTGTGGCAGACTGCCCCGCATTTATTCCAGGCTGTGGTACCGGAAGAATATCTCCCGGTCGTGTCTGGTGTCATTACTTTACTGGTGGCGATCAGTCGCGTCATCAAAGCTAAGAAAGCTAAGGCGGAGAAGAATGGCTAA	MDKSKALHDAGITIGIAVTTVLTTVPDAALVVWQTAPHLFQAVVPEEYLPVVSGVITLLVAISRVIKAKKAKAEKNG	1
putative peptidoglycan domain protein CDS	HOV50_gp30	30474	31004	531	reverse	ATGAGTACAGTACGCGAAATCATTGAAGAGATTATCCGGGTCGAAGGTGGATACGTGGACCATCCGAATGATCCGGGCGGTGCCACCAAATACGGAATTACCGAGAAGGTTGCTCGCAACGCCGGGTACAAAGGTCACATGAAAGATTTGCCGCAATCTACAGCGTATGAGATTTACTACAACGATTATGTAGTGAACACCGGATTCTACGTGGTGGCGGAACTCGACTCAGCAATCGGTGCTGAAGTGGTAGACACTGGCGTGAACATGGGTCCGGCGGTGGCTGGTAAATTCCTCCAGCGTGCGCTCAACGCCGCGTCAGGCGCTGGCCTAGTAGTGGATGGTAAGGTCGGTAAACGTACGATTAATGCCCTGGACGATTTCCTGCGGTTGCGTGGTAGCGCTGGTACGAAAGTATTATTGAAAATGCTTAACAGCCTACAGTGTGTGCGGTATATTGAGCTTACCGAAAGTAACGCCAAAAATCGCTCATTCATTTATGGATGGGTCGCCAACCGCGTGAACATCTAA	MSTVREIIEEIIRVEGGYVDHPNDPGGATKYGITEKVARNAGYKGHMKDLPQSTAYEIYYNDYVVNTGFYVVAELDSAIGAEVVDTGVNMGPAVAGKFLQRALNAASGAGLVVDGKVGKRTINALDDFLRLRGSAGTKVLLKMLNSLQCVRYIELTESNAKNRSFIYGWVANRVNI	1
hypothetical protein CDS	HOV50_gp31	31001	31855	855	reverse	ATGACGGCAAAATTTAAAGTCACCGCGTTCACGGTCGAGAAGGAACTCGACCTGTCGAAGCCGAATGAGGATGCGTACTTCAAACCGTGCACTGCCGGGAACGAAGAAAGCATTGGCCTCATCGCGGCTAACCCTATGCAGGATGAGATGACCTGGGTACACAACGGTATCACCTTCCTGCAATTCCAGTACCAGAAACGCAAGGTACCGGACAAGTGGTTGCGTGCTGAGTTCGCTCGCCGCACCAAAGATAAAACCTTCAACCGTGATGAGGCCAACGCTATCTATGAGCAAGTTAAAGCAGAAATGTGGGAGAATGTACTTCCTTCTAACGACTACGGCTGGGTGGCGTATGATCCAGATCGAGATGCTCTTTTTGTGGGCGCTTCTCCCCGTGTGGTTGAAAAGGTTACGCAACTCTTACGCCAGGCGTTTAACAGCCTGCCGATCGAAAGTTATCTCCAGCCTACGGCGTTTTGTCAAATGGTACGAGCTACGCTGAACATCGACAGGGAAGATGAGCATCCTCTGGAACTGGGCGACAGCCTGGACCTGTACGGTGCTTTCAAAGCTACGGCAACCTTCCGCAAAATGGACAACCTGTCAGGTAACGACAAGGTGTTTTCCACGCTGAAGGACTTCCCGAATGTGCAGGCGGCCAACTTCTCGTACGCTGGTGACGAAGGTTACTTCGCGTGTACCCGGTACACCGACATGGTGGTACCTTACGACAAGGACAAGGAGCTTGATGACTGCGGCGACATCCTGTTGCAGTACGACAAGGCCAGTCGTTATCTTGACATCCTCGCTGAAGTTTGCGAGCCATACGTAACTGAGAAAGGAGCGAAGCTATGA	MTAKFKVTAFTVEKELDLSKPNEDAYFKPCTAGNEESIGLIAANPMQDEMTWVHNGITFLQFQYQKRKVPDKWLRAEFARRTKDKTFNRDEANAIYEQVKAEMWENVLPSNDYGWVAYDPDRDALFVGASPRVVEKVTQLLRQAFNSLPIESYLQPTAFCQMVRATLNIDREDEHPLELGDSLDLYGAFKATATFRKMDNLSGNDKVFSTLKDFPNVQAANFSYAGDEGYFACTRYTDMVVPYDKDKELDDCGDILLQYDKASRYLDILAEVCEPYVTEKGAKL	1
hypothetical protein CDS	HOV50_gp32	31839	32363	525	reverse	ATGGCTAATCAAACTTTAACAAGTTGGTGTGCTGGTTGCGGTACATTTCACAAAGCTGACGAATGTCCGTGGAAGCCTGCGGTCAGTGGTGTGTATGAACACACGTATACACCCAACGCGCCGCACGTTACGTCACCCAACCTTTCTAACCGACATTACCACACGATCACCACGGCTAAAGAATGTTCGCAGTGTGGTGGACCACATTCGGTGGTGTTCTGCCCGAAGGGTACTTATGCGAAAGCTAGTCCGGCTGTATTCAAAGCTGATCCTGCGGTCGAACATGTACCGCTGAAAGACACGCCTGTCAATCCGTGGGACAACCAGGTGGGCGGTCAGCACTATAAGGAAGGTATCCAGCCTTTCGAATATGCAATGGCGAACAACCTGAACAGTCTGGAGTTCAGCGTGGTCAAATACCTGCGCAAGAAAGGCGACAAGGCTGACCGCATTAAGGATTTGAACAAGGCGAAAGACTGCCTGGAAAAATTAATCTGGTGGGAAGAACATGACGGCAAAATTTAA	MANQTLTSWCAGCGTFHKADECPWKPAVSGVYEHTYTPNAPHVTSPNLSNRHYHTITTAKECSQCGGPHSVVFCPKGTYAKASPAVFKADPAVEHVPLKDTPVNPWDNQVGGQHYKEGIQPFEYAMANNLNSLEFSVVKYLRKKGDKADRIKDLNKAKDCLEKLIWWEEHDGKI	1
putative NTP pyrophosphohydrolase CDS	HOV50_gp33	32363	32827	465	reverse	ATGAATGAAGAAAAACTGATCAGCAATATGACAGTTGGCAAACATGGTGAGCCTGCAAACGGTAAATCTATTCCGGCAATTATGGGTGTTGAAAGTAGCGAATCAACCAGCACCGAACTGTACCGCAGTATCCCGTTCGCTATCCTGCAACGTCGCATCCACCGTCAGAATCGTCAGATGGGTTGGTGGGATAAGCCGCGTGAGATGGGTACTCTGTTGTGCCTGGTGCACAGTGAGATCTCTGAAGCGATGGAAGGTGCCCGTAAGAACCTGATGGATGACCACCTGCCTCACCGCTCCATGCTGGAAGTGGAACTGGCCGACGCAATCATCCGCATCCTCGACATCGCCGAAAGCGAAAACCTGGATGTGATCGGGGCCATCATTGAGAAGGTTGCTTACAACCGTAAGCGTGCCGATCATCAACCCGGCGCTCGCGCTGAAGCACATGGGAAGAAATTCTGA	MNEEKLISNMTVGKHGEPANGKSIPAIMGVESSESTSTELYRSIPFAILQRRIHRQNRQMGWWDKPREMGTLLCLVHSEISEAMEGARKNLMDDHLPHRSMLEVELADAIIRILDIAESENLDVIGAIIEKVAYNRKRADHQPGARAEAHGKKF	1
hypothetical protein CDS	HOV50_gp34	32820	32954	135	reverse	ATGGCTATCTTATGGCTTAACGATTTACGGAAGTGTGACGAGCACGGTCATTACAGTGCTAAACGGTGGGGCGAGAAATGCCCTGTGTGTAGTGGGAAAGTTGGTCGTAAAAAGGGGAATGAAAAAGATGAATGA	MAILWLNDLRKCDEHGHYSAKRWGEKCPVCSGKVGRKKGNEKDE	1
hypothetical protein CDS	HOV50_gp35	33014	35179	2166	reverse	ATGGATGCTCGCGATTACACCTACGACATAGAGACGTACCCGAATACGTTTACCTTCAGTGCTCGTCACGTTGCGACAGGTAACCGTTATCGCTACGAAATCTCTGACCGCCGCGATGACCGGGAGAAGATGTTCTACTTCCTGAACTACCTGCGGAATAACGATCAGCGTATGGTGGGATTCAACAACCTGTGGTTCGACTGGGAAGTGGTCCAGTGGATCTATGAGAATCCCTGGTGTTCAGTCGCGGGTATCTACAATAAGGCCATGTCCCGCATCAAAGGTGATAACACCTATCCGATGTGGGCCGACGCTCGCCTCGTCAAGCAGATTGACCTGCTGAAGATTCACCACTATGACAACAAGGCGAAGGCAACCAGCCTGAAGTCGCTTGAGATTGCCATGCGCATGAAGCAGGTGGAAGACCTGCCGTTCCCGGTCGGTACCCATCTCACCAACGAACAAAAAGATATTCTGTGGGTGTACAACGATCATGACGTTGATGCCACCACTGACTTCTATATCAAGTCCTATGACATGATTGCGTTCCGTGAAGAACTATCCGAGAAATACGGGTCGGACTTCATGAACCTGAACGATACGAAGATCGGCAGTGAGGTATTGATTCACGCCCTGGAGAAAGCCGGGGTACAGTGCTACGGCAAACTCGGTGGCAAGCGTGTACCGCGCCAGACTCCGCGCTCACAAATCGTACTGGCCGAGTGCATCCTACCTTACATCCGTCTGGAACATCCGGCATTCCAGATGGTGCAAAACTATCTGATGGCGCAGACAATCAAGGAAACTAAGGGTGTGTTCTCCGACATCCGGTGTACACCTGAGATGGTTAAGTGGATGGACCCGAAGCGTGTGAAGGTCTGGCTGAAGGGTGTTAAGAAGCCGCGCCGCCTGGCGCACCTCCCGGCTGATGTCGACCTGACCGGGGCAAAGTTTGTAGCGGTCAGTTTGCACTGTCGCATCGACGGTTTCAACTATGACTTCGGTACCGGGGGATTGCACGCATCACTACACCGCCAGATTGTGCGTACCGGTAACGGCTTTACCATCGTCGACCTGGACGTGGCAAGTTACTATCCGAACCTGTCAATCAAGAACCGCATCTTCCCGGCGCACCTGTCGGAAGTTTACTGTGACGTATCGGAGTTCTTGTTCAACGAACGTAACCGCGTAGGTAAAAAGACAATGATGGGTGGCGCGTATAAGCTGGCCCTCAACGGTACGTACGGTAACAGCAACAACGAATACAGCGTGTTCTATGACCCGATGTACACCATGAAGATCACAATCAACGGGCAGCTTTCTCTGTGTATGCTGGTTGAGCAATTACTGAAGGTGCCGGGGTTACAGATGATTCAGTGTAACACTGACGGTATCACCTTCCATTGCCCGGACCAGTACCTGGAGCACGCCAACGATCTGCGCGTGTGGTGGGAGCAGGTTACCAAACTGGAACTGGAAGAGAACCGCTATGACCGCTTCTTTATCCGTGACGTGAACTCGTACATCGCTGAGTACAGCGAAGGTTACTACAATCCTGAGAAGCCAGACAGCCGCTACAAGCGTAAAGGTGCATACGAATACAAACGTGAGTGGCATAAAGATCACTCGGCCCTGGTGGTGCAGAAGGCGGTTGAAGCGCGCATGGTCCACGGTGCTGACATGACGTCGTTCATCATCAACCACCGTGACGAGTTCGACTTCATGATCCGTGGCAAGGTCAACCGTGACTCGTCGTTGCATCTGGTTTACCCGGACGGCCACGAAGAGAAGTTGTCCAACACTATCCGGTATTACGTCACGCAGTCCGGCGGCAGCCTGGTTAAGCGCACGGCACCGAAGGGTACGCCCGGAACGTGGAAGCGTAAGAACAAAATCACTGACCAGTATTACGACAGTGTTATTGCTGAACTGCTGGCTGATCCGGCGACACCGTTCCTCAAGCTGGACGCTGCCGGGGTACCGCACGACGAGCGCATCCACACGAAGAATAAAAGTCAGTGGGGTCTGGTAACCGAGGCCAACATGTGTTCCGGTCAGACCGTGGCCGACTGTAGCGACTTCAGCAAGTTCGACTGGAGCAAGGTTAACTATCTGTGGTACGTGTTCGAAGCGTGCAAATTATTAATTGTCGACAAAAAGACTTGA	MDARDYTYDIETYPNTFTFSARHVATGNRYRYEISDRRDDREKMFYFLNYLRNNDQRMVGFNNLWFDWEVVQWIYENPWCSVAGIYNKAMSRIKGDNTYPMWADARLVKQIDLLKIHHYDNKAKATSLKSLEIAMRMKQVEDLPFPVGTHLTNEQKDILWVYNDHDVDATTDFYIKSYDMIAFREELSEKYGSDFMNLNDTKIGSEVLIHALEKAGVQCYGKLGGKRVPRQTPRSQIVLAECILPYIRLEHPAFQMVQNYLMAQTIKETKGVFSDIRCTPEMVKWMDPKRVKVWLKGVKKPRRLAHLPADVDLTGAKFVAVSLHCRIDGFNYDFGTGGLHASLHRQIVRTGNGFTIVDLDVASYYPNLSIKNRIFPAHLSEVYCDVSEFLFNERNRVGKKTMMGGAYKLALNGTYGNSNNEYSVFYDPMYTMKITINGQLSLCMLVEQLLKVPGLQMIQCNTDGITFHCPDQYLEHANDLRVWWEQVTKLELEENRYDRFFIRDVNSYIAEYSEGYYNPEKPDSRYKRKGAYEYKREWHKDHSALVVQKAVEARMVHGADMTSFIINHRDEFDFMIRGKVNRDSSLHLVYPDGHEEKLSNTIRYYVTQSGGSLVKRTAPKGTPGTWKRKNKITDQYYDSVIAELLADPATPFLKLDAAGVPHDERIHTKNKSQWGLVTEANMCSGQTVADCSDFSKFDWSKVNYLWYVFEACKLLIVDKKT	1
hypothetical protein CDS	HOV50_gp36	35189	35869	681	reverse	ATGGAATCCGAAATCATGGCACAACGAATCGCTGCAATACACCTCATCCCCGCCAACTCTGCATTAGGTTCCCCCATTATCGCCGCGTCCATCTCAATCTTCGGTGAAGAGAAACACCGCTACGATTACGTGTTGCAGGACTGGGAGAAAGTTACAGACCACTACGGTGATGACGTTTTCAAAAAGTTCATTTACTCCAACGTGCAGACGCTGGTAAACTCCGGGGCCGAATTGATTGGTGCCAATATGATGGCCTCCCGCATCGTCGGTCGCCAGACTCAGCACCAGTGCAACGCTACTATCTGGCAGAATCACTACGAGTCACACGTCAGCCACTACGCTTATCTGTACGCGGTGACGAACGATAAGAAGCAACTGATGCTGAAGGGTCACAACTTTGATGGTTCGACACTCAACGCGGCCAACCGTTTTGTGGCTGAGCAAGAACGCAGTATCCCGACGATGACCGATAGCCCGGACAAAGGTCTGATGATGCTGGAAGAACTCTTCTACAAAGCTAAGAAGCTGCTGGGGCATGACGTTGACAGTCCGAACGTGAAGATCCTGAAGACTGCCGCACCGTCACTGGCGACACCATCGTTGCCACCGCTACCGGGCGCGCCGTCATTACCACCGAAGCTGCCGGGTGCACCAGGTTTACCACCATTGCCGAAACTGTAA	MESEIMAQRIAAIHLIPANSALGSPIIAASISIFGEEKHRYDYVLQDWEKVTDHYGDDVFKKFIYSNVQTLVNSGAELIGANMMASRIVGRQTQHQCNATIWQNHYESHVSHYAYLYAVTNDKKQLMLKGHNFDGSTLNAANRFVAEQERSIPTMTDSPDKGLMMLEELFYKAKKLLGHDVDSPNVKILKTAAPSLATPSLPPLPGAPSLPPKLPGAPGLPPLPKL	1
hypothetical protein CDS	HOV50_gp37	35897	36208	312	reverse	ATGTACAACGAGAAAGAATTGAAAGCTGCTTTAGAATCACAATACAACGATCAAGCTAAAGTCAAGCAGACCTTGACCGATGAACTTCAGGATCATCTGAATAACATCTCTATGAGTCAGGACCGTATCGAATCTCTGCTTGATGCTGTGTACGGTCGTATCTTCGGCAACAATCCGACAACGGCTGGGACAGTCGGAGAACCTGTAGCTGATGGTACAAGTCTCGTCAGTCTGAACCGTCAAGCGCGCGATCTGTCGGTCAAGTTGAACGAAATGGGCGACAAGCTGACGTACCTGCTTAACAGCCTGTAA	MYNEKELKAALESQYNDQAKVKQTLTDELQDHLNNISMSQDRIESLLDAVYGRIFGNNPTTAGTVGEPVADGTSLVSLNRQARDLSVKLNEMGDKLTYLLNSL	1
hypothetical protein CDS	HOV50_gp38	36255	37331	1077	reverse	ATGGCTATTCAAAACTCTGCTGATCAATTCCTGACTGGTACTGGCATCCTGGTATCAGGCGACCCGTTCCGCGCTAACACCACTGGTTTCCAGGGTGTTGAACTGAAGAACGGTCGTGAGGAATATTTCTGCGCGGTGGCCTTCCCGAAAGACCAGCCAGCGGCCACTCGCTTCGATGAACTGTACGCACTGATGCAACAGGTAGCGGCTACTCACAAATACGCTGCGTCATATCAGGCGACTCAGTGGGTAGGTTTCCACTGGAAGATGGAAGATGGCGACGCTCCGCAGAACGTAGCTAAACCTGGCTGGAAAGGTTGCTGGGTTATCAAATTCAAGAACGGCTTCCAGCCACAGGTGTTCGACGTTGATCAGTCTGCGGTACCGTCTCCGTACAACGACACCATCGGTCCTGACGGTAAGAAAGTGCAACAGCTTAAAGGCGCTCACACTTTCCCGTGCGGCCACTATGTTCGCGTACTGTGCTCTATCAAGTGCAACGACTCAGCGCCACCGCAGTCCGGCATCTACATTAACTTCCACATGATTCAGCGTGTGGGTTACGGTACGCCGATCGTGAGCGGTCCTGACTACACCAGCATTCTGAATCAGGCACCTGCCGCAGCACTGACTGGTATGAGCACAATGCCTGTTGGCGGCGCTACTCCGGCGATGGGTGCACAACCTGGTATGCCTGGTTTACCTGGCGCTGGTATGCCTCCGGCTGGTATGCCTGGTTTACCCGGCGCTGGTATGCCTCCGGCAACTCCCGCTGCTCCGGCTGTTCCGGGCGCTGGTCTACCTCCTGCTGCTCCTGCACCTGCCGCCGCTCCTGCTGTACCTCCTGTTGCGCCTGTAGCACCGACGCCGCAGAGCCGCATGATTGCGACTGATTACACTTACGATCAGTACATCGCCAGCGGCTGGACCGAAGAAGCACTGGTCGCTAACGGTAAGATGCAACCTGCGGCAGCCGCTGCACCTGCTGCACCGATGGCACCTCCGGCTGCACCTGCTGCACCAATGGCACCTCCGGCTGCACCTGCTGCACCTGGCGGACACCCTTACAACGCATAA	MAIQNSADQFLTGTGILVSGDPFRANTTGFQGVELKNGREEYFCAVAFPKDQPAATRFDELYALMQQVAATHKYAASYQATQWVGFHWKMEDGDAPQNVAKPGWKGCWVIKFKNGFQPQVFDVDQSAVPSPYNDTIGPDGKKVQQLKGAHTFPCGHYVRVLCSIKCNDSAPPQSGIYINFHMIQRVGYGTPIVSGPDYTSILNQAPAAALTGMSTMPVGGATPAMGAQPGMPGLPGAGMPPAGMPGLPGAGMPPATPAAPAVPGAGLPPAAPAPAAAPAVPPVAPVAPTPQSRMIATDYTYDQYIASGWTEEALVANGKMQPAAAAAPAAPMAPPAAPAAPMAPPAAPAAPGGHPYNA	1
hypothetical protein CDS	HOV50_gp39	37335	38510	1176	reverse	ATGGAACACTTTATAACCGGACCATCGAGTGCCGAATTGTGGTCGAACTGTAAAGCCTATCTCCAGATGCGCCGCAACTGCCCGGAAGAAGAATCCGGGTACCAGGCCCAGGAAGGTACTACGGCTCACCACTTTTCAGAAGAAGCAATCAAGTGCGGTCATTACGATGTTCGTCAATTCGTTGGACAAGTCTATGACCGCACAGGGATAGAGTGCACGGAAGAGATGGCAGAGTTTTGCAACGTGTACACTGGCCGCGTCAAGCAGTTAGTGGACATGTGTAACGCTTTGGGTGTCGCTGTTGATATTAAGAGCGAGTATCGCGTCGACCTGACGCACATCCATCCGGGCTTCTTCGGCACGCGAGATTTACACGCGATTGCTATTGCCAACAACTGGGCTATCGTGGCAGACCTGAAGTTCGGTCGCACGTTTGTATCGGCCAACGATAACCGTCAGTTAATGTGCTATGCGCTCGACATTGTTCTTCGTTACCCGAACGTGGAGGAAGTGCGCTTTGAAATCATCCAGCCACGTTGCCTCGGCGCAACCGGAGCAATACGTACAGCCACGTATACGCGTGCTGAACTGGAGTTATTTGCAGGTGTGGCGGCAGAATATCAGGCCGCTAATCACAGCAACGAAATCCAGTTAGCGACCGCTGGTCCACACTGTATCTGGTGTGAAGCTATCGGTCGGTGCCGCGCCAATGCTGAGTATGTCATGAGCATGGCTGAGCCAGTGAAGTTTAATCCGAACCTGTTATCCTCGGAAGAAGTTCAGAAAATCATCAAACAATCAAAATTGGTGAAGAATTTTATTGACGGGGCGTACCAGTGGGGATTACAGTTAGCGCGTCAGGGCACGGTGATGAAAGACCTGAAAATGGTCAAAGTAAAATCCAGGGAAGCGCCTAAGAAAAGTTTGACGGTCGAGGAAGCGGCCAAAGCAATTAAGCTGGTGACCGGGATGGAACCAGACATGGACAAGATAGCACCGCGTAAGATTGGGGCGCTGTCAGAAATAAGGAAGACGTACGGTGACGCCGTGGCTAAGATGCTGAGCGAACCGAAAACTGAAACGTTGGCGCTACGTGGTATCGAAGAAGCTGGTACCCCGGAACAAAGCCCAATGATGATTGCGTTGAATCAACCTATTACAAAACTGGAGAAGTAA	MEHFITGPSSAELWSNCKAYLQMRRNCPEEESGYQAQEGTTAHHFSEEAIKCGHYDVRQFVGQVYDRTGIECTEEMAEFCNVYTGRVKQLVDMCNALGVAVDIKSEYRVDLTHIHPGFFGTRDLHAIAIANNWAIVADLKFGRTFVSANDNRQLMCYALDIVLRYPNVEEVRFEIIQPRCLGATGAIRTATYTRAELELFAGVAAEYQAANHSNEIQLATAGPHCIWCEAIGRCRANAEYVMSMAEPVKFNPNLLSSEEVQKIIKQSKLVKNFIDGAYQWGLQLARQGTVMKDLKMVKVKSREAPKKSLTVEEAAKAIKLVTGMEPDMDKIAPRKIGALSEIRKTYGDAVAKMLSEPKTETLALRGIEEAGTPEQSPMMIALNQPITKLEK	1
hypothetical protein CDS	HOV50_gp40	38523	39257	735	reverse	ATGGCTTTTACTATCGAACAAAAATACAACCTGATCGTTGAACTGATTCGCGCTAACAACATGCCTGGCAGCGTTTACGAATTGTTGGAAGCTGATCTGAAGTCAGTATTCGGTGGCGCTGTAGCGAAAGGTCTGACTCCGGTCGGTACCGCTGGTAACCAACAGTCCTTCGCTGATGCTGCTGACGAAGTTGCTGAAGAAGTAGCGCAGTCAATCGGTCAGGAAACGGATGCTACCACGCTGGATAAGAACGGTCTACCGTGGGACTCCCGTATCCACTCTGCGGCTAAGACCTTCAATGCTGACGGCACCTGGAAATATCTGCGCGGTGTTGATCGTGAAGTGCTGGTACCGCAGGTTGAAGCGGAACTGCGTGGTGAAGTTGCCACTGCTGAAGAAGTTGAAGCACCTGCCGTTGCACCGCAGGCACCTGTCGCACCGCAGCCTGGTTTACCGCCGCTGGCTGGCGTAGGTCTGCCGCCGCTGGCACCGCAGGTACCTGTTGCGATCGACTTCCCGGCAATCGCTGATGAGTCCGGTGCTACCGACGAAGCGATGGAACAGACCGCTGCGGCGCTGGCCCACAAGCATGGTGCTGATGCACTGGAAAAACTGTACGGCCTGTTCGGTATCACTGGTGGTAAGACTGCGAAAGACATCCAGTCTGGCTACAAGTTTACCTTCTGGCAGTACGCCACCAACGATGACTTCCTGCGCAGCCAGTCAGTTATCTAA	MAFTIEQKYNLIVELIRANNMPGSVYELLEADLKSVFGGAVAKGLTPVGTAGNQQSFADAADEVAEEVAQSIGQETDATTLDKNGLPWDSRIHSAAKTFNADGTWKYLRGVDREVLVPQVEAELRGEVATAEEVEAPAVAPQAPVAPQPGLPPLAGVGLPPLAPQVPVAIDFPAIADESGATDEAMEQTAAALAHKHGADALEKLYGLFGITGGKTAKDIQSGYKFTFWQYATNDDFLRSQSVI	1
putative helicase CDS	HOV50_gp41	39399	41267	1869	forward	ATGGCAAAACGTACCGCACGCCCCTATCAGGCGAAGGTTATCAATGAGTATTTCACCTGCTTGCACGCAGGCTACAAGGCACCTGTCATCATAATGAGTACGGGCGCAGGTAAAACTTTTTGCTTCACCAGCATAGTTGAACAGATGGTTGCCGCTGGTCACATGTGTATCGTCTTCTGTCACCGTTCAGAACTGGTGCGTCAAATCTCAATGAGTCTGGCAACACAGGAGTTGCATCACGACTTTATATGCAGCGACAAGACTCGCGCCATCTGCGGTAACGTGCAGCAGGCAGAGTTCGGTCGCACCTATTATCGCCCCGGCGCACCTATAATCGTGGCCTCTGTACAGACCGTCAACGCCAGACTTAAAGAAAGTCCGAAGTCTACCCCTCAGCGTAAAGCTATGCGCGAGGCCACGCTTCAGTTATTAATGCGCTGCACCTTTGGTGTATTTGATGAGTCGCACCACCTGACGCGCGACAATACCTTCGGTCGCCCTCTACAATATATGAATCCTCAAGCACGCTATTTGCTGGTAACGGCAACACCGGAACGTGCCGACGGTAAAGGTATGGGCGCGGTATCAATGCAGGGTAGTGGCATCGTCGACGTTGTGATCAAAGGGCCGGAAATGCGCTGGCTGATTGACCAGGGTAACTTGTGCGACTATAAAATTTATGAGCCACCTACGGAACAGGCTGACTTTACTAAGGTGCGCGTGACTGCCAGCGGGGACTACAACCAGCAGGACCAGGCGCGTGAGATGGACAAGGCTAAAATCACTGGCGATGTAGTGCGCCACTACCAGGAACTCATCAATGGAAAACTCACAATTGTATTTTGCTGTGACATCTCCCACGCTCAGTCTGTGGCCAACGCTTACCAGCGCGCAGGGATACCAGCCGCCGTACTCCACGGAGGCGATGATGAATCTACACGTTTCAAGACCCTCCAGGCTTTCGAGCGCCGTGAAATACTTGTGCTCGTTACCGTTGATCTTGTCTCAGAAGGGTTCGACTTACCTGCAATTGAGGCAGCACAATTTCTGCGACGCACAATGTCTTTATCCTGGTTCATGCAAGCGTTCGGTCGTGTCCTGCGCCCGTCGCCCGGTAAAGATTATGCGATTATACTCGATCATGTGGGAAACTGGCGGGAGCATGGCCTTCCCGATAAGCCCCGCGTCTGGTCAATGGCAGACCGAAAAGGCGGCAAGTCTTCGAGCAGCGATGATGACACAGTTCCGGTTACCCGTTGTCGTGTCCCTGTCGACAAGTCCGGCAGGTTCACACCTGAGCAATGCGCCGTCATGTCAGCCGACGAGCAACTCAACAACGGAATCAGACCATGTGGATACATCTACGAAATCACCGAGCCACGCTGCCCCGATTGTGGGTGTCGACAGCCACTGGCCCCGCGAGGTGAACCCGTCATGGTTAAAGGTCAATTAGTAGAAGTGTCTGCGGAAGAACTGGCGAAGATGCGAGCGGGTGACGATTCCATCAGCGACCAGGCTGCGGTATGGCGTCAGGAGATTCAGGAAGATTTACTCAAACTGAAGATGTCACCGGAAGAATACGTAGCCCGGATGCACGTACCCGCCGTTGCTCATACTACGCAGATCAATAACCATCGCCGCTGGCGTGCAATGCAGGCCACACTCAAGCCATTGATGGATGAATGGATGGAGTACCACCAGAAAGGTGACGTGCACAAGGAAGCCGCACAACAGCTTTTCTTAAACCGCTTCGGCATCAACGTCTACTATGCGCAGGTGCTGAAACCTAAAGAGTGTTTTGAACTGATTGAGAAAATCAAAGCACACCTCGAAGAGATTCATGCCAAAGGAGGCTTGACCTATGCGTAA	MAKRTARPYQAKVINEYFTCLHAGYKAPVIIMSTGAGKTFCFTSIVEQMVAAGHMCIVFCHRSELVRQISMSLATQELHHDFICSDKTRAICGNVQQAEFGRTYYRPGAPIIVASVQTVNARLKESPKSTPQRKAMREATLQLLMRCTFGVFDESHHLTRDNTFGRPLQYMNPQARYLLVTATPERADGKGMGAVSMQGSGIVDVVIKGPEMRWLIDQGNLCDYKIYEPPTEQADFTKVRVTASGDYNQQDQAREMDKAKITGDVVRHYQELINGKLTIVFCCDISHAQSVANAYQRAGIPAAVLHGGDDESTRFKTLQAFERREILVLVTVDLVSEGFDLPAIEAAQFLRRTMSLSWFMQAFGRVLRPSPGKDYAIILDHVGNWREHGLPDKPRVWSMADRKGGKSSSSDDDTVPVTRCRVPVDKSGRFTPEQCAVMSADEQLNNGIRPCGYIYEITEPRCPDCGCRQPLAPRGEPVMVKGQLVEVSAEELAKMRAGDDSISDQAAVWRQEIQEDLLKLKMSPEEYVARMHVPAVAHTTQINNHRRWRAMQATLKPLMDEWMEYHQKGDVHKEAAQQLFLNRFGINVYYAQVLKPKECFELIEKIKAHLEEIHAKGGLTYA	1
hypothetical protein CDS	HOV50_gp42	41396	41806	411	forward	ATGTCACAAGCAGAGAAAAAGCTATTCGACCACAGCGCGATGAAGATGCAGCGCGAGTACAAAGGATTGTTGTATCGCAACAACTCCGGCGCATTGCCAGACCGCAACGGTACGCTCGTTCGCTTTGGACTCGGTAATGACTCCAAGCAACTCAACGAAGTATGGAAGTCACCCGACTCCATCGGCGGCACGCCAATCACCATTACGCCTGATATGGTAGGTCGCACGTTTCTTGTGTTAACCGGATTCGAATTTAAGAAACCAGGCTGGCACATGACACCGGGAGACAAACGAGCGAAAGCCCAGCACGCCTGCATCCTCGACTGGCGACAGGCAGGTGGTATCGCAGGTTTCGTAACCGACGTTACCCACATCGACTACTACATTCAGGAATTTAAAAATGGCAAGTAA	MSQAEKKLFDHSAMKMQREYKGLLYRNNSGALPDRNGTLVRFGLGNDSKQLNEVWKSPDSIGGTPITITPDMVGRTFLVLTGFEFKKPGWHMTPGDKRAKAQHACILDWRQAGGIAGFVTDVTHIDYYIQEFKNGK	1
hypothetical protein CDS	HOV50_gp43	41796	41990	195	forward	ATGGCAAGTAATAAAGAGTTACACCCGAACAATCAGAAGCTGGCCGAACTTATCGAAGAATTTGGCTTTGAAAAAGTGATGGCCGCTACCGGATACAAGATCAGCACGTTGGCGGTATACATGAAAGGCCATTGCGGTGTTATCCCTGACGCGCGCCTGAACATTGCTATCACGGTACTGAACTCTAATAAATAA	MASNKELHPNNQKLAELIEEFGFEKVMAATGYKISTLAVYMKGHCGVIPDARLNIAITVLNSNK	1
putative primase CDS	HOV50_gp44	42000	44420	2421	forward	ATGACCTATAAGCCTGAACAGGCGCAGTTGTTTTATGCCGCGCTAACTGGAATGCAAAACCCGCCGCTCGTCTGGCAGTGGTTCTGTGACTATGACAAAGAAAGACGCGACCTGGCTGGCTGGGAATACGCGTACATGAATCCGGCAAAGCTGGCGGACCTTCAGGCTCGCGGTTGCGGCGTGTTCACATCTGTCAACGGTTCGACTACAGGCGGTCGTGGTAAGAATGACATCGACATCTTCCGTGCAGTGTTCATGGATAGTGACGGTGCTCCGTTCCCGGATCAGTGGCCTGTTCCGCCACACGCTATCGTCAAGCGCGACGACACGCATTATCACGCCTACTGGTTTATCGACGGTGACTGCTCCGCTATGGAGTGGATGATCGCACAGAAGCAGATCGCTCTGCACTTCGGTAGCGACGAGTCAATGGTAAACCCTGACCGCGTTATGCGTGTACCGGGATTCCTCCACCAGAAGTCTCTGGACAACCGCGTTCTCTACGAACTGGCGGAACTCCACGCTGACATGCCACGCTACAAACTGCGCGACGTTATCTCACGCTTCACGTTAACCGACGAGAAGATGATGAAGATGGGCGAATGGGTGCGCCAGCGCAGCGCTCAGTACGTGGGCGGCATGGATGACTTCGACGACAACGAGCACAACTGTAAACAGTTTATCACCTATCTGAAGAACCGCGCCGAGCAATCCATCAGCGGCCAGGGTGGTAACCATGTGCTGTTTAAGACTGCCGCCGCCGGACGTGACTACCAACTGTCACCGCAGAAAACCTACGAGTTAATGCTGGACTACTGGGACGCCAACAACGAACCGCCGTGGGGCGATGAGATGTGGCCGACCGTCCAGAACGTTTACAAGTACAGCCAGAATGGTGTCGGTGCGCGCTCGTTCGCTGCACGTCTCACTGAGCAGGCCGCTATGCTGCCAGGTATGTCACTGACTCCGGTTGAGCAGGCTATCTATATGCCGGAAGCGCCAGTCGTTGACGAGAAACAACAGATGGCTGAGTCGGTAGCACGCCTGGCCGCCGCTATTGAGTCCGGCGATGACAGCATGATGCAACCTGACGACATGGTTTACAGTTCCAACCATACGCGTAACGCCATGCTGTTCATGTGGCTGCATTGCCGCAAGGGTGAGTACCTTGTGGATGACGGTATCATGTACCAGTTCAACGGTAAAATTTACGAAGCACAAGCACCGGACTTTCTGAAGGTTAAGCTGGCTACCGAGATGCAACTCAGCTTCCCGTCTGAGTCAACCATCAACGGTACCGCCAACCTCATCAAGCTGTTGCTGGCACGCTCTGCTCCGTCCAAATGGCCTGAGTGGAAAGGTGATCCCGACAAGGATACGTCCGGTTTGATTTGCTTCAACAACGGCATCCTGGATATTAACGAGAATCTCTGGTATGAGCACACGCACTTACTGCGTATTCGTACCATTCTCCCGTTTGATTATGACTATAAGGCCACTTGCCCTACGTGGGAAAACTTCCTGCGTGAAGTGTGGGGTAACAGTAAATACGAACCGCTGATTGAACAGTTACAGATGTGGTTTGGCTATATGCTTATGGATGATACCAGTCAACAGAAGATGCTCATCATGTCCGGTACCGGGGGCGCTGGTAAGTCGACCATCATGCGTACGCTTAACAAAATGGTAGGCGATTACAACTGCGCGTTCCCTAACCTGAACGGTTTAACTAAAGATTCGCAACTGGCCGCTTTATTCGATAAACCTGTGGCAATCCTGAACGACGTATCTGATCCGTCTCCATCCAACGCTACCGCAGTAGTTGAACGTATTAAAGGTATCGTGGGTCAGGATAAATTAACGATTGACCGCAAATACCTGACGTCGATTGAGGTCAGTTTCCGGTGCCGTCTGAACGTTACCTGCAACGCCTTCCCGCGTTTGTCGGAATCATCGAACGCTATGCTGCGTCGTGGTCTGTTCTTCACAACCAAGCGTTCGTTTGTCGGCAAGGAAGACATGACACTGGAACCTCGTATCGACAAAGAGATGACTGGTATCATCAACTGGGCGATCGCAGGTATCAAAAAGTTACAGAAGATTGGCAAGCTGGAAAACCACCCTTGCATGAATGACGATATTGAAATCTTCCGCATGTTGACATCGCCGCTTGAAACGTTCGTACAGGATGCACTGGTATACCGCGAGGATGCTTACATTACCATCCCTGATCTGTGCAAACGTTACAAAGCGTGGTGCACACTGAACGAAGGATCGCGCATGTTCAGCAACCAGTCACTGATAAGTAAGATCGGTGTATTCCCCGGCTTGAGTCTGGCGAAACGTGGCCGCGACTATGTACTGGAAGGTGCTTACCTCCGACCGGACGATGAACCAGACAACGGAGTGATTTACGAATGA	MTYKPEQAQLFYAALTGMQNPPLVWQWFCDYDKERRDLAGWEYAYMNPAKLADLQARGCGVFTSVNGSTTGGRGKNDIDIFRAVFMDSDGAPFPDQWPVPPHAIVKRDDTHYHAYWFIDGDCSAMEWMIAQKQIALHFGSDESMVNPDRVMRVPGFLHQKSLDNRVLYELAELHADMPRYKLRDVISRFTLTDEKMMKMGEWVRQRSAQYVGGMDDFDDNEHNCKQFITYLKNRAEQSISGQGGNHVLFKTAAAGRDYQLSPQKTYELMLDYWDANNEPPWGDEMWPTVQNVYKYSQNGVGARSFAARLTEQAAMLPGMSLTPVEQAIYMPEAPVVDEKQQMAESVARLAAAIESGDDSMMQPDDMVYSSNHTRNAMLFMWLHCRKGEYLVDDGIMYQFNGKIYEAQAPDFLKVKLATEMQLSFPSESTINGTANLIKLLLARSAPSKWPEWKGDPDKDTSGLICFNNGILDINENLWYEHTHLLRIRTILPFDYDYKATCPTWENFLREVWGNSKYEPLIEQLQMWFGYMLMDDTSQQKMLIMSGTGGAGKSTIMRTLNKMVGDYNCAFPNLNGLTKDSQLAALFDKPVAILNDVSDPSPSNATAVVERIKGIVGQDKLTIDRKYLTSIEVSFRCRLNVTCNAFPRLSESSNAMLRRGLFFTTKRSFVGKEDMTLEPRIDKEMTGIINWAIAGIKKLQKIGKLENHPCMNDDIEIFRMLTSPLETFVQDALVYREDAYITIPDLCKRYKAWCTLNEGSRMFSNQSLISKIGVFPGLSLAKRGRDYVLEGAYLRPDDEPDNGVIYE	1
putative N-6-adenine-methyltransferase CDS	HOV50_gp45	44417	44911	495	forward	ATGAAACCTTTCTACGCAAGCAAGACACCAAAGGAGTTACGCGATTGCTGGGGTACGCCCCAGTGGTTGATTGACCGCCTGTCGCTGGAGTTTGATTTCGCAATCGACGCGGCGGCAGATGAGCACAACAGAAAGTTCCCCCTGTATTTCAAGCAGGGATTAGGCTTTAACTGGGCGGACTTCTGCCCGGAAGGTAAATGGGTATGGAACAACCCTCCGTTCTCCTTAGTGGACCCGTGGGTGGATCAGTGGATACAGTGCAGCGAATCGGACCGTGGTGTGGTGTCAATCGTCAACGCACAGACTGCCGCTCGCTGGTTTCACAAGGCGCTGGAGGCTTGCTCGGAGGCCAGGTTTAGCATCGGGCGTGTGGCCTTCATTCATCCCGTTACCGGAAAGCGTGTAGCCGGAAACAACCTGGGGCAAGTGCTGTTCGTGTTTGAACCGGGCAAGCTGGGCGAAAAAAGAATTGGCACTTTCAAAGGAACCAAGTAG	MKPFYASKTPKELRDCWGTPQWLIDRLSLEFDFAIDAAADEHNRKFPLYFKQGLGFNWADFCPEGKWVWNNPPFSLVDPWVDQWIQCSESDRGVVSIVNAQTAARWFHKALEACSEARFSIGRVAFIHPVTGKRVAGNNLGQVLFVFEPGKLGEKRIGTFKGTK	1
hypothetical protein CDS	HOV50_gp46	44939	45127	189	forward	ATGAAAATCACACCACTGAAGGAATGGATTGAAGGTCACCGCTCGTTAACGGCTGCGGCTGAAGTGCTCGACGTTCCAAAACAAAACCTGTCGTTTGCTTTGAACAAAGTGAAGGGCGCTACGTTTGTGCTGGAGGAAGACGACGGGACACTGCGGTTGTTACGTGAGGTTGCAAAAAGGGGCGCATAA	MKITPLKEWIEGHRSLTAAAEVLDVPKQNLSFALNKVKGATFVLEEDDGTLRLLREVAKRGA	1
hypothetical protein CDS	HOV50_gp47	45141	45323	183	reverse	ATGTTTTATGCTGCGGGTTTAATGTTGATAGCGATCATCGCGATGGCTTTATCGGGGATAGTAAAGTCTTTCAAAGCTGTGGTGAGTGATACCGATAATGCAACGATTTTATTTTATGCGGGTGCGACTATTTTCCTGGTAGGTCTGATTATAGGATGTGTGCAACTGCTGATATTAATGTAA	MFYAAGLMLIAIIAMALSGIVKSFKAVVSDTDNATILFYAGATIFLVGLIIGCVQLLILM	1
hypothetical protein CDS	HOV50_gp48	45333	45584	252	reverse	ATGTCAAATGAACCTAAACATATCGACCTTTGCGTTAACCCAAACGGGCTGGGAGACGTGCTGAGCGACATGCTCAGTATCGTAAACAGTGACCGCAGTCAGGGAGTGTTTGCTGTACTGGGTGTGGTTGACGGTGTGCAACTGGTGCTGGCGGCGAGTGATGTCGAAGAGTATCAGGTGCATGATGAAGAACTGGAGATTCAGCTTGATGATCCGGTAATCTTTGAACAACTCAAACTGACATTTCACTGA	MSNEPKHIDLCVNPNGLGDVLSDMLSIVNSDRSQGVFAVLGVVDGVQLVLAASDVEEYQVHDEELEIQLDDPVIFEQLKLTFH	1
hypothetical protein CDS	HOV50_gp49	45574	45888	315	reverse	ATGACCATCCTTTTAATCGACGGGCCGCGAGTAGGTGATCGTGTTGCCAATTTACCAAAGGGTTATCACTGCTGCTTTCATCTTGATAACCACCCGGACATAGCCAGCTTTAACCGGGAGTACGACCGCCACAAATTCATTGTCGACCTGATTGACGGCGTGGAAATGATGACGGACACCAACACCGCGATCAACGTGGTGAATCAAGCGCGACACGGGAATCTGACCGTACTCGCAAAGCATGTGGTGGATCTCATTGTCGCCACAAACGAAGCAATCATTGACGCACAGGAGGCCAGCCGCCATGTCAAATGA	MTILLIDGPRVGDRVANLPKGYHCCFHLDNHPDIASFNREYDRHKFIVDLIDGVEMMTDTNTAINVVNQARHGNLTVLAKHVVDLIVATNEAIIDAQEASRHVK	1
hypothetical protein CDS	HOV50_gp50	45885	46136	252	reverse	GTGGCAATTAAGGTATTCACACCGGGCGAAGACTACCAGATGGCGCAACACAAGGTTAACGTGTTCGGTCGTTACCTGCTATGCTGTATAGCATCGGCTGACGCACCTGTAACGTTCGATGAACTGGCCTCCTATACCGGCTACGACAAAGAGCATGTGCGCAAGGCGGTGAAGAAACTTGAAACGGCTGGAGTCGTTACCATTCACAGAGGCCACCGGGAGGCCGCGCTAATTAAGGCGAGCTTTATATGA	MAIKVFTPGEDYQMAQHKVNVFGRYLLCCIASADAPVTFDELASYTGYDKEHVRKAVKKLETAGVVTIHRGHREAALIKASFI	1
hypothetical protein CDS	HOV50_gp51	46126	46746	621	reverse	ATGAAAACTATCACCCTTACTTTTAATGAAGCACTGGTCCTGATCGCCGAAGGTATGACGATGAATAACGTCAAGTCGCTGGCTAACAAGCTGCGTAACGCTGACGCCCCGGCACCTGTAATTTATCCGAGCAACGACGCGTATAATGATGCTCTTAAGCAAGTGGAGATCTTAAAGCAAAACCTGAAGTCATTAAATCAACAAGTGTATGACTATGAGCGCGCACTGGAGAAAGCCAAACAGACTGAAACCACTCTGCGTGATGAGTTGAGAAACAGCGGTGAGCGTAACACCCGTCTGTGTCGTAGAGTAGAAGACCTGGAAAACGACGCTAAACAGGACGACGAATCCCTGAAGTATTTCCGCAAGTGGGTTGAAGGTCTGCGCGTGGCGACGGATGCCGACAAAGGGTTAGCAACTGCTGGCGTGTTCAGTCAGGCTATAGAAATGATTAAAGAATCCAACCGTCTCGGTGACAGAGTTGTTGACCTGGAATCTAAACTTAACAAAGCCAACGACGTGATCGCCACGGTCAAAGCTGCGTATGATGCCGATGATTTTAATGACGACAAAATCAGTTTGATAACCAGCGCAGTGGAGGCTTACTACCGTGGCAATTAA	MKTITLTFNEALVLIAEGMTMNNVKSLANKLRNADAPAPVIYPSNDAYNDALKQVEILKQNLKSLNQQVYDYERALEKAKQTETTLRDELRNSGERNTRLCRRVEDLENDAKQDDESLKYFRKWVEGLRVATDADKGLATAGVFSQAIEMIKESNRLGDRVVDLESKLNKANDVIATVKAAYDADDFNDDKISLITSAVEAYYRGN	1
hypothetical protein CDS	HOV50_gp52	46743	47009	267	reverse	ATGTTCAGATTCCAAATCAATATCCTGCGTGAAGCAGAAGCAACCTACCACATCAAACGTGAAGCCGCTGGCTACTACGTTGTCGATGACAATCACCGTCGTATCACTCAAACCACACCTGATAAGGAGCAAGCCGTGATCTGGTTGCGCGTAATGGTCGTGCGCCTGGCATTGAAGAAACTCAAATTACCTGTATCCCCGACCGCCGGACTGCTGGCGGCCAACACCTACTCAGCATTTGCCTACGAAGTGGAGCGCGTTAAATGA	MFRFQINILREAEATYHIKREAAGYYVVDDNHRRITQTTPDKEQAVIWLRVMVVRLALKKLKLPVSPTAGLLAANTYSAFAYEVERVK	1
putative PhoH family protein CDS	HOV50_gp53	47079	47774	696	reverse	ATGAGTAAGAAACGCAACACCGCTGAAGTTGTAGAGTTCAACACCAACCCTTCCCCCGTCACCCGCGCAGACAAATCGCCGATTGAACCGCGCACCGTAAATCAGGAATCCTATCTTGAGGCCATCCGAACTAAGTCACTTATATTTGCGAGCGGCGAGGCTGGGTGCGGTAAAACGTTTATTGCAGCCTGCAAAGCTGCGGAGTATCTCACCGATAAGATTGTCGAACGCATCGTTGTCACACGTCCCGTACTCAATGCTGACGAAGACATGGGCTTCCTGCCGGGAGGTCTGGCAGAGAAGTTTGATCCGTACTTCCGTCCGGTTAAGGACACGCTGATTAAACGCCTGGGCGAGACGCATTTCAAATACTGCATGGAGCACGGCAAGATTGAGATTGCACCGTTCGCCTACATGCGGGGTCGCAGCTTTGACAATGCGTTTATCATCCTCGACGAAGCGCAGAACGTCACACCTAAGCAGATGAAACTCTTCCTGACGCGTATCGGTGACAACTGCATCGTGGTCGTTAACGGTGACATCACTCAGTGCGACTTACCGAAGGGCGTGCCGGACGGACTCAGCGATGCGTTAGCACGGTTCCAGGACTCTGATGACGTTCAGGGTATTCTCTTCCACAAAAATGATTGCGTTAGATCACATATTTGTAGACTCGCGTTAGAAGCCTACGAATAA	MSKKRNTAEVVEFNTNPSPVTRADKSPIEPRTVNQESYLEAIRTKSLIFASGEAGCGKTFIAACKAAEYLTDKIVERIVVTRPVLNADEDMGFLPGGLAEKFDPYFRPVKDTLIKRLGETHFKYCMEHGKIEIAPFAYMRGRSFDNAFIILDEAQNVTPKQMKLFLTRIGDNCIVVVNGDITQCDLPKGVPDGLSDALARFQDSDDVQGILFHKNDCVRSHICRLALEAYE	1
hypothetical protein CDS	HOV50_gp54	47820	48020	201	reverse	ATGGGTAAATACTTTGGTCTTTTGGCAGTGTTAGGTCTTTGGATAGTGTTCATCGGCGGCTGGATCGGCTGGTTCTTGAACCTGGTACACTGCCTGGCGTATATTGGAGGTGGTAACGCGTCCGACTCCACTGCTGAAACTGTCATACGCATCGTGGGCATTTTCACCTGGTTGCCGGGGGCGATTGCTGGCTGGATGTAG	MGKYFGLLAVLGLWIVFIGGWIGWFLNLVHCLAYIGGGNASDSTAETVIRIVGIFTWLPGAIAGWM	1
hypothetical protein CDS	HOV50_gp55	48013	48501	489	reverse	ATGGCAATCACCTGTGACACACTGGACGAGGCCATCAAGCAGGCTGAACGTATGTCTGCGGTGCTCAACAAACCTTACTGCGTCGTGACGCACAAAGGAAAATATCGGGCGGTCCAGCGTGTCAACCATCGTTACAAACATCGGGTAGTCTGGCAGAACTGGCAACCTATCGAGCGGTACCGGGTACCAGTAGCAAACACGCCGATGAACAAAATGATCGTCGAGCGTAAGTCGCGTGTCGAAGCTGCCAAACTGCTGGGGATCCTACCGCGCCAGCTTGATACGGTGCGCAAGAAGTACGGCTGGAAAAGTCCTGAGAAGGGCGTGAAGGTAGACATCAATCATCTGCGTAAAGCGATGCTAACCATGACCGCCAGCGATTACGCTGCTGTAATTGGGGTGTTTTCATCACGCATTTATAAACTGTGCAAACAGCACAACATCACGCGTCACGTTACGCGGCCACGGGGGAGTCGTAAAAATGGGTAA	MAITCDTLDEAIKQAERMSAVLNKPYCVVTHKGKYRAVQRVNHRYKHRVVWQNWQPIERYRVPVANTPMNKMIVERKSRVEAAKLLGILPRQLDTVRKKYGWKSPEKGVKVDINHLRKAMLTMTASDYAAVIGVFSSRIYKLCKQHNITRHVTRPRGSRKNG	1
hypothetical protein CDS	HOV50_gp56	48501	48692	192	reverse	ATGAGCTTATTTAAAATGCTGTTCGGTAACGCTTTCTCTACACCTTTCGCCGCTGCTCTGCGTGACCTGGCACCACCGCAGCGCACCGAGATCGTATCGTACACGAAGCGCTATACCCGTAAAGGTGTTCGCATCATTCCTTTAGAAGTTCGTGCACTCCCTGGCCGTAGCCGTGGTAAGGCTCGTCGCTAA	MSLFKMLFGNAFSTPFAAALRDLAPPQRTEIVSYTKRYTRKGVRIIPLEVRALPGRSRGKARR	1
putative exonuclease CDS	HOV50_gp57	48761	49390	630	reverse	GTGAGTAATATTCACGTAATGGCAGACGTTGAGAACCTCAGCGTTGAGCCAAACGGTCCAATCCTTACCATCGGCCTGGTAGCGTTTGACATTACCAGCGGTGAGATTGTGGCAGAGTTTTACGAGCGCATGGACCGCAACCTGGCGCAGAAATACGGCACGCCCAGCCTTTCTACCCTGAAGTGGTGGGAAAGTCAGGACGAAGCGGCCAGGGCTGAAGCGTACAACGGTACCAGCGACCCGCGCAACGTGGCGCGTAGCCTGCGTGAGTGGTTCTATAAATACAACCTGGGCAACTCCGGCATTTGGGGTAACGGATCGGTGATGGACATCGCCCAGCTTGAATGGTGGCTACGTCAAACCAACCCTGTGATCAGCACGTATGGACATCAATACCCGTGGAAATACTGGAATATCTACGACATGCGCACAATCATGATGCTTGCAGGTATGCAGATGCCCCGCACGCGTCCGGCACATATCCAGTATCATAACGCGCTGCATGATGCCCGGTACCAGGTTGAGTGGGTGTGTAAGGCTTACGCCAAACTCAATAACAAACCCGCGTTACCGCCGCAATCGCAAGACGTGTGGCCGCCGGATGTAGATTCATTCATTAGCGCGGATTAA	MSNIHVMADVENLSVEPNGPILTIGLVAFDITSGEIVAEFYERMDRNLAQKYGTPSLSTLKWWESQDEAARAEAYNGTSDPRNVARSLREWFYKYNLGNSGIWGNGSVMDIAQLEWWLRQTNPVISTYGHQYPWKYWNIYDMRTIMMLAGMQMPRTRPAHIQYHNALHDARYQVEWVCKAYAKLNNKPALPPQSQDVWPPDVDSFISAD	1
hypothetical protein CDS	HOV50_gp58	49387	49626	240	reverse	ATGAAAACAGTAAATTATTACGGTCACGATGTCGATGTACCGGATAACGCTACACACCTGGCGGCTGACAGTGACGGGACTGTTTACGCGTTCGTCGGCGAACCTAAGCTGCGTAATTTTATCTGGTGGCCTGAAGACGGTCTGTTAAGCGGTATCGGTACGTGCTTTGACACCGACTGCCCCCAACTTGAGTTGCCACCGGGTGAATGGCGCGACTCACTGAAGGAGATTAAACCGTGA	MKTVNYYGHDVDVPDNATHLAADSDGTVYAFVGEPKLRNFIWWPEDGLLSGIGTCFDTDCPQLELPPGEWRDSLKEIKP	1
hypothetical protein CDS	HOV50_gp59	49623	50117	495	reverse	ATGATCTACATCTGTGATTTAGACGGTACCCTGTACGACAATCGCCACCGCGCGCACCTGATGCCAACTGGCGACAACCGCAACAGCACCGAAGCCTGGGCGCAGTTTAATGGTGCGTGCCGTGGTGATAAGCCGATCCCTAACATGTTGGCTATTATCAAACAACTGTTAGCCAGTGGCGAAGATGTGCGATTCCTCACCGGGCGCGGTAAGTCTGCCTACCTGCCGACGATGGACCGCCTGCATAATGATCTGGAGTTGAGCCGCACGCTCATTAAGTTGCAGATGCGACCGATGGATGACCACCGCAGCGCGGAAGAGTTCAAAGCTGATGCCCTGCTCCGCCTGCTGAAGACCTACGGCACTGAGAAATTTACGTGCTTTGAGGATGACCCTAAAGTTTGCGCAGCATTCGAAGCGCTTTCGGACCGGGTGATCGTGGTGCAGGTTGATAGCCTGTGTGCTGCTGTACTGGATGGGGAGAGTAATAAATGA	MIYICDLDGTLYDNRHRAHLMPTGDNRNSTEAWAQFNGACRGDKPIPNMLAIIKQLLASGEDVRFLTGRGKSAYLPTMDRLHNDLELSRTLIKLQMRPMDDHRSAEEFKADALLRLLKTYGTEKFTCFEDDPKVCAAFEALSDRVIVVQVDSLCAAVLDGESNK	1
hypothetical protein CDS	HOV50_gp60	50173	50352	180	reverse	GTGGTGTATATCAGGGAGCCTTCACCGTCACTGGTGATGCACGAAGCTATACACTCAGCATGGGATGTTTTAAATCACGTAGGGATCAGGGTTGACCATGACAACCATGAAGCACTAACCTACCTGGCCGAGTATATTTTTACGGAGACTTTAAAGTTATGGAACAAATCATCGCGTTAA	MVYIREPSPSLVMHEAIHSAWDVLNHVGIRVDHDNHEALTYLAEYIFTETLKLWNKSSR	1
hypothetical protein CDS	HOV50_gp61	50430	50699	270	reverse	ATGATGCGCGGCTATGTGCTGACGGTCGAGCTTAAAGCGGGTGCGAAGCTGTACCACTACCCGCAGCAAGTAGGCGGCCACCGCTGGGCGCTGACGGGGGCGAAGGTTGTTCCCGCCAGTCTTGATGAAACGTGCGACCAACTGGTGAAAGAAGGCTGGCTGGTACCGGGCGATGAGCGAAACGAGTGGGTACTATGGCAGACGGCATCATCAAATTCAAAATCTACCCCGGAAAACTCCGGGTCTACTTCAGTCTTGAAAAATACCTGA	MMRGYVLTVELKAGAKLYHYPQQVGGHRWALTGAKVVPASLDETCDQLVKEGWLVPGDERNEWVLWQTASSNSKSTPENSGSTSVLKNT	1
hypothetical protein CDS	HOV50_gp62	50696	50980	285	reverse	ATGAAATACATTATTATGATTGTGGCTGCATACGCGGCAATGGCTGTAGGCATGAACGTAGCACACGCTAACATTAAAACTCACAAATACAGTTTCACCACAACGTATATTGTGACGGAAGCCGATAAGATTCCGGCGTGCATTATCTCCGGCGGTGGGATGCCACTGGTCACACCAAACACCTGCGATCGTGCTGTACGCATTATGGCGCAGCTGATCCGCAAGGATGACCCGACGGCAATCCTTGACTTCACTCTGGACGGTCTGGAGTTAAGCAAGTCATGA	MKYIIMIVAAYAAMAVGMNVAHANIKTHKYSFTTTYIVTEADKIPACIISGGGMPLVTPNTCDRAVRIMAQLIRKDDPTAILDFTLDGLELSKS	1
hypothetical protein CDS	HOV50_gp63	50977	51243	267	reverse	GTGAACGTAAACGAAGCACTGAGTATCGCACCGGAAGGCTGGGAACTGATCAGCTTTGACAATATGGGTGCATGTCAATACAAACGCGATTCGCATTTACTGAAGCGTTATCGTAACGGTACATGGGTATGCGTTGCTCGCGCTAACGATGAACGTGAGTACGAAAGTAATGCGTACCTTACAGCACAAGCCGCAATCGACGACTGTCGCCGGGCGTTTGAGTCGCGCCGCGAAAAACTTTTCCTATCATTGAGGACTTTAAAATGA	MNVNEALSIAPEGWELISFDNMGACQYKRDSHLLKRYRNGTWVCVARANDEREYESNAYLTAQAAIDDCRRAFESRREKLFLSLRTLK	1
hypothetical protein CDS	HOV50_gp64	51313	51564	252	reverse	ATGTGTCCACGCTTAACGCGCTGTGTGGGGTACCATCCGATGGCAACAAATAAACCACACTTCCGCCTGACTACCTACGGCAAACTTAACCCTGGCGATCTGGTATGGGAGCCGCGCTGGCGGAACCTTAGACGGGCGCTAAAAGTTAAGGCGATTAAAGGTAACCGCAACGACACGTTTCTAACGATTAAGTTTATTTATGGTGAATGGATGATCCGCCAACCGACCGATAAATGTTTTGCTAGTTGGTAA	MCPRLTRCVGYHPMATNKPHFRLTTYGKLNPGDLVWEPRWRNLRRALKVKAIKGNRNDTFLTIKFIYGEWMIRQPTDKCFASW	1
hypothetical protein CDS	HOV50_gp65	51512	52165	654	reverse	ATGAAACAATCAATTATAGACGCTATCTTACGCAACGCCGAGCACAAATCCGGTATCGTCGAACGCGACAAGGCCATCTGCGCCCGTCGCTCTGCGGTGGCTGTGCGTATCCGTGACTACTTCCTGAAGCAATCCGGTCTGAGCATTGAGGAAATCTTGGCGCTCAAACGTGACGCTGATCATATCAATGACGACTTAAAAGCGTTCGGCACTGTTCACGCTCAGGTAACGAGCGATTACTTTTACGTCAACGTGTGCGGTCACAGTCACAACTTACGCATTGACGGTCTGCACTACGGCAACCGTTATGATGAGGCGCGGTCATTGTTCGCTGACAGCGGCGCTGACGTCGAGCATTGCATCGTACCCGCCTGGCCTGTTGGTGAAGGTCTGGTCTACCCGTATGAATCCGCACGCGATGAGCTTATGGCGATCGATGCCGACGCTAAGGCGCTGCGCAAGGACTACGAGAACCTTCACTCCACACTGAAAGCCCAGCTTAAGCCGTTCCGCAATGTTGCTGCGCTGTTGAAAGCCTGGCCGGAAGCGGCTGAATTAATCCCGGCGACCGAGAAACCGCAGTCAACCGAGATTGCGCTTGATGTGTCCACGCTTAACGCGCTGTGTGGGGTACCATCCGATGGCAACAAATAA	MKQSIIDAILRNAEHKSGIVERDKAICARRSAVAVRIRDYFLKQSGLSIEEILALKRDADHINDDLKAFGTVHAQVTSDYFYVNVCGHSHNLRIDGLHYGNRYDEARSLFADSGADVEHCIVPAWPVGEGLVYPYESARDELMAIDADAKALRKDYENLHSTLKAQLKPFRNVAALLKAWPEAAELIPATEKPQSTEIALDVSTLNALCGVPSDGNK	1
hypothetical protein CDS	HOV50_gp66	52165	52863	699	reverse	ATGATCATCTGGTCCCTGTTCGACGGGTCCGGCCTGATGGGTCAGCCGTGGGCGGAGGCTGGTCACACAGTCTACTGTTTCAACGCGGACGAGGGCGACCACGGGCCTTACACTAAATTCGGGTGCCGAGTGGAGCATCCAAACATTCACTACGTAAACGCCTGGATTGATAGCCTGTGGACTCTGAAGGCGATCGCGGGTGAGTGGGGAACACCGGATTTAATATTTGCGTTCCCACCGTGCACGGATTTAGCGGTATCCGGTGCGCCAGCATTCCCGCGCAAGCGTGAGAAGAATCCTGATTTTCAGATTGAGGCCACGAAGACCGCACGCATTGCCGAGGGTTTAGGGTGCTGGTTTAACGTGCCGTACATGGTGGAGAACCCGCGCGGAGTATTATCAACGCTATGGCAAAAGCCTGATTATACTTTCCAGCCGTGGGAGTTTGCCGGGTACCTGCCGGAAGATGATATTAATCCGTTCTTCCCTGAGTACATCGAAGCGCGCGACATGTATCCGAAGACTACAAACCTTTGGACGGGTAACGGCTTCCGGTATCCTGTTAAATTGCCAATACCCATCCCGCCAGGGTACAGCAAACAGTACCACAAGTTAGGCGGCAAGTCTGCGAAGACTAAAACCATCCGATCACTAACCCCGCGCGGCTTTGCCCGTGCAGTATATGAGGCTAACAAATAA	MIIWSLFDGSGLMGQPWAEAGHTVYCFNADEGDHGPYTKFGCRVEHPNIHYVNAWIDSLWTLKAIAGEWGTPDLIFAFPPCTDLAVSGAPAFPRKREKNPDFQIEATKTARIAEGLGCWFNVPYMVENPRGVLSTLWQKPDYTFQPWEFAGYLPEDDINPFFPEYIEARDMYPKTTNLWTGNGFRYPVKLPIPIPPGYSKQYHKLGGKSAKTKTIRSLTPRGFARAVYEANK	1
hypothetical protein CDS	HOV50_gp67	52860	53096	237	reverse	ATGATCGACTTTATGAAACTGCTGGAACTGGTATACATCGACGGTTTTCGCTGTGAAATCTCAAGCGATGGTGACCGCATTATGTTTGTTTGGCGTGGTTATGATGACGTGTTAGGTCAAACGTATGGTATATCGCGCGTTGTCAGTAAAATGATGTTGGAGCATGTCAACGATCCTGAAGGCGTCATACGCTGCATGGTTGACTGTGCGCGTAAAGGTCTGGAGAAAATGCAATGA	MIDFMKLLELVYIDGFRCEISSDGDRIMFVWRGYDDVLGQTYGISRVVSKMMLEHVNDPEGVIRCMVDCARKGLEKMQ	1
hypothetical protein CDS	HOV50_gp68	53093	53278	186	reverse	ATGGCATGGGCTTATTGCGAGCACTGCGGCGCGCCAGTAGTGCAACCTACCGCACGCGAAATACTGAAAGAGGAAGTGTATTGTTTATCTGGTTGCGGTAGACCTCAGACCGTGCGTGGCGATACACGTAACGATGCGATTGATGAACTGTTCGACCGACTGGAGCGGCTGGAGAAAAGACAATGA	MAWAYCEHCGAPVVQPTAREILKEEVYCLSGCGRPQTVRGDTRNDAIDELFDRLERLEKRQ	1
hypothetical protein CDS	HOV50_gp69	53280	53507	228	reverse	ATGATGACCATCGAGCAGGCTTTAGCGTTAACACCGGGCGGCTTCAAACTGTTTTACTTCATCGCTGACATGGACACCGCCTACTATCGTGATCGTAACGGTAACGAGATTCACAAGCTGCGCGGTATTTATTACGCACAATATAACGGCAAATGGTCTGGTAACTTAGACAGCCTGGAAGCGGCGCAAGCCTGGCTTAACGATAAAAAGAAATGGTGGGGGAAATAA	MMTIEQALALTPGGFKLFYFIADMDTAYYRDRNGNEIHKLRGIYYAQYNGKWSGNLDSLEAAQAWLNDKKKWWGK	1
hypothetical protein CDS	HOV50_gp70	53504	53755	252	reverse	ATGCTGCGGCTAAGGGTGGCGAAAAGTAATAAAGGGTGGGGCTTCGGCCCCCAAACTATGGCGATTAATTTAAAAGCCCGTGTGCAATACCTGGCCGAGCGGGAGGCCATAAGTCTTAGTGAGGTGGAACGGCGCGCAGGCTGGAAACGTGGCGCTCTGTTCATGGTACTGAAAGCAAACAACCCGCGCCTGAAAACTCTAACCGAGTTAGCTGCGGCGCTCAACGTAACGATAGGTGAATTAATATCATGA	MLRLRVAKSNKGWGFGPQTMAINLKARVQYLAEREAISLSEVERRAGWKRGALFMVLKANNPRLKTLTELAAALNVTIGELIS	1
hypothetical protein CDS	HOV50_gp71	53727	53912	186	reverse	ATGTCTAAATCTATCATCGCTATCGTTCTGGCTACTCTGCTGGCTGGTTGCTCTGCCAACGTCGGGTACAATCCAAACGTATCCGGTCAAACCGGGCGCGCTGAGTCGGATTCACCTAACGCGCAGCAACGCGCCGAGAACGCTCAGGCTTCCCGTGATGCTGCGGCTAAGGGTGGCGAAAAGTAA	MSKSIIAIVLATLLAGCSANVGYNPNVSGQTGRAESDSPNAQQRAENAQASRDAAAKGGEK	1
hypothetical protein CDS	HOV50_gp72	53975	54091	117	reverse	ATGCAAAGCATAATCACAGGTCTTGCCTTCTCCCTGGCGTTGTGGGTGATGTCAATGGTTGCAGTGTGGGCGGTTCTCCGGTTCGTGTTCGGTCTTCCGGTAGAACTCTGGCGTTAA	MQSIITGLAFSLALWVMSMVAVWAVLRFVFGLPVELWR	1
hypothetical protein CDS	HOV50_gp73	54212	54559	348	reverse	GTGAGTAACTTACCGAGAATTATTGCCGCCGTCGCGCACATTACAGACTTTCCGCTGGAGCGCAGCGAGCACCAGGGCGATAACATTTACTTTTGTGACGGTGCTACCCTGGTGGGTACCGAGGAAGGTCATCTGATCACCGTGTCAGTGACCGCACGCAACGGGGAAGTTTACATGGTCCGCGTGTACGGTGGGAACGCCCTTTATCACAATGCGTTAAACCGGGCTATCAAGCTGGACGAGCGTAACGGTAAATGGTACACCATGAACGGCCTTACACAAGGTATGGCATTTTCTAACCTGTACGACGCAATGAAACACTGCGGGGGGATCTATGGCTGGTTTTAA	MSNLPRIIAAVAHITDFPLERSEHQGDNIYFCDGATLVGTEEGHLITVSVTARNGEVYMVRVYGGNALYHNALNRAIKLDERNGKWYTMNGLTQGMAFSNLYDAMKHCGGIYGWF	1
hypothetical protein CDS	HOV50_gp74	54722	54985	264	reverse	ATGAATACCTTAGCACGCAAAGCACCGGAGGGTACCGACTGGTCAATCTTTGTATCAAAGGCTATGCGTCACGCAGTAGCTGACCTGGTGGACCTCGACCGACTGGAGCGTTACGACGATAACTTTTTTGCGGCTATCTTCCCGCCGCACCAGTTTACCACGACGCGCCGCCTGTTAGCTCAGCACGGCATCAAGTCCACGGTAGCCAACCGCGCTAAGATAATGCGCGAGGCTGCCCGGATGGTGAAGGAGGCCAGCCAGTGA	MNTLARKAPEGTDWSIFVSKAMRHAVADLVDLDRLERYDDNFFAAIFPPHQFTTTRRLLAQHGIKSTVANRAKIMREAARMVKEASQ	1
hypothetical protein CDS	HOV50_gp75	54982	55242	261	reverse	ATGAACAAATACCCAACGCCAGCCGAAGCGCTGGCCTATGCAGAAAACACCGGGCGCGCTAACGTGTTGCCGCTCGGCTGGGTGATAAAGGCTAACAAAGGTCACTCTATTGAGATTGAATTGTATTATGGCGCTCACCTGATGGCTGTTGCTTACCGCGATAACCTAGTACGGTTCCGCAATCTCGATAGTGTGCAATGTAATAGCTTTGATGAGGCAATGGGTAAGATTGTTCATCACGCATGGGAGATGGTGTCATGA	MNKYPTPAEALAYAENTGRANVLPLGWVIKANKGHSIEIELYYGAHLMAVAYRDNLVRFRNLDSVQCNSFDEAMGKIVHHAWEMVS	1
hypothetical protein CDS	HOV50_gp76	55245	55559	315	reverse	ATGAAAGCATTGGAAAATATTGCGGCACTGATGGCGGCAGAAAACATCAACATGCTGGATAGCGAGGCGGTGATCGCTTCTCTGAAAAAGACGGTAGCGCCTGAATATAACATCCGCGTTTACAAAGACGCGCAGTTATTCGGCAAGCACATTAGCGCCATCAAGCCAGGTGATACCGTGCTGCATAACGGCCAGGTGTGCACCGTGAGCGCCTCCAACCTGTCACGCGGTGACTTCATGGGCGCGCTGTTGTTCGGTGACTCCTACAGCCTGGGGAATAAACCGGTAATCGTTATTCTGAACGTGAGATTCTGA	MKALENIAALMAAENINMLDSEAVIASLKKTVAPEYNIRVYKDAQLFGKHISAIKPGDTVLHNGQVCTVSASNLSRGDFMGALLFGDSYSLGNKPVIVILNVRF	1
hypothetical protein CDS	HOV50_gp77	55626	55865	240	reverse	ATGCAAACTATCATCACTAAATTCCTGGCTCCTACTAATTCCCGTGGCGCTCGCATCGTTGCTAAATGCTGGAACGGTAAAGTAACTATCGCTTACCCTTGCTCTGAGATTAAAGAAGCGCACACCGAAGCGGCCAACGCTCTGATTGCAGACCTGAAAGCGCGCACTGATATTGAGTGGAAAATCATTGCCAGCGGTGAAACTCCAGACGGTACCGGATTCGCCTATATCATCCAGTAG	MQTIITKFLAPTNSRGARIVAKCWNGKVTIAYPCSEIKEAHTEAANALIADLKARTDIEWKIIASGETPDGTGFAYIIQ	1
hypothetical protein CDS	HOV50_gp78	55972	56298	327	reverse	ATGAATAATGCACGCGCTAATATTATCAACGCCCTGCACGCCCTGGAAAACGGCAAGTCAGCCGCAGAGGTCACCGCCTGGCTTCAGGATGCGATAGACCAGTTAAAGCCCGTAGTACGCCCTGCGCGCCTGCCAGCCATCGAGGGTTACATAGTATCGGAAGTGGGTCCGGTTGTGTCTGTGCGTTACCCTGACGGCGACGAGTTCGCGCGCTGCATTCTGTACACCAACTACGTGATTGTGCATCTGCGGGACCGTCCCCCGGTACATGTCAGGACGCTTGAGGATGCCATCGACTATATCAAGCTGGTGGCGGCGCTAAAGTAA	MNNARANIINALHALENGKSAAEVTAWLQDAIDQLKPVVRPARLPAIEGYIVSEVGPVVSVRYPDGDEFARCILYTNYVIVHLRDRPPVHVRTLEDAIDYIKLVAALK	1
hypothetical protein CDS	HOV50_gp79	56295	56708	414	reverse	ATGCGTAAAGTAACCGTTAACCATGCAGTAAAACAGAGTTTTAAGTATCGCAACGTGCGCCTGCAATTCACGCCGTTCTCGGTGTACCTTTCTTGTCATAACGACTGGGGGTTAACCGTTAATACCTTCAAGCTGGCGGATCGCTGCTCGTCGTTTGTTCCAAAAGAGGAGCGCCAGAAGTGGGCCGACAAGGTGCTGGCGGCGTACCTTAAATTCAAAATCCGCTATAAGTCGGAGCAGGTAGGCGTGCATACCTGGCGCGTTGCCCGTGTACATGACGACAAGCGGGTAGGCCAGATCGTTAAGGTCGGTTTTAAATATGTGGTGTGCGATGCTGGTACAGTACCGCGCCACCGCTTTAATAACTTTAACGACGCATTCAATTTTATTGTTAACGGAGGTCTGAACAAATGA	MRKVTVNHAVKQSFKYRNVRLQFTPFSVYLSCHNDWGLTVNTFKLADRCSSFVPKEERQKWADKVLAAYLKFKIRYKSEQVGVHTWRVARVHDDKRVGQIVKVGFKYVVCDAGTVPRHRFNNFNDAFNFIVNGGLNK	1
hypothetical protein CDS	HOV50_gp80	56701	57105	405	reverse	ATGCCGCATCCCAACCAGCTTAAGGGCGCGCCAGGTTATCGGCGATATACGTCTATCCCGGCGGCTATCAAAGCGGCAAGGGTGCGCTACCAGTCAACCGGAAGGCATTACGGTATTGTGCAGACGGCAGACGGTGAGATGGCTGTGCGTGTCCACCGTCCTGATAGCACTTTAAAATTTATGTGGAGTACCAGAACGTGCGCCGATGACATGCGCCACGCTGTCAATGAATGCCTCAATTACTCAAGCGTGCGCCTGTCATTCACGACAACCGGGGTCTACCTGATAGCGCCCAATGTGGAGATGTTCAAACTGGCCGATCAGGAAGGCGACCGGGAACAGTGGACGAATGACGTTATGGATCTTTTTCTAACCTGCTCAATCAAAGGCACTAATTATGCGTAA	MPHPNQLKGAPGYRRYTSIPAAIKAARVRYQSTGRHYGIVQTADGEMAVRVHRPDSTLKFMWSTRTCADDMRHAVNECLNYSSVRLSFTTTGVYLIAPNVEMFKLADQEGDREQWTNDVMDLFLTCSIKGTNYA	1
hypothetical protein CDS	HOV50_gp81	57083	57421	339	reverse	ATGAAAACTATTGCAGAGATCCGCGCCGCCCTGGTAGACCTGCTCGCACAGATTGACGACGACGGCAACTATTCAATCTTTGAGTATTACGGGCAACAGTTACACATTCCTAAAGGCTGGCGCATGGTGCGCGAGGGTAAACATACCGTAACCTATACCCTCATTGATGCCAGCAACGTAGCGTTCGGCAAGGTGCGCCGGACTACTGAGGGCCACGCCTGGGCCTACGTTGACCGCGATCCGGGCGATGCAGGGTACCACGCTACACAACTGGGAGCGCTGCAAGGACTGATAGATCGCGCCTGGGGATCAGCCGATGCCGCATCCCAACCAGCTTAA	MKTIAEIRAALVDLLAQIDDDGNYSIFEYYGQQLHIPKGWRMVREGKHTVTYTLIDASNVAFGKVRRTTEGHAWAYVDRDPGDAGYHATQLGALQGLIDRAWGSADAASQPA	1
hypothetical protein CDS	HOV50_gp82	57418	57777	360	reverse	ATGAAAACTTTAAGCTACTACCAGAACCTGCGGGATGATTATGCCTGCATTATCCCGAAGACGGCCCCGGCTTATGAGTTAATCGAGGCTTTAGACGTGCTGATTGCCAGCCTGCAACCAAAGGAGGAACAACCGCATTTCCTGGGCGTACCGGTAAACCTGCCTAAAGGCTGGGGTATCGCCATCAACCACGACAGCAACAACATCATTATTCTGAGCGACCAGCGCGGAGTCAGACGTGCCTATGTATACCGGAATATTGAAGGCAATCATGTGATCTGGTGGGACGGTAAATATAAAACCACTGTGAAAACTCAAAAAGAGGCCATCGAATGGCTTAACCGTGAGGCCAACAAATGA	MKTLSYYQNLRDDYACIIPKTAPAYELIEALDVLIASLQPKEEQPHFLGVPVNLPKGWGIAINHDSNNIIILSDQRGVRRAYVYRNIEGNHVIWWDGKYKTTVKTQKEAIEWLNREANK	1
hypothetical protein CDS	HOV50_gp83	57774	58028	255	reverse	ATGACAGAGTTCGAGAAGTGGATCAACAACGCCCACATGACTGATAAGGATAGCGACCCGACGCAGCGCAACAAGGCCAATCCTTACACGCATCCTTACACTAACGGCGCGTTTGACCTGCTCAACAGTGAGCTAATCAAAGAGCTATTAGTTAACGCGTGGTTTGCTGGTCATGAAACGTCGCAGTATTCGCCCAACGCTTACGGCGACGCAAAGCGCCACGCCCGTGAGGCAATCGAGGGATTAACCAAATGA	MTEFEKWINNAHMTDKDSDPTQRNKANPYTHPYTNGAFDLLNSELIKELLVNAWFAGHETSQYSPNAYGDAKRHAREAIEGLTK	1
hypothetical protein CDS	HOV50_gp84	58025	58201	177	reverse	ATGCAAACAATCAGTAACATCAAATTAAAGTTTATCGGGCATACAGTGATATTAATTACCACGTTTGCCCCAGGTGCTACTATCGGCCAGGTGCTCAGCCACACCTATGAGCCGTCGCAGCGTGACATGTGGATTGATGCGGTCATCGCTAAAATACTGGAGGGTAAATTCAAATGA	MQTISNIKLKFIGHTVILITTFAPGATIGQVLSHTYEPSQRDMWIDAVIAKILEGKFK	1
hypothetical protein CDS	HOV50_gp85	58185	58475	291	reverse	ATGCAAAATAAATTATTACAGCAATTCTATAACGACTATGCCGCCTGGCTGGATAAAGGCGCGCCGGAAGGCCAGCCGTTCTATCGTCACGTTGGATTATGTATGTCAGTCACGCAAGCGCCGTATTGCCTGCCGCGCTGGCATATTAAGAAGCAACTGGAAGAGGCTGGACTCGATCCGATCTACCCGTTCGGCGGTGAATACCGATTCGAAATAGAGTTTGACGGCGCGACCATGCACCTTAACCATGAGCGCATCAAGTGGGTAAAAGACCATGCAAACAATCAGTAA	MQNKLLQQFYNDYAAWLDKGAPEGQPFYRHVGLCMSVTQAPYCLPRWHIKKQLEEAGLDPIYPFGGEYRFEIEFDGATMHLNHERIKWVKDHANNQ	1
hypothetical protein CDS	HOV50_gp86	58465	58752	288	reverse	ATGCACAATAAAAACTTACAGCAATTCTATAACGACTACGCGGCCTGGCTTGATGCTGGCGCGCCGGAAGACGATAAGCAATTTACGCGCGGCGAGGGTTTATGCTCGCAAGCAATGAAACGACCGTACCGCGTACCTCTTAACGAAATTAAAAAACAGTTTGCGGAGGCCGGACTCGATTCATTATACCCGTTCGGCGGCGTGCCTCAGTTCGATATAGATTTAGAGAATCGGGCTATGCACCTCAACCCTTTACGCGTTCAATGGGTGAAAGACCATGCAAAATAA	MHNKNLQQFYNDYAAWLDAGAPEDDKQFTRGEGLCSQAMKRPYRVPLNEIKKQFAEAGLDSLYPFGGVPQFDIDLENRAMHLNPLRVQWVKDHAK	1
hypothetical protein CDS	HOV50_gp87	58742	59029	288	reverse	ATGAATAAATTATTACAGGCATTCTATAACGCATACGCCGCGTGGCTTGACGCTGGCGCGCCACACAAACAACCGTTTTATCGAGACGCTGGGTTATGTCATAACCTGGGGAAGTTCGGCGGCGACCGTGACGCTTATATCGAGATGGGTCGCCAGTTCGAGGCGGCTGGTCTTGATTTTCAGTATCCTTTCAATGACGGTGAGGCGGATTATCTTACTAAGTCATTCAATAGCGACCATCACATCAACCCTTTACGCATCAAGTGGGTAAAAGACCATGCACAATAA	MNKLLQAFYNAYAAWLDAGAPHKQPFYRDAGLCHNLGKFGGDRDAYIEMGRQFEAAGLDFQYPFNDGEADYLTKSFNSDHHINPLRIKWVKDHAQ	1
hypothetical protein CDS	HOV50_gp88	59026	59196	171	reverse	ATGAAGCCTTACGTGCTTTGCGCAAAATATAACAGCCGGGTGACCACCCTGTTTAAAATCACCCTGTACGGCGGGGAGTCCCTCGCCACTGTAGTGAGCCGCATTAAAGCCCAGCGTGACCGGGCGCGGCTGGTAGGCATCCACTTAGCAATCGAGGACTTATTGAAATGA	MKPYVLCAKYNSRVTTLFKITLYGGESLATVVSRIKAQRDRARLVGIHLAIEDLLK	1
hypothetical protein CDS	HOV50_gp89	59165	59461	297	reverse	ATGACCAATCAAATTATCGACGCTGAAGACGCGCGCTACTTCCGCAAACTGGCACTGCGCCCCACCCTGGCCGCTATCTGTCAGCAAATCTTTAACGCTGGTTTCGATGTGCGCAACAAAATAGCGGCAATGGGTACGCTCAGCCAGCGCGATTATGACTACTGGCAGGAGTTCATTGCCTGCGCATTGCCGAGCGACTGGCTAGTATGGGCCAACGAGGATTGCGTAAGCCACCACATGAAAATTGAAATGACGGAATACTACAATGAAGCCTTACGTGCTTTGCGCAAAATATAA	MTNQIIDAEDARYFRKLALRPTLAAICQQIFNAGFDVRNKIAAMGTLSQRDYDYWQEFIACALPSDWLVWANEDCVSHHMKIEMTEYYNEALRALRKI	1
hypothetical protein CDS	HOV50_gp90	59509	60306	798	reverse	ATGACTAATATCACTTTCCTGATCCAGACTGCCGAACGTATGATTCGCGACAACACAACTACTATCGGCGCTATCTGTGCTGAGTGGAACCGCATTAACTTCGAAGCTAACACCGGGTTGTCTTTCTCCACCCCGACACGTCGCGCTAAGCTGATTGAGCGCCTGGAGGCGGCCATCATTGAGCTTAATTCCCGCGATTCCCGCATGGGCTGGGACGGCAAGGACAACCGCGAGTTTTCCGGTAACTCCATTGCCGCCGCTCATGATGAAGCGTTTAAAATGGACCGCGAGCGCACCGCTAACCTGCTGGCAGGTATGGCGCAGCGTATCGTAGACGGTCACGACGCACGCATCACCAATCACAATGACCTGTGTGACCTGGCGAAAGCGCCGCAGCATTTATATGCTGGTGAAGAACTGGACCTGACTGTAGCGTTTAACCGCAAAGAGTTTGAGCGTAAGCAACAGCAACTGACCGACTTCATCAATAAAGAAACACCGCGCTACTTCGTGGCTGACTCCGTATACAAGGTGAGCAAGTCAGGTTTCGTTTATCGCTGGGTTAACGAGTCGCGCGAGTGGGTCGACATTCAGATCGGTATCCGCAACCTCATCAACATGGGCGCGCTGGAGGTAACAGAGGCAGACATCAACGCTTACACCACTATCACCAACGGGCGCGCCGTGTACAGCACTGACAAAGGTCGTCACTTCGTAATGCTCGACGGTAAGCACCTGTACGAGTTCGACGACGAATACAACGCTGTGAGCTACGCCAACCGCATTAACGGCTTATAA	MTNITFLIQTAERMIRDNTTTIGAICAEWNRINFEANTGLSFSTPTRRAKLIERLEAAIIELNSRDSRMGWDGKDNREFSGNSIAAAHDEAFKMDRERTANLLAGMAQRIVDGHDARITNHNDLCDLAKAPQHLYAGEELDLTVAFNRKEFERKQQQLTDFINKETPRYFVADSVYKVSKSGFVYRWVNESREWVDIQIGIRNLINMGALEVTEADINAYTTITNGRAVYSTDKGRHFVMLDGKHLYEFDDEYNAVSYANRINGL	1
hypothetical protein CDS	HOV50_gp91	60358	60540	183	reverse	ATGGCACGTATCACTAAAGCGCTCAAAGTAGTAAATAAGGAAAACGTTGTGACCATTCTGACTATGTGGGGTTACAACGAGGCCAGCGCTAAGGCTAAAGTCGAAGCAGGTTACGACCTGGCGATCAAGGCGCTGCCTAACGATGACGCCAAAGGGATTGCGACCTACGTATCTTTCTATTAA	MARITKALKVVNKENVVTILTMWGYNEASAKAKVEAGYDLAIKALPNDDAKGIATYVSFY	1
hypothetical protein CDS	HOV50_gp92	60636	61352	717	reverse	ATGACCATCAACATTGACGACATCATGAACCACTACGGGGCCGACCTGGTAGATGACGCCGTGGACGGGGCACAACTTCCGACGCGCAAGGCTGCCGTATTCCTCGCGAAGAATCCTTGCCGCCATTGTGGGGAGCGCGAGCGCTACGTTTCCAGCCGTGGGTGTGTGCAGTGTGCAAGGGATAAGAATGTGAGCAGGGAATACCAGAAAGCTAAATTAGCCAGGGAGATCGCTGTACATAAAGGCGAGAGCACATACACCGGGCGACCGTGTAAGGTGTGCAGCAATACAATCAAGTATACGCTTAACGCCGGGTGTACACATTGTGCAGCGGTAAAGCGTGATGCGTTCCGGCGTAACCGTGCGAAGGCTTATCATTCTGATGACTCTTTAATCATGTGGGTCAACCATGCGCCAGCTAAAGGCTGTGAGCATTACTATCAGCAAATCCCAGCCCTGGCCGCTCGACCGGACGGCGGTCAATGGTCGGTTCGTTACACTGACGCGAAACATTTGATGCCTGGTGGCGATCGCCTCCTTACTGGTCGGGATGTAATGGAAAGACCGGAGTTTGCACAGTGGTTATTAAACGAAATGGTAATGGGTGTGCAACGTGCTGGAGGTCATCACGACATCCTGCCACATATCGCCGCACCATTAAGAGCGGCTTACCTCGACTACTGCCGCCGCCGTAAGGAAACACGCAAAAAGTGTTAA	MTINIDDIMNHYGADLVDDAVDGAQLPTRKAAVFLAKNPCRHCGERERYVSSRGCVQCARDKNVSREYQKAKLAREIAVHKGESTYTGRPCKVCSNTIKYTLNAGCTHCAAVKRDAFRRNRAKAYHSDDSLIMWVNHAPAKGCEHYYQQIPALAARPDGGQWSVRYTDAKHLMPGGDRLLTGRDVMERPEFAQWLLNEMVMGVQRAGGHHDILPHIAAPLRAAYLDYCRRRKETRKKC	1
